date,open,high,low,close,adjusted close,volume,dividend amount,split coefficient,ticker
2019-10-31,168.51,168.56,163.55,164.99,164.99,2639274,0,1,MMM
2019-10-30,168.23,168.57,167.03,168.37,168.37,1780100,0,1,MMM
2019-10-29,168.03,169.95,167.51,168.81,168.81,2669200,0,1,MMM
2019-10-28,166.48,169.71,166.2,169.06,169.06,3137500,0,1,MMM
2019-10-25,162.51,167.63,162.13,166.09,166.09,3104700,0,1,MMM
2019-10-24,165.16,165.25,159.63,161.89,161.89,5953300,0,1,MMM
2019-10-23,167.41,168.76,166.56,168.76,168.76,2712300,0,1,MMM
2019-10-22,166.27,168.91,165.1,167.54,167.54,2064000,0,1,MMM
2019-10-21,165.47,166.15,164.76,165.94,165.94,1998600,0,1,MMM
2019-10-18,163.56,164.27,162.98,163.1,163.1,2693700,0,1,MMM
2019-10-17,163.14,165.49,163.08,163.54,163.54,1944600,0,1,MMM
2019-10-16,163.1,164.2,162.12,162.18,162.18,1935200,0,1,MMM
2019-10-15,159.35,164.02,159.35,162.98,162.98,3098600,0,1,MMM
2019-10-14,158.04,162.39,157.34,160.51,160.51,3269800,0,1,MMM
2019-10-11,154.13,159.6,154.11,158.1,158.1,4670200,0,1,MMM
2019-10-10,150.95,153.09,150.87,152.31,152.31,3192000,0,1,MMM
2019-10-09,152.34,152.44,150.79,150.99,150.99,3358600,0,1,MMM
2019-10-08,152.33,152.8,150.58,150.74,150.74,2781800,0,1,MMM
2019-10-07,155,155.35,153.52,153.52,153.52,2471200,0,1,MMM
2019-10-04,155.23,156.05,154.4,155.82,155.82,2646400,0,1,MMM
2019-10-03,155.14,155.46,150.81,155.23,155.23,3025700,0,1,MMM
2019-10-02,157.06,157.22,154.63,155.65,155.65,2972300,0,1,MMM
2019-10-01,165,165.21,158.17,158.38,158.38,3271500,0,1,MMM
2019-09-30,165.21,165.57,163.94,164.4,164.4,2508500,0,1,MMM
2019-09-27,164.48,165.64,163.52,164.53,164.53,2870300,0,1,MMM
2019-09-26,164,164.41,162.8,163.83,163.83,2763300,0,1,MMM
2019-09-25,164.76,164.98,163.69,164,164,2758200,0,1,MMM
2019-09-24,167.05,167.55,164.16,164.74,164.74,2986800,0,1,MMM
2019-09-23,165.49,167.43,164.5,166.76,166.76,1938600,0,1,MMM
2019-09-20,167.43,169.17,166.48,166.76,166.76,3698900,0,1,MMM
2019-09-19,167.39,168.81,166.91,167.07,167.07,1623000,0,1,MMM
2019-09-18,167.61,168.05,165.25,167.44,167.44,2096700,0,1,MMM
2019-09-17,167.76,168.57,166.5,168.07,168.07,2716400,0,1,MMM
2019-09-16,171.21,171.21,167.91,169.67,169.67,2459300,0,1,MMM
2019-09-13,170.59,172.48,169.86,171.44,171.44,2534200,0,1,MMM
2019-09-12,169.62,171.85,168.61,170.58,170.58,2870400,0,1,MMM
2019-09-11,169.86,169.89,165.37,168.08,168.08,3579100,0,1,MMM
2019-09-10,166.16,169.1,166.01,168.86,168.86,3240200,0,1,MMM
2019-09-09,165,167.85,164.69,165.94,165.94,3091300,0,1,MMM
2019-09-06,164.64,164.88,162.95,163.94,163.94,1762300,0,1,MMM
2019-09-05,162.5,166.41,162.39,164.23,164.23,2421400,0,1,MMM
2019-09-04,159.83,160.63,158.99,160.07,160.07,1506600,0,1,MMM
2019-09-03,161.4,161.63,157.26,158.64,158.64,1835800,0,1,MMM
2019-08-30,161.57,162.15,160.41,161.72,161.72,1967000,0,1,MMM
2019-08-29,159.3,161.03,159.05,160.36,160.36,3170500,0,1,MMM
2019-08-28,155.1,157.78,154,157.55,157.55,2346900,0,1,MMM
2019-08-27,157.33,157.48,155.4,155.75,155.75,2281100,0,1,MMM
2019-08-26,157.01,157.47,155.08,156.12,156.12,2215300,0,1,MMM
2019-08-23,160.08,160.35,155.27,155.85,155.85,4223900,0,1,MMM
2019-08-22,162,162.93,160.15,160.88,160.88,1441600,0,1,MMM
2019-08-21,162.69,163.65,161.05,161.15,161.15,1623600,0,1,MMM
2019-08-20,163.11,163.11,160.96,161.01,161.01,2061700,0,1,MMM
2019-08-19,163.71,163.95,161.78,162.95,162.95,3198000,0,1,MMM
2019-08-16,157.84,161.91,155.63,161.5,161.5,3481800,0,1,MMM
2019-08-15,158.06,159.7,155.63,156.84,156.84,4452700,1.44,1,MMM
2019-08-14,162.5,162.87,158.67,158.81,157.37,4056100,0,1,MMM
2019-08-13,162.56,167.88,162.15,164.88,163.385,3244600,0,1,MMM
2019-08-12,163.02,164.78,161.55,162.1,160.6302,1473800,0,1,MMM
2019-08-09,164.54,164.75,162.03,163.47,161.9877,1582100,0,1,MMM
2019-08-08,164.37,165.49,163.55,164.22,162.731,3260100,0,1,MMM
2019-08-07,162,163.95,158.034,163.64,162.1562,5993200,0,1,MMM
2019-08-06,164.82,165.48,162.905,163.71,162.2256,3494800,0,1,MMM
2019-08-05,168.95,169.02,164.42,164.71,163.2165,2894700,0,1,MMM
2019-08-02,172.8551,172.92,169.81,170.55,169.0036,2423100,0,1,MMM
2019-08-01,174.7958,177.67,173.03,173.36,171.7881,2381200,0,1,MMM
2019-07-31,177.65,178.02,173.4,174.72,173.1357,3015800,0,1,MMM
2019-07-30,175.66,177.81,173.8,177.63,176.0194,1978900,0,1,MMM
2019-07-29,173.8328,177.62,173.66,176.76,175.1572,2638900,0,1,MMM
2019-07-26,177.63,178.39,170.57,173.98,172.4025,4016100,0,1,MMM
2019-07-25,187.01,187.72,176.66,178.13,176.5148,7362000,0,1,MMM
2019-07-24,176.93,180.29,176.2676,179.42,177.7931,3532300,0,1,MMM
2019-07-23,176,178.02,175.65,177.52,175.9104,2360700,0,1,MMM
2019-07-22,172.81,175.21,172.13,174.64,173.0565,2004400,0,1,MMM
2019-07-19,172.9976,173.99,172.21,172.61,171.0449,2360300,0,1,MMM
2019-07-18,174.4055,175.14,172.4,173.06,171.4908,2221800,0,1,MMM
2019-07-17,176.35,176.49,174.1,174.67,173.0862,2947400,0,1,MMM
2019-07-16,172.75,177.25,172.72,176.49,174.8897,3918900,0,1,MMM
2019-07-15,173.38,174.25,171.21,172.84,171.2728,2187500,0,1,MMM
2019-07-12,170.1,173.36,169.25,173.34,171.7682,3160700,0,1,MMM
2019-07-11,166.3,169.09,165.87,169.04,167.5072,2814800,0,1,MMM
2019-07-10,166.19,167.32,165.57,165.7,164.1975,2661700,0,1,MMM
2019-07-09,166.82,167.45,164.29,165.7,164.1975,4536100,0,1,MMM
2019-07-08,169.92,170.48,168.7693,169.19,167.6559,2285300,0,1,MMM
2019-07-05,173,173.28,169.725,172,170.4404,1740500,0,1,MMM
2019-07-03,174.17,175.04,172.93,174.98,173.3934,1170700,0,1,MMM
2019-07-02,175.1,175.1,173.07,174.02,172.4421,1555400,0,1,MMM
2019-07-01,175.46,175.78,173.52,174.51,172.9276,2106700,0,1,MMM
2019-06-28,171.85,174.37,171.77,173.34,171.7682,3600800,0,1,MMM
2019-06-27,172.51,172.79,170.65,171.5,169.9449,1718500,0,1,MMM
2019-06-26,172.3412,173.24,171.719,171.88,170.3215,1812200,0,1,MMM
2019-06-25,173.25,173.39,171.275,172.03,170.4701,2733200,0,1,MMM
2019-06-24,173.35,174.34,173.34,173.38,171.8079,2711900,0,1,MMM
2019-06-21,173.75,174.56,172.63,173.35,171.7782,4880800,0,1,MMM
2019-06-20,172.87,174.287,171.7,173.94,172.3628,3064200,0,1,MMM
2019-06-19,171.88,172.81,170.546,170.75,169.2017,2777400,0,1,MMM
2019-06-18,167.85,172.267,167.57,171.86,170.3017,3623000,0,1,MMM
2019-06-17,167.1,167.43,166.457,166.78,165.2677,1783300,0,1,MMM
2019-06-14,168.256,168.25,166.05,166.69,165.1786,2719200,0,1,MMM
2019-06-13,169.36,169.9,167.87,168.85,167.319,2141500,0,1,MMM
2019-06-12,169.8793,170.15,168.59,169.01,167.4775,2166400,0,1,MMM
2019-06-11,169.91,170.36,168.5,168.91,167.3784,2227200,0,1,MMM
2019-06-10,168.11,170.22,167.87,168.29,166.764,2257600,0,1,MMM
2019-06-07,165.56,167.09,164.64,166.61,165.0993,2017700,0,1,MMM
2019-06-06,164,166.35,162.46,164.72,163.2264,3581800,0,1,MMM
2019-06-05,165.14,165.83,162.88,163.85,162.3643,3161600,0,1,MMM
2019-06-04,161.73,165.09,161.58,164.29,162.8003,3746800,0,1,MMM
2019-06-03,159.75,161.5,159.32,160.04,158.5888,3726500,0,1,MMM
2019-05-31,159.8418,160.74,159.63,159.75,158.3015,3521900,0,1,MMM
2019-05-30,161.4,162.27,160,160.58,159.124,2478700,0,1,MMM
2019-05-29,163.01,163.8028,160.5,161.4,159.9365,3669000,0,1,MMM
2019-05-28,166.8,166.99,163.35,163.35,161.8689,4875100,0,1,MMM
2019-05-24,166.34,167.4168,165.32,166.09,164.584,2366900,0,1,MMM
2019-05-23,167.58,168.3,164.585,165.87,164.366,3830200,1.44,1,MMM
2019-05-22,167.43,170.76,166.46,169.74,166.774,4504200,0,1,MMM
2019-05-21,167.01,167.42,166.18,167.3,164.3766,4148200,0,1,MMM
2019-05-20,167.96,167.96,165.61,166.25,163.3449,4374600,0,1,MMM
2019-05-17,170,170.26,168.43,169.09,166.1353,4595000,0,1,MMM
2019-05-16,174.39,174.3842,171.36,171.81,168.8078,4039500,0,1,MMM
2019-05-15,174.02,175.65,173.651,174.12,171.0774,3015500,0,1,MMM
2019-05-14,174.79,176.97,174.51,175.21,172.1484,4014000,0,1,MMM
2019-05-13,173.935,174.58,172.7836,174.07,171.0283,5916700,0,1,MMM
2019-05-10,175.02,176.33,173.01,175.86,172.787,5012300,0,1,MMM
2019-05-09,177.3,177.4137,174.18,175.28,172.2171,5098200,0,1,MMM
2019-05-08,179.4992,180.525,178.5,178.59,175.4693,2990500,0,1,MMM
2019-05-07,181.8244,181.9,177.81,179.12,175.99,5415600,0,1,MMM
2019-05-06,182.04,183.106,180.13,183.04,179.8415,6517600,0,1,MMM
2019-05-03,185.81,186.685,184.089,185.22,181.9834,4747700,0,1,MMM
2019-05-02,184.5,186.5,183.38,184.75,181.5217,5654900,0,1,MMM
2019-05-01,189.49,189.71,185.92,186.07,182.8186,3818500,0,1,MMM
2019-04-30,190.86,190.86,186.548,189.51,186.1985,4541000,0,1,MMM
2019-04-29,191.52,192.19,189.7339,190.21,186.8863,3803400,0,1,MMM
2019-04-26,190.53,192.2442,189.36,191.67,188.3207,4491300,0,1,MMM
2019-04-25,197.54,198.96,189.6,190.72,187.3873,14646200,0,1,MMM
2019-04-24,219,219.75,218.0839,219.08,215.2518,2048900,0,1,MMM
2019-04-23,218.01,219.55,217.18,219.5,215.6644,1561800,0,1,MMM
2019-04-22,217.3,219.4,217.27,218.54,214.7212,1403500,0,1,MMM
2019-04-18,217.98,219.67,217.62,218.88,215.0553,1780100,0,1,MMM
2019-04-17,217.63,219.33,217.175,217.64,213.8369,1977600,0,1,MMM
2019-04-16,216.59,217.67,215.48,216.9,213.1099,1549600,0,1,MMM
2019-04-15,216.84,217.36,214.9,215.83,212.0586,1483300,0,1,MMM
2019-04-12,215.1,217.49,214.35,217.42,213.6208,1922400,0,1,MMM
2019-04-11,211.71,213.7132,211.44,213.53,209.7988,1181200,0,1,MMM
2019-04-10,212.42,212.71,210.72,212.11,208.4036,1348600,0,1,MMM
2019-04-09,214.42,214.57,211.82,211.96,208.2562,1516500,0,1,MMM
2019-04-08,214.71,215.07,213.4458,215.02,211.2627,1130000,0,1,MMM
2019-04-05,215.88,216.49,214.8,215.41,211.6459,1391100,0,1,MMM
2019-04-04,213.5,215.27,212.325,215.03,211.2726,1560900,0,1,MMM
2019-04-03,212.9457,213.93,212.44,213.13,209.4057,1570000,0,1,MMM
2019-04-02,212.24,212.7,210.9864,212.13,208.4232,1413500,0,1,MMM
2019-04-01,209.89,212.39,209.255,211.94,208.2365,2588400,0,1,MMM
2019-03-29,209.29,209.495,206.2,207.78,204.1492,2858300,0,1,MMM
2019-03-28,208,208.74,206.64,208.53,204.8861,1670600,0,1,MMM
2019-03-27,207.4,207.942,205.129,207.16,203.5401,2004000,0,1,MMM
2019-03-26,205,207.64,204.77,207.24,203.6187,1895600,0,1,MMM
2019-03-25,203.46,205.47,202.25,203.21,199.6591,2020600,0,1,MMM
2019-03-22,208.29,208.49,204.47,204.66,201.0838,2716100,0,1,MMM
2019-03-21,206.8,210.16,205.97,209.61,205.9473,2288100,0,1,MMM
2019-03-20,209,210.51,207.2885,208.3,204.6601,1734600,0,1,MMM
2019-03-19,209.1,210.54,208.315,209.02,205.3676,2351600,0,1,MMM
2019-03-18,208.44,208.6,205.612,208.49,204.8468,1843600,0,1,MMM
2019-03-15,208.4,208.66,206.7983,208.08,204.444,4394700,0,1,MMM
2019-03-14,206.7,207.45,205.73,207.38,203.7562,1793400,0,1,MMM
2019-03-13,206.83,207.3,205.63,206.66,203.0488,2036700,0,1,MMM
2019-03-12,207.84,208.39,205.375,205.8,202.2038,2115100,0,1,MMM
2019-03-11,201.88,207.16,201.66,207.1,203.4811,2385300,0,1,MMM
2019-03-08,198.38,201.17,198,200.89,197.3796,1724500,0,1,MMM
2019-03-07,202.56,202.56,198.5105,199.86,196.3676,3339600,0,1,MMM
2019-03-06,204.73,204.79,202.76,202.8,199.2563,1825300,0,1,MMM
2019-03-05,205.58,207.2467,203.84,203.84,200.2781,2744500,0,1,MMM
2019-03-04,208.99,209.98,205.738,206.86,203.2453,1989900,0,1,MMM
2019-03-01,208.81,209.76,206.9,207.49,203.8643,1754400,0,1,MMM
2019-02-28,209.05,209.05,206.96,207.39,203.7661,2121700,0,1,MMM
2019-02-27,209.6,209.6838,208.16,209.03,205.3774,1540600,0,1,MMM
2019-02-26,210.58,211.59,209.37,209.38,205.7213,1671300,0,1,MMM
2019-02-25,210.4612,211.35,210.34,210.58,206.9003,2183500,0,1,MMM
2019-02-22,207.77,209.6546,207.15,209.35,205.6918,1534200,0,1,MMM
2019-02-21,208.16,209.11,207.25,207.77,204.1394,1737600,0,1,MMM
2019-02-20,208.93,208.97,207.32,208.53,204.8861,1879100,0,1,MMM
2019-02-19,207.91,209.15,207.39,208.41,204.7682,1534400,0,1,MMM
2019-02-15,206.46,208.97,206.002,208.86,205.2104,2000400,0,1,MMM
2019-02-14,206.5921,207.12,204.05,204.93,201.349,2229700,1.44,1,MMM
2019-02-13,207.09,210.4,206.59,209.72,204.6405,2967300,0,1,MMM
2019-02-12,202.87,206.79,202.19,206.57,201.5668,2623000,0,1,MMM
2019-02-11,200.93,201.2,199.64,200.91,196.0439,1513500,0,1,MMM
2019-02-08,199.22,199.85,197.9,199.82,194.9803,1451800,0,1,MMM
2019-02-07,201.02,202.3961,198.855,199.84,194.9998,1949400,0,1,MMM
2019-02-06,201.22,203.08,200.25,202.57,197.6637,1672400,0,1,MMM
2019-02-05,200.72,201.13,199.725,201.12,196.2488,2036900,0,1,MMM
2019-02-04,199.01,200.26,196.25,200.21,195.3609,1973600,0,1,MMM
2019-02-01,201.49,201.77,198.29,199.16,194.3363,2239400,0,1,MMM
2019-01-31,198.8,200.89,197.74,200.3,195.4487,3338400,0,1,MMM
2019-01-30,198.22,200.1151,194.63,199.27,194.4436,2168100,0,1,MMM
2019-01-29,195.01,199.8936,194.2,196.95,192.1798,4311100,0,1,MMM
2019-01-28,193.14,193.45,191.07,193.2,188.5206,3156600,0,1,MMM
2019-01-25,194.72,197.16,194.46,195.9,191.1552,2320100,0,1,MMM
2019-01-24,192.26,193.165,191.51,192.52,187.8571,1582800,0,1,MMM
2019-01-23,192.63,194,190.275,192.29,187.6327,1652900,0,1,MMM
2019-01-22,194.22,194.49,190.43,192.26,187.6034,2709600,0,1,MMM
2019-01-18,194.34,196.4,192.36,195.86,191.1162,2746600,0,1,MMM
2019-01-17,188.56,192.9,187.895,191.71,187.0667,1978900,0,1,MMM
2019-01-16,188.51,190.44,188.42,189.48,184.8907,2492100,0,1,MMM
2019-01-15,188.84,190.676,187.86,188.94,184.3638,2737300,0,1,MMM
2019-01-14,190.64,192.83,189.8,192.17,187.5156,1914400,0,1,MMM
2019-01-11,191.84,192.69,190.86,192.21,187.5546,2359900,0,1,MMM
2019-01-10,190.87,193.81,189.4,193.6,188.9109,1939300,0,1,MMM
2019-01-09,193.25,193.94,191.382,192.3,187.6424,2163600,0,1,MMM
2019-01-08,193,194.1202,189.58,191.68,187.0374,2479800,0,1,MMM
2019-01-07,191.36,192.3,188.66,190.88,186.2568,2162200,0,1,MMM
2019-01-04,186.75,191.98,186.0129,191.32,186.6862,2995100,0,1,MMM
2019-01-03,188.28,188.28,182.89,183.76,179.3093,3358200,0,1,MMM
2019-01-02,187.82,190.99,186.7,190.95,186.3251,2475200,0,1,MMM
2018-12-31,190.34,191.65,188.4846,190.54,185.925,1804400,0,1,MMM
2018-12-28,191.81,192.3,188.57,189.37,184.7834,2311400,0,1,MMM
2018-12-27,183.5,190.7,182.8844,190.7,186.0812,2809000,0,1,MMM
2018-12-26,179.38,186.33,176.87,186.26,181.7487,2925500,0,1,MMM
2018-12-24,181.89,183.54,178.51,178.62,174.2937,2249500,0,1,MMM
2018-12-21,187.86,190.5,183.64,183.75,179.2995,6699200,0,1,MMM
2018-12-20,189.11,191.12,185.5,187.38,182.8416,3609200,0,1,MMM
2018-12-19,196,198.2173,189.7,189.96,185.3591,3266500,0,1,MMM
2018-12-18,193.39,196.92,193.15,194.56,189.8477,2636300,0,1,MMM
2018-12-17,195.84,198.245,191.85,192.82,188.1498,2547600,0,1,MMM
2018-12-14,200.12,201.57,195.85,196.1,191.3504,2473200,0,1,MMM
2018-12-13,201.43,202.4,199.521,202.13,197.2343,1831700,0,1,MMM
2018-12-12,200.6,202.62,199.7,199.81,194.9705,1919000,0,1,MMM
2018-12-11,201.26,202,196.14,197.46,192.6775,1828900,0,1,MMM
2018-12-10,198.36,198.95,193.64,198.32,193.5166,1980300,0,1,MMM
2018-12-07,202.62,204.37,197.01,198.24,193.4386,2254500,0,1,MMM
2018-12-06,199.61,203.08,198.19,202.68,197.771,2991800,0,1,MMM
2018-12-04,208.06,208.55,202.09,202.2,197.3026,2698700,0,1,MMM
2018-12-03,211.21,211.95,207.05,208.76,203.7038,2493400,0,1,MMM
2018-11-30,204.36,207.92,203.98,207.92,202.8841,3171900,0,1,MMM
2018-11-29,203.87,205.84,202.6519,204.56,199.6055,1569200,0,1,MMM
2018-11-28,201.99,204.35,199.42,204.34,199.3908,2184400,0,1,MMM
2018-11-27,199.12,201.32,196.779,200.69,195.8292,2079600,0,1,MMM
2018-11-26,198.57,201.835,197.32,199.86,195.0193,2321000,0,1,MMM
2018-11-23,197.76,198.68,196.79,196.8,192.0334,999900,0,1,MMM
2018-11-21,199.68,201.18,198.66,198.69,193.8777,1832700,1.36,1,MMM
2018-11-20,203.58,204.135,200.1769,200.51,194.3265,2677200,0,1,MMM
2018-11-19,207.83,208.05,204.371,205.58,199.2402,3220400,0,1,MMM
2018-11-16,203.2472,209.77,202.604,209,202.5547,2620400,0,1,MMM
2018-11-15,197.73,205.13,196.24,204.91,198.5908,3157500,0,1,MMM
2018-11-14,200.8,201.04,196.29,198.06,191.9521,2797700,0,1,MMM
2018-11-13,197.52,200.88,197.16,198.37,192.2525,2168800,0,1,MMM
2018-11-12,200.57,200.77,196.5,197.04,190.9635,2770000,0,1,MMM
2018-11-09,203.9946,204,199.697,201.1,194.8983,2429300,0,1,MMM
2018-11-08,201,204.27,200.73,204.07,197.7767,2534000,0,1,MMM
2018-11-07,197.19,201.4,195.41,201.29,195.0824,2444400,0,1,MMM
2018-11-06,193.27,195.5,193,195.3,189.2772,1900200,0,1,MMM
2018-11-05,193.5,194.56,192.21,193.25,187.2904,2886500,0,1,MMM
2018-11-02,193.66,194.47,191.6,192.81,186.864,3069600,0,1,MMM
2018-11-01,190.61,193.21,190.09,192.22,186.2922,2242800,0,1,MMM
2018-10-31,190.7,192.12,189.665,190.26,184.3926,2845100,0,1,MMM
2018-10-30,186.8341,190.08,185,189.81,183.9565,2919600,0,1,MMM
2018-10-29,187.85,188.88,183.16,185.79,180.0605,2867600,0,1,MMM
2018-10-26,183.31,186.655,181.98,184.95,179.2464,3546200,0,1,MMM
2018-10-25,186.57,187.48,182.36,184.99,179.2851,3535200,0,1,MMM
2018-10-24,192.1,192.96,183.97,184.54,178.849,5003500,0,1,MMM
2018-10-23,188.8,194.89,184.5,192.55,186.612,8255600,0,1,MMM
2018-10-22,201.25,203.4,199.69,201.36,195.1503,3263300,0,1,MMM
2018-10-19,200.1113,201.1,198.37,199.85,193.6869,3167300,0,1,MMM
2018-10-18,202.34,202.52,198.4051,200.38,194.2005,2339400,0,1,MMM
2018-10-17,201.79,203.77,200.445,202.93,196.6719,1824200,0,1,MMM
2018-10-16,200.46,202.52,199.23,202.33,196.0904,1939500,0,1,MMM
2018-10-15,197.82,200.7,197.418,198.94,192.8049,1812800,0,1,MMM
2018-10-12,200.87,202.55,195.93,198.23,192.1168,2798100,0,1,MMM
2018-10-11,201.15,202.91,196.5,196.73,190.6631,3497200,0,1,MMM
2018-10-10,209.19,209.19,201.55,202.15,195.9159,3525200,0,1,MMM
2018-10-09,212.68,213.11,209.635,210.42,203.9309,2947400,0,1,MMM
2018-10-08,213.13,214.58,212.26,214.37,207.7591,1666700,0,1,MMM
2018-10-05,214.35,215.03,211.06,213.19,206.6155,2140300,0,1,MMM
2018-10-04,214.85,215.66,212.035,213.84,207.2454,1682500,0,1,MMM
2018-10-03,216,217.34,214.94,215.76,209.1062,2139200,0,1,MMM
2018-10-02,212.38,215.84,212.1,215.71,209.0578,1749400,0,1,MMM
2018-10-01,212.4,213.4,211.31,212.19,205.6463,1828800,0,1,MMM
2018-09-28,209.53,211.275,208.87,210.71,204.212,2500200,0,1,MMM
2018-09-27,212,212.857,210,210.11,203.6305,1609800,0,1,MMM
2018-09-26,211.49,212.59,210.64,211.07,204.5609,1677700,0,1,MMM
2018-09-25,214.13,214.13,210.28,210.64,204.1441,2090600,0,1,MMM
2018-09-24,215.39,215.865,212.69,213.51,206.9256,2044800,0,1,MMM
2018-09-21,217.32,217.87,215.61,216.33,209.6586,5563700,0,1,MMM
2018-09-20,214.7,217,213.26,215.27,208.6313,2075100,0,1,MMM
2018-09-19,211.77,214.14,211.63,213.12,206.5476,1884500,0,1,MMM
2018-09-18,210.24,211.825,208.4374,211.53,205.0067,1652900,0,1,MMM
2018-09-17,207.46,210.19,207.3,209.53,203.0683,1610400,0,1,MMM
2018-09-14,208.84,210.2817,207.15,207.88,201.4692,1721600,0,1,MMM
2018-09-13,207.34,209.14,206.55,209.05,202.6031,2171300,0,1,MMM
2018-09-12,212.3,214.76,205.9,206.71,200.3353,4937000,0,1,MMM
2018-09-11,211.36,212.22,210,211.78,205.2489,1967500,0,1,MMM
2018-09-10,213.68,216.37,212.86,212.93,206.3635,2399700,0,1,MMM
2018-09-07,212.2193,212.97,209.97,212.57,206.0146,2739200,0,1,MMM
2018-09-06,212,213.37,211.07,212.74,206.1794,2363500,0,1,MMM
2018-09-05,208.2798,211.91,207.351,211.83,205.2974,1951500,0,1,MMM
2018-09-04,210.55,210.75,207.545,208.6,202.167,2108500,0,1,MMM
2018-08-31,209.57,211.72,209.44,210.92,204.4155,1943500,0,1,MMM
2018-08-30,209.71,211.09,209.23,210.22,203.7371,2240800,0,1,MMM
2018-08-29,209.17,210.9709,208.51,210.46,203.9697,2110300,0,1,MMM
2018-08-28,208.97,210.12,208.483,209.43,202.9714,2136700,0,1,MMM
2018-08-27,206.18,208.5,205.85,208.33,201.9053,1777200,0,1,MMM
2018-08-24,203.28,205.49,203.07,205.29,198.9591,1676600,0,1,MMM
2018-08-23,203,203.152,201.461,202.75,196.4974,1367300,1.36,1,MMM
2018-08-22,205.77,205.77,203.4,204.26,196.6428,1461300,0,1,MMM
2018-08-21,205,206.04,204.39,205.69,198.0195,1709700,0,1,MMM
2018-08-20,205.72,205.8,203.66,204.6,196.9701,2091700,0,1,MMM
2018-08-17,203.28,204.99,201.89,204.77,197.1338,1598900,0,1,MMM
2018-08-16,202.02,203.43,201.82,203.15,195.5742,1640200,0,1,MMM
2018-08-15,199.25,201.76,197.11,201.39,193.8798,2028900,0,1,MMM
2018-08-14,199.78,201.08,199.41,200.52,193.0423,1719000,0,1,MMM
2018-08-13,202.02,202.79,199.5,199.84,192.3876,1587200,0,1,MMM
2018-08-10,203.81,204.13,201,201.96,194.4286,1893200,0,1,MMM
2018-08-09,207.14,207.9611,204.49,204.78,197.1434,1812600,0,1,MMM
2018-08-08,208.49,209.04,206.77,207.14,199.4154,1052100,0,1,MMM
2018-08-07,208.01,209.61,207.37,208.57,200.7921,1314600,0,1,MMM
2018-08-06,207.45,207.46,205.235,206.7,198.9918,1063800,0,1,MMM
2018-08-03,205.92,207.5904,205.2,207.29,199.5598,1299900,0,1,MMM
2018-08-02,205.95,205.99,203.85,205.53,197.8654,1699700,0,1,MMM
2018-08-01,210.98,211.06,206.87,207.05,199.3288,2066600,0,1,MMM
2018-07-31,207.23,212.78,206.5,212.32,204.4022,3573100,0,1,MMM
2018-07-30,208.25,209.25,204.76,205.12,197.4707,2040500,0,1,MMM
2018-07-27,208.68,210.6,206.85,207.42,199.685,2248000,0,1,MMM
2018-07-26,204.89,208.44,204.65,207.96,200.2048,2848300,0,1,MMM
2018-07-25,200.6425,204.49,200.52,204.38,196.7583,3345200,0,1,MMM
2018-07-24,192.9365,202.19,190.57,200.68,193.1963,8186500,0,1,MMM
2018-07-23,201.54,201.54,197.68,198.84,191.4249,3269100,0,1,MMM
2018-07-20,199.33,202.945,198.25,201.95,194.4189,2325400,0,1,MMM
2018-07-19,201.76,202.29,199.51,201.6,194.082,2616400,0,1,MMM
2018-07-18,202.22,203.1556,201.35,202.2,194.6596,1945000,0,1,MMM
2018-07-17,200.99,203.07,200.13,202.07,194.5345,1920600,0,1,MMM
2018-07-16,201.55,201.579,200.08,201.11,193.6102,1468000,0,1,MMM
2018-07-13,200.27,201.7944,200,201.18,193.6777,1625400,0,1,MMM
2018-07-12,199.17,200,197.401,199.32,191.887,1733500,0,1,MMM
2018-07-11,199.82,199.82,197.49,197.68,190.3082,1853100,0,1,MMM
2018-07-10,201,202.58,200.39,201.48,193.9665,1688700,0,1,MMM
2018-07-09,198.14,200.84,198.07,200.53,193.0519,1967100,0,1,MMM
2018-07-06,197.09,198.056,196.39,197.46,190.0964,1624500,0,1,MMM
2018-07-05,197.07,197.48,195.03,197.34,189.9809,2019300,0,1,MMM
2018-07-03,196.49,198.95,195.5,195.83,188.5272,1228900,0,1,MMM
2018-07-02,195.46,195.89,193.51,195.52,188.2287,1815500,0,1,MMM
2018-06-29,196.47,199.42,196.46,196.72,189.384,2671600,0,1,MMM
2018-06-28,195.5,196.845,194.21,195.97,188.6619,1978700,0,1,MMM
2018-06-27,196.57,199.9,194.76,194.92,187.6511,2889700,0,1,MMM
2018-06-26,196.84,197.95,195.981,196.58,189.2492,2140200,0,1,MMM
2018-06-25,195.98,196.33,193.64,195.8,188.4983,2922500,0,1,MMM
2018-06-22,197.39,197.44,195.18,196.5,189.1722,2290100,0,1,MMM
2018-06-21,197.84,197.84,194.59,195.52,188.2287,2420400,0,1,MMM
2018-06-20,199.34,200,197.26,198.08,190.6933,2348300,0,1,MMM
2018-06-19,201.26,201.83,198.33,199.39,191.9544,3206800,0,1,MMM
2018-06-18,202.53,204.57,200.25,204.17,196.5562,2842800,0,1,MMM
2018-06-15,202.55,205.06,200.11,204.97,197.3263,5449500,0,1,MMM
2018-06-14,205.76,206.272,203.5,203.63,196.0363,2221500,0,1,MMM
2018-06-13,205.14,205.66,203.73,204.89,197.2493,2097900,0,1,MMM
2018-06-12,205.67,205.95,203.95,204.92,197.2782,1806100,0,1,MMM
2018-06-11,206.59,206.7673,205,205.12,197.4707,2302900,0,1,MMM
2018-06-08,204.98,206.75,204.41,206.59,198.8859,2170200,0,1,MMM
2018-06-07,204.18,205.89,203.76,205.07,197.4226,2279200,0,1,MMM
2018-06-06,201.84,204.05,201.553,203.86,196.2577,2297300,0,1,MMM
2018-06-05,201.08,202.1,200.89,201.2,193.6969,2246100,0,1,MMM
2018-06-04,200.73,201.6957,200.07,201.06,193.5621,2408400,0,1,MMM
2018-06-01,198.75,200.42,198.28,199.59,192.147,1827000,0,1,MMM
2018-05-31,198.11,198.45,196.26,197.23,189.875,5253100,0,1,MMM
2018-05-30,197.09,199.38,196.7,198.68,191.2709,2143100,0,1,MMM
2018-05-29,198,198.51,195.1,195.74,188.4405,2346800,0,1,MMM
2018-05-25,198.33,199.41,197.9233,199.03,191.6078,1686500,0,1,MMM
2018-05-24,198.83,200.18,196.931,199.41,191.9737,2055000,0,1,MMM
2018-05-23,197.74,198.8,196.56,198.67,191.2613,2737700,0,1,MMM
2018-05-22,201.96,202.11,198.73,198.97,191.5501,2313900,0,1,MMM
2018-05-21,200.5,202.927,200,201.76,194.236,2126500,0,1,MMM
2018-05-18,200.28,200.76,198.45,198.96,191.5405,2925700,0,1,MMM
2018-05-17,199.27,201.4,198.69,200.36,192.8882,2265800,1.36,1,MMM
2018-05-16,200.52,201.04,199.05,200.21,191.4346,2913500,0,1,MMM
2018-05-15,204.96,205.57,201.64,202.41,193.5381,2259200,0,1,MMM
2018-05-14,205.67,206.04,204.6627,205.76,196.7413,3385900,0,1,MMM
2018-05-11,204.74,205.361,203.66,205.16,196.1676,3155700,0,1,MMM
2018-05-10,202.61,205.68,202.391,205.03,196.0433,2700800,0,1,MMM
2018-05-09,202.03,204.73,201.37,203.42,194.5038,3361300,0,1,MMM
2018-05-08,200,202.0953,199.56,201.74,192.8975,3273500,0,1,MMM
2018-05-07,200.06,201,199.58,200.26,191.4824,2863400,0,1,MMM
2018-05-04,195.0795,199.93,194.062,199.36,190.6218,3071700,0,1,MMM
2018-05-03,194.52,196.7,192.35,195.68,187.1031,3425900,0,1,MMM
2018-05-02,195.15,196.41,194.019,194.5,185.9748,4017600,0,1,MMM
2018-05-01,194.03,195.54,191.44,195.02,186.472,4710500,0,1,MMM
2018-04-30,196.9648,198.34,194.18,194.39,185.8697,4008700,0,1,MMM
2018-04-27,196.77,197.11,194.4,196.12,187.5238,3354800,0,1,MMM
2018-04-26,198.68,199.627,196.17,197.09,188.4513,4124300,0,1,MMM
2018-04-25,201.1,201.75,197.01,198.84,190.1246,6205400,0,1,MMM
2018-04-24,206.5,206.5,196.89,201.13,192.3142,11671400,0,1,MMM
2018-04-23,218.02,218.73,214.75,215.88,206.4177,2520700,0,1,MMM
2018-04-20,218.41,220.28,216.74,217.75,208.2057,2634300,0,1,MMM
2018-04-19,218.04,219.3,217.03,218.85,209.2575,1453100,0,1,MMM
2018-04-18,220.39,221.01,219.16,219.52,209.8982,1599300,0,1,MMM
2018-04-17,219.15,221.69,218.74,220.09,210.4432,1853500,0,1,MMM
2018-04-16,217.2,219.27,216.5996,217.7,208.1579,2060500,0,1,MMM
2018-04-13,218.09,218.68,214.46,215.52,206.0735,2034500,0,1,MMM
2018-04-12,215.72,217.68,215.01,216.42,206.934,2292900,0,1,MMM
2018-04-11,214.201,215.89,213.498,214.33,204.9357,1819800,0,1,MMM
2018-04-10,215.32,218.71,215.23,216.98,207.4695,2857400,0,1,MMM
2018-04-09,213.75,216.86,212.4,212.81,203.4823,2186100,0,1,MMM
2018-04-06,217.4,218.85,211,212.25,202.9468,2503900,0,1,MMM
2018-04-05,218.64,220.31,216.56,218.67,209.0854,2879900,0,1,MMM
2018-04-04,212.39,217.923,211.12,217.56,208.0241,2488800,0,1,MMM
2018-04-03,213,216.46,210.93,216.33,206.848,3006800,0,1,MMM
2018-04-02,218.05,218.72,209.468,212.62,203.3006,3840800,0,1,MMM
2018-03-29,217.79,221.38,217.46,219.52,209.8982,2643000,0,1,MMM
2018-03-28,217.23,219.66,214.91,216.54,207.0488,2522900,0,1,MMM
2018-03-27,221.02,221.86,214.73,215.87,206.4081,2696700,0,1,MMM
2018-03-26,217.86,220.8,215.18,220.24,210.5866,3574000,0,1,MMM
2018-03-23,223.5,224.27,215.27,215.36,205.9205,4221200,0,1,MMM
2018-03-22,232.04,232.12,222.8,223.17,213.3882,4295500,0,1,MMM
2018-03-21,233,237.22,232.31,234.14,223.8774,1588300,0,1,MMM
2018-03-20,232.12,234.39,231.58,232.45,222.2614,1728000,0,1,MMM
2018-03-19,236.01,236.33,230.26,231.56,221.4104,2621700,0,1,MMM
2018-03-16,235.67,238.17,235.67,237.22,226.8224,4858000,0,1,MMM
2018-03-15,235.22,238.08,234.2,235.87,225.5315,1770500,0,1,MMM
2018-03-14,238.8,239.32,233.85,234.29,224.0208,2239700,0,1,MMM
2018-03-13,240.9,242.97,236.891,237.57,227.157,2009900,0,1,MMM
2018-03-12,242.1,243.1,239.301,239.8,229.2893,2151300,0,1,MMM
2018-03-09,238,241.37,236.17,241.35,230.7713,1840900,0,1,MMM
2018-03-08,236.35,237.69,234.12,236.34,225.9809,1955200,0,1,MMM
2018-03-07,231.22,236.22,230.59,235.57,225.2447,2213800,0,1,MMM
2018-03-06,234.05,235.92,230.8,233.66,223.4184,2091100,0,1,MMM
2018-03-05,230,233.71,228.53,232.81,222.6057,2235300,0,1,MMM
2018-03-02,229.75,231.2568,226.33,230.37,220.2726,2912800,0,1,MMM
2018-03-01,236.15,236.83,229.53,231.34,221.2001,3487100,0,1,MMM
2018-02-28,241.64,242.28,235.4,235.51,225.1873,2461400,0,1,MMM
2018-02-27,244.61,244.6619,240.72,240.78,230.2263,1778300,0,1,MMM
2018-02-26,239.01,244.86,238.51,244.14,233.4391,3086800,0,1,MMM
2018-02-23,236.85,237.89,234.39,237.02,226.6311,1616700,0,1,MMM
2018-02-22,232.43,237.37,232.26,236,225.6558,2284500,0,1,MMM
2018-02-21,234.7008,237.86,232.1,232.18,222.0033,2561400,0,1,MMM
2018-02-20,234.54,236.67,233.904,235.07,224.7666,2675900,0,1,MMM
2018-02-16,234.97,238.435,233.3748,236.67,226.2965,2221800,0,1,MMM
2018-02-15,233.31,234.9,230.8844,234.87,224.5753,2127500,1.36,1,MMM
2018-02-14,229.45,232.87,228.47,232,220.5308,2337800,0,1,MMM
2018-02-13,229.71,231.97,228.93,231.36,219.9224,2523600,0,1,MMM
2018-02-12,227.49,230.38,226.1,229.19,217.8597,3290400,0,1,MMM
2018-02-09,224.61,226.96,218.18,225.21,214.0765,4518600,0,1,MMM
2018-02-08,233.16,233.31,222.65,222.89,211.8711,3751300,0,1,MMM
2018-02-07,233.19,237.52,232.821,233.19,221.6619,2885600,0,1,MMM
2018-02-06,227.51,234.57,226.81,233.63,222.0802,5108100,0,1,MMM
2018-02-05,243.5,244.4,226.01,231.44,219.9985,6590500,0,1,MMM
2018-02-02,246.43,248.7459,244.88,245.17,233.0497,3925700,0,1,MMM
2018-02-01,247.44,250.09,246.1646,247.94,235.6828,2665500,0,1,MMM
2018-01-31,251.49,253.13,249.6,250.5,238.1162,3136400,0,1,MMM
2018-01-30,255.6,255.7103,251.41,251.54,239.1048,2412600,0,1,MMM
2018-01-29,258.4968,259.34,255.97,256.01,243.3538,2306300,0,1,MMM
2018-01-26,253.43,259.77,253.39,258.63,245.8443,3730600,0,1,MMM
2018-01-25,250,254.8,247.1,252.36,239.8842,3507900,0,1,MMM
2018-01-24,247.99,248.54,246.25,247.69,235.4451,3471000,0,1,MMM
2018-01-23,246.91,247.26,245.12,246.31,234.1333,1822700,0,1,MMM
2018-01-22,247.13,247.89,245.08,247.3,235.0744,1660500,0,1,MMM
2018-01-19,246.63,248.5,245.6,248.18,235.9109,2013500,0,1,MMM
2018-01-18,248.1155,249,244.92,245.91,233.7531,2233500,0,1,MMM
2018-01-17,246.85,248.53,245.8,248.11,235.8444,2519000,0,1,MMM
2018-01-16,245.3,247.19,243.83,244.74,232.6409,2411100,0,1,MMM
2018-01-12,243.07,246,242.4955,244.47,232.3843,1974300,0,1,MMM
2018-01-11,240.74,242.34,239.75,242.31,230.3311,1487700,0,1,MMM
2018-01-10,241,242.57,240.03,241.14,229.2189,1640900,0,1,MMM
2018-01-09,239.6,241.785,239.34,241.28,229.352,1695100,0,1,MMM
2018-01-08,239.38,240.94,239.18,239.79,227.9357,1869000,0,1,MMM
2018-01-05,238.65,240.8804,237.74,240.57,228.6771,1835900,0,1,MMM
2018-01-04,237,239.44,236.47,238.71,226.9091,2243100,0,1,MMM
2018-01-03,235.07,235.7392,233.29,235.63,223.9813,2193700,0,1,MMM
2018-01-02,235.78,237.0735,232.805,235.64,223.9908,2931000,0,1,MMM
2017-12-29,236.48,237.31,235.3747,235.37,223.7342,1343900,0,1,MMM
2017-12-28,236.94,237.08,235.28,235.72,224.0668,1189700,0,1,MMM
2017-12-27,235.52,236.54,234.84,236.2,224.5231,970500,0,1,MMM
2017-12-26,235.08,236.28,235.03,235.45,223.8102,789100,0,1,MMM
2017-12-22,235.36,236.08,234.28,234.73,223.1258,1280600,0,1,MMM
2017-12-21,236,237.25,234.41,234.78,223.1733,2241600,0,1,MMM
2017-12-20,238.2,238.47,236.49,236.92,225.2076,1621600,0,1,MMM
2017-12-19,239.47,239.74,236.9,238.39,226.6049,1868900,0,1,MMM
2017-12-18,238.58,240.01,237.145,238.42,226.6334,2237300,0,1,MMM
2017-12-15,239.19,239.68,237.65,238,226.2342,4518700,0,1,MMM
2017-12-14,240.3352,240.8,237.81,238.08,226.3102,1984700,0,1,MMM
2017-12-13,236.91,239.59,236.63,239.11,227.2893,2707900,0,1,MMM
2017-12-12,241.55,241.68,236.12,236.58,224.8844,2766300,0,1,MMM
2017-12-11,238.85,240.21,237.86,239.3,227.4699,1742900,0,1,MMM
2017-12-08,240,241.01,237.49,238.13,226.3577,1999800,0,1,MMM
2017-12-07,238.4491,241.29,237.93,240.3,228.4205,1367100,0,1,MMM
2017-12-06,238.96,241.08,236.97,238.67,226.871,1924100,0,1,MMM
2017-12-05,240.22,240.26,237.86,238.26,226.4813,1543100,0,1,MMM
2017-12-04,243.0472,244.23,238.51,239.26,227.4319,2468700,0,1,MMM
2017-12-01,243.1945,243.63,239.15,241.15,229.2284,2232300,0,1,MMM
2017-11-30,238.86,243.45,237.69,243.14,231.12,4003400,0,1,MMM
2017-11-29,236.05,238.19,235.64,238.01,226.2437,1754600,0,1,MMM
2017-11-28,234.12,235.94,233.375,235.63,223.9813,1871700,0,1,MMM
2017-11-27,231.75,234.529,231.13,234,222.4319,1780800,0,1,MMM
2017-11-24,232.03,232.04,230.81,231.38,219.9414,659100,0,1,MMM
2017-11-22,233.0492,233.86,231.4,231.58,220.1315,1371800,1.175,1,MMM
2017-11-21,232.2156,235.71,232.21,234.09,221.4005,2122600,0,1,MMM
2017-11-20,229.9,233.59,229.554,231.49,218.9415,1700000,0,1,MMM
2017-11-17,228.43,229.92,227.74,229.36,216.9269,1741800,0,1,MMM
2017-11-16,227.79,229.99,227.79,229.42,216.9837,1224800,0,1,MMM
2017-11-15,228.07,228.51,226.04,227.4,215.0732,1512100,0,1,MMM
2017-11-14,228.14,229.96,226.75,229.33,216.8986,1393200,0,1,MMM
2017-11-13,226.73,228.43,226.26,228.22,215.8488,1765300,0,1,MMM
2017-11-10,227.4597,228.44,226.16,227.45,215.1205,1295800,0,1,MMM
2017-11-09,228.54,229.4,227.05,228.39,216.0095,1575800,0,1,MMM
2017-11-08,229.84,230.65,229.3735,229.83,217.3715,1510200,0,1,MMM
2017-11-07,230.38,230.77,229.14,230.05,217.5795,1553600,0,1,MMM
2017-11-06,232.22,232.63,230.15,230.31,217.8255,1334700,0,1,MMM
2017-11-03,231.56,232.58,230.92,232.22,219.6319,1582700,0,1,MMM
2017-11-02,230.24,232.8,229.55,232.23,219.6414,1609500,0,1,MMM
2017-11-01,231,231.76,229.11,230.18,217.7025,1389900,0,1,MMM
2017-10-31,231.38,231.597,229.81,230.19,217.712,1908200,0,1,MMM
2017-10-30,233.66,233.6597,230.64,231.02,218.497,2722600,0,1,MMM
2017-10-27,234.23,234.95,232.55,234.74,222.0153,2000400,0,1,MMM
2017-10-26,238.26,238.8,232.31,232.94,220.3129,3385000,0,1,MMM
2017-10-25,235.01,237.94,233.94,237.68,224.7959,4114500,0,1,MMM
2017-10-24,229,238.9,228.981,234.65,221.9302,6508400,0,1,MMM
2017-10-23,221.76,222.78,221.2,221.55,209.5403,2161300,0,1,MMM
2017-10-20,219.95,221.32,219.19,221.32,209.3228,1647800,0,1,MMM
2017-10-19,218.49,219.25,217.47,219.24,207.3555,1369000,0,1,MMM
2017-10-18,217.52,218.64,217.37,218.27,206.4381,1413600,0,1,MMM
2017-10-17,218.49,218.72,216.47,217.75,205.9463,2150800,0,1,MMM
2017-10-16,217.7,218.7278,217.2,218.72,206.8637,1185200,0,1,MMM
2017-10-13,218.83,219.76,216.8,217.72,205.9179,1461600,0,1,MMM
2017-10-12,216.6,217.64,216.2839,217.59,205.795,1908000,0,1,MMM
2017-10-11,216.75,216.86,214.66,216.51,204.7735,2052900,0,1,MMM
2017-10-10,217.38,217.6,216.55,216.75,205.0005,1170900,0,1,MMM
2017-10-09,215.96,217.21,215.69,216.68,204.9343,1054600,0,1,MMM
2017-10-06,216,216.54,215.27,216.52,204.783,1650800,0,1,MMM
2017-10-05,216.49,217.61,215.9,216.37,204.6411,1740500,0,1,MMM
2017-10-04,214.85,216.94,214.5,216.52,204.783,1636400,0,1,MMM
2017-10-03,212.62,214.6,211.38,214.57,202.9387,1634900,0,1,MMM
2017-10-02,210.73,212.79,210.0317,212.76,201.2268,1292100,0,1,MMM
2017-09-29,209.06,209.9,208.73,209.9,198.5218,1632200,0,1,MMM
2017-09-28,208.3,209.8805,208.252,209.55,198.1908,2092800,0,1,MMM
2017-09-27,211.09,211.38,208.16,209.48,198.1246,1865100,0,1,MMM
2017-09-26,211.26,212.83,210.93,211.03,199.5906,1224600,0,1,MMM
2017-09-25,210.98,211.216,209.37,210.73,199.3068,1609200,0,1,MMM
2017-09-22,209.64,211.3,209.28,210.76,199.3352,1493300,0,1,MMM
2017-09-21,210.905,211.62,210.24,210.44,199.0326,1382400,0,1,MMM
2017-09-20,211.77,212.6,208.31,210.51,199.0988,2987200,0,1,MMM
2017-09-19,214.23,214.65,212.8365,213.56,201.9834,1429700,0,1,MMM
2017-09-18,214,214.038,212.57,213.76,202.1726,1272400,0,1,MMM
2017-09-15,212.59,214.115,210.66,213.35,201.7848,3636400,0,1,MMM
2017-09-14,209.15,211.91,208.74,211.43,199.9689,1984200,0,1,MMM
2017-09-13,209.12,210.2905,208.57,209.49,198.134,1129600,0,1,MMM
2017-09-12,209.91,210.96,209.26,209.64,198.2759,1441200,0,1,MMM
2017-09-11,206.46,209.775,206.0853,209.56,198.2003,1806700,0,1,MMM
2017-09-08,204.35,206.12,203.174,205.69,194.54,1474000,0,1,MMM
2017-09-07,201.47,204.71,201.47,204.46,193.3767,1701500,0,1,MMM
2017-09-06,201.75,202.25,201.24,202.05,191.0974,2236200,0,1,MMM
2017-09-05,202.25,202.53,200.51,200.98,190.0854,1934500,0,1,MMM
2017-09-01,204.61,204.91,203.2439,203.56,192.5255,1413000,0,1,MMM
2017-08-31,204.3218,204.62,203.02,204.32,193.2443,1567900,0,1,MMM
2017-08-30,202.9251,203.69,202,203.69,192.6485,1196200,0,1,MMM
2017-08-29,202.2,203.08,201.332,202.92,191.9202,991300,0,1,MMM
2017-08-28,202.78,203.27,201.85,202.46,191.4851,1174700,0,1,MMM
2017-08-25,203.44,203.45,202.05,202.13,191.173,1238100,0,1,MMM
2017-08-24,203.89,203.89,201.96,202.12,191.1635,1230800,0,1,MMM
2017-08-23,204.05,204.1,202.32,202.67,191.6838,1267300,1.175,1,MMM
2017-08-22,205.2,205.86,204.63,205.46,193.2112,2091200,0,1,MMM
2017-08-21,203.8,204.9,203.01,204.55,192.3555,1567600,0,1,MMM
2017-08-18,205.35,205.63,203.45,203.53,191.3962,1838600,0,1,MMM
2017-08-17,207.79,208.122,205.28,205.35,193.1077,1396500,0,1,MMM
2017-08-16,207.21,208.63,206.615,207.92,195.5245,1704300,0,1,MMM
2017-08-15,207,207.84,206.51,207.18,194.8287,1048500,0,1,MMM
2017-08-14,206.66,207.63,206.07,207.37,195.0073,1264400,0,1,MMM
2017-08-11,206.85,206.85,205.63,205.98,193.7002,1452800,0,1,MMM
2017-08-10,205.62,207.16,205.18,206.23,193.9353,1571500,0,1,MMM
2017-08-09,206.69,207.91,205.59,206.48,194.1704,1622200,0,1,MMM
2017-08-08,206.83,207.89,205.699,206.43,194.1234,1856300,0,1,MMM
2017-08-07,207.9,208.4,206.68,207.44,195.0732,1172600,0,1,MMM
2017-08-04,207.95,208.61,206.11,207.65,195.2706,1522700,0,1,MMM
2017-08-03,205.91,207.64,205.12,207.62,195.2424,2054200,0,1,MMM
2017-08-02,203.19,205.6,202.8295,205.41,193.1642,2029600,0,1,MMM
2017-08-01,202.29,203.31,201.76,203.18,191.0671,2015100,0,1,MMM
2017-07-31,200,201.66,199.81,201.17,189.177,1833600,0,1,MMM
2017-07-28,200.79,201.04,198.69,199.72,187.8134,1488000,0,1,MMM
2017-07-27,199.14,200.5455,197.67,200.05,188.1237,2174500,0,1,MMM
2017-07-26,200.45,201.15,198.55,199.03,187.1645,2922100,0,1,MMM
2017-07-25,202.65,204.5,197.173,199.39,187.5031,6593000,0,1,MMM
2017-07-24,211.2,211.659,210,210,197.4805,2165200,0,1,MMM
2017-07-21,211.65,211.84,209.48,211.16,198.5714,2246200,0,1,MMM
2017-07-20,212.21,213.41,212.06,212.45,199.7845,1347400,0,1,MMM
2017-07-19,211.51,212.105,211.17,212.1,199.4554,825300,0,1,MMM
2017-07-18,210.68,211.52,210.3,211.31,198.7124,1562600,0,1,MMM
2017-07-17,212.2,212.2,210.59,211.68,199.0604,1311300,0,1,MMM
2017-07-14,211.52,212.24,210.63,211.77,199.145,1062000,0,1,MMM
2017-07-13,211.2,212,210.18,211.09,198.5055,1138800,0,1,MMM
2017-07-12,210.91,212.78,210.27,211.3,198.703,1447900,0,1,MMM
2017-07-11,210.41,211.2,208,209.66,197.1608,1268100,0,1,MMM
2017-07-10,209.6,211.74,208.99,210.49,197.9413,1308400,0,1,MMM
2017-07-07,208.5,210.15,208.045,209.59,197.095,1531000,0,1,MMM
2017-07-06,209.05,209.72,207.89,208.02,195.6186,1189900,0,1,MMM
2017-07-05,210,210.24,209.41,209.76,197.2548,1065300,0,1,MMM
2017-07-03,209.1642,210.34,208.75,209.83,197.3207,1040200,0,1,MMM
2017-06-30,209.9419,209.91,207.85,208.19,195.7785,1770000,0,1,MMM
2017-06-29,211.05,211.05,207.0823,207.85,195.4587,1809900,0,1,MMM
2017-06-28,210.78,211.175,210.09,210.62,198.0636,1542900,0,1,MMM
2017-06-27,212,212.5,209.3846,209.78,197.2737,2240200,0,1,MMM
2017-06-26,212.79,213.47,212.31,212.61,199.935,1352100,0,1,MMM
2017-06-23,212,213.17,211.71,212.9,200.2077,1584900,0,1,MMM
2017-06-22,212.73,213.12,212.09,212.22,199.5682,1400400,0,1,MMM
2017-06-21,214.02,214.02,212.09,212.86,200.17,1812900,0,1,MMM
2017-06-20,213.45,214.57,213.05,213.36,200.6402,1531200,0,1,MMM
2017-06-19,214,214,212.7,213.36,200.6402,1667600,0,1,MMM
2017-06-16,211.73,213.46,211.44,213.24,200.5274,3420600,0,1,MMM
2017-06-15,209.5,211.32,209.44,211.29,198.6936,1594100,0,1,MMM
2017-06-14,209.78,210.785,209.53,210.01,197.49,1585300,0,1,MMM
2017-06-13,207.58,209.665,207.5702,209.11,196.6436,1688800,0,1,MMM
2017-06-12,207.06,208.42,205.5,207.39,195.0261,2388200,0,1,MMM
2017-06-09,206.0093,206.97,205.64,206.93,194.5936,1893100,0,1,MMM
2017-06-08,204.84,206.03,204.09,205.94,193.6626,2451300,0,1,MMM
2017-06-07,205.7191,205.87,204.1,205.01,192.788,1885600,0,1,MMM
2017-06-06,206.01,206.66,205.41,205.41,193.1642,1458800,0,1,MMM
2017-06-05,206.77,207.33,206.22,206.22,193.9259,1253100,0,1,MMM
2017-06-02,205.06,207.39,204.79,206.7,194.3773,1831900,0,1,MMM
2017-06-01,204.25,204.9,203.68,204.35,192.1674,2352700,0,1,MMM
2017-05-31,202.73,204.47,202.27,204.47,192.2802,3096800,0,1,MMM
2017-05-30,200.31,203.03,199.96,202.44,190.3712,2171100,0,1,MMM
2017-05-26,199.14,200.69,198.972,200.67,188.7068,1410600,0,1,MMM
2017-05-25,198.41,199.61,197.75,199.54,187.6441,1508000,0,1,MMM
2017-05-24,198.49,198.53,197.28,197.49,185.7164,1206400,0,1,MMM
2017-05-23,198.73,198.97,197.52,197.73,185.942,1514200,0,1,MMM
2017-05-22,196.35,198.672,196.35,198.51,186.6755,1835900,0,1,MMM
2017-05-19,196.3,196.3,194.45,195.8,184.1271,1894700,0,1,MMM
2017-05-18,194.5,195.82,193.54,195.24,183.6005,1929000,0,1,MMM
2017-05-17,195.39,195.91,194.72,194.84,183.2243,1881800,1.175,1,MMM
2017-05-16,197.48,197.94,196.86,197.91,185.0063,1183600,0,1,MMM
2017-05-15,196.67,197.74,196.23,197.63,184.7446,1474500,0,1,MMM
2017-05-12,195.9,197.12,195.86,196.57,183.7537,1323100,0,1,MMM
2017-05-11,196.04,196.94,195.26,196.75,183.922,1705000,0,1,MMM
2017-05-10,197.37,197.6222,196.53,196.64,183.8192,2247700,0,1,MMM
2017-05-09,199.36,199.36,197.53,197.96,185.0531,1747800,0,1,MMM
2017-05-08,198.84,199.15,198.3,198.65,185.6981,1575900,0,1,MMM
2017-05-05,199.67,199.9,198.98,199.4,186.3992,1688600,0,1,MMM
2017-05-04,198.3,199.54,197.76,199.51,186.502,2320800,0,1,MMM
2017-05-03,196.6,197.87,195.71,197.63,184.7446,2339500,0,1,MMM
2017-05-02,195.16,196.53,194.58,196.53,183.7163,2467200,0,1,MMM
2017-05-01,195.5,195.73,194.471,194.81,182.1085,1498500,0,1,MMM
2017-04-28,196.15,197.12,195.54,195.83,183.062,2467100,0,1,MMM
2017-04-27,195.43,196.54,195.11,196.11,183.3237,1770200,0,1,MMM
2017-04-26,195.7,196.9,194.99,195,182.2861,2641200,0,1,MMM
2017-04-25,193.99,195.61,192.36,195.13,182.4076,4182200,0,1,MMM
2017-04-24,193,194.45,192.93,194.23,181.5663,2709600,0,1,MMM
2017-04-21,191.15,191.62,190.5879,191.5,179.0143,2584200,0,1,MMM
2017-04-20,190.02,192.11,189.904,191.16,178.6965,1748200,0,1,MMM
2017-04-19,190.8,191.13,189.52,189.83,177.4532,1340400,0,1,MMM
2017-04-18,189.7645,190.84,189.505,190.22,177.8177,1176900,0,1,MMM
2017-04-17,189.31,190.36,189.29,190.36,177.9486,1543600,0,1,MMM
2017-04-13,189.25,189.86,188.62,188.65,176.3501,1274400,0,1,MMM
2017-04-12,190.31,190.49,189.4,189.7,177.3316,1416100,0,1,MMM
2017-04-11,189.13,190.09,188.99,190.07,177.6775,1459600,0,1,MMM
2017-04-10,190.16,190.5155,189.31,189.71,177.341,1682700,0,1,MMM
2017-04-07,190.03,190.56,189.52,189.99,177.6028,1025200,0,1,MMM
2017-04-06,190.41,191.02,189.5,189.89,177.5093,1627400,0,1,MMM
2017-04-05,190.7,192.42,190.04,190.24,177.8364,1448700,0,1,MMM
2017-04-04,190.57,190.98,189.78,190.19,177.7897,1349900,0,1,MMM
2017-04-03,191.87,192.17,189.95,190.72,178.2851,1546700,0,1,MMM
2017-03-31,191.3,192.4,190.99,191.33,178.8554,1730000,0,1,MMM
2017-03-30,190.74,191.49,190.1,191.28,178.8086,1835400,0,1,MMM
2017-03-29,190.59,191.28,190.26,190.68,178.2477,1692200,0,1,MMM
2017-03-28,189.9074,191.49,189.6,190.99,178.5375,2330200,0,1,MMM
2017-03-27,190.7,191,189.16,190.43,178.0141,1984600,0,1,MMM
2017-03-24,192.12,192.62,190.901,191.51,179.0236,1435400,0,1,MMM
2017-03-23,192.12,192.97,191.2368,192.14,179.6125,1482000,0,1,MMM
2017-03-22,192.3,192.88,190.46,192.22,179.6874,1627300,0,1,MMM
2017-03-21,193.49,193.49,191.51,192.13,179.6032,1895100,0,1,MMM
2017-03-20,192.52,193.5039,192.28,193.01,180.4258,2085600,0,1,MMM
2017-03-17,190.82,192.36,190.35,192.36,179.8182,4228100,0,1,MMM
2017-03-16,191.06,191.64,189.638,190.31,177.9019,1937100,0,1,MMM
2017-03-15,190.18,191.86,189.72,191.2,178.7338,2047000,0,1,MMM
2017-03-14,190.93,191.44,189.11,190.33,177.9206,1893600,0,1,MMM
2017-03-13,191.77,191.96,190.46,191.52,179.033,1972700,0,1,MMM
2017-03-10,190.64,191.24,190.031,191.21,178.7432,2515000,0,1,MMM
2017-03-09,189.25,190.39,189.17,189.9,177.5186,1556700,0,1,MMM
2017-03-08,189.72,190.206,188.97,189.51,177.154,1563700,0,1,MMM
2017-03-07,188.29,189.26,188.25,189.09,176.7614,1662300,0,1,MMM
2017-03-06,188.93,189.24,188.27,188.9,176.5838,1668700,0,1,MMM
2017-03-03,189.85,190.24,188.5673,189.31,176.9671,1627400,0,1,MMM
2017-03-02,189.46,190.1,189.03,189.89,177.5093,1764000,0,1,MMM
2017-03-01,188.08,190.54,188.01,189.86,177.4812,2226200,0,1,MMM
2017-02-28,186.73,187.5,186.31,186.35,174.2001,1932100,0,1,MMM
2017-02-27,187.5,187.55,186.375,186.91,174.7236,1393800,0,1,MMM
2017-02-24,186.82,188.41,186.3,187.41,175.1909,2126300,0,1,MMM
2017-02-23,185.91,187.455,185.71,187.19,174.9853,2401600,0,1,MMM
2017-02-22,183.4,186.12,183.08,186.04,173.9103,2850900,0,1,MMM
2017-02-21,182.79,183.62,182.04,183.37,171.4144,1736300,0,1,MMM
2017-02-17,183.43,183.6,182.53,182.95,171.0217,1961500,0,1,MMM
2017-02-16,181.75,183.46,181.615,183.41,171.4518,2164000,0,1,MMM
2017-02-15,180.2893,181.833,180.151,181.7,169.8532,1762900,1.175,1,MMM
2017-02-14,180.86,182,180.65,181.6,168.6614,2035900,0,1,MMM
2017-02-13,179.86,181.38,179.26,181.02,168.1227,1929800,0,1,MMM
2017-02-10,178.3003,179.58,178.19,179,166.2466,1392400,0,1,MMM
2017-02-09,176.87,178.55,176.8835,178.18,165.485,2009700,0,1,MMM
2017-02-08,175.62,177.6,175.49,177.07,164.4541,2145700,0,1,MMM
2017-02-07,176.08,176.4,175.154,175.76,163.2375,1247400,0,1,MMM
2017-02-06,174.12,176.2,173.9,175.1,162.6245,1622800,0,1,MMM
2017-02-03,174.02,175.3,173.85,175.04,162.5688,2820500,0,1,MMM
2017-02-02,174.13,174.775,173.55,174.18,161.77,3106800,0,1,MMM
2017-02-01,175.162,175.8,174.3,175.17,162.6895,2272900,0,1,MMM
2017-01-31,174.74,175.46,173.81,174.82,162.3644,1845500,0,1,MMM
2017-01-30,177.25,177.73,174.87,175.42,162.9217,1823100,0,1,MMM
2017-01-27,177.48,177.9916,176.83,177.48,164.8349,1623700,0,1,MMM
2017-01-26,176.31,177.23,176.04,176.82,164.222,2235900,0,1,MMM
2017-01-25,177.09,178.63,176.57,176.73,164.1384,3462600,0,1,MMM
2017-01-24,177.5,177.76,174.42,175.97,163.4325,3473200,0,1,MMM
2017-01-23,177.91,178.99,177.13,178.51,165.7915,1986800,0,1,MMM
2017-01-20,179.2,179.46,177.83,178.49,165.7729,1761900,0,1,MMM
2017-01-19,179.25,179.8,177.76,178.68,165.9494,1464400,0,1,MMM
2017-01-18,177.9,179.44,177.3754,178.49,165.7729,1804600,0,1,MMM
2017-01-17,177,177.68,176.25,177.26,164.6306,1557500,0,1,MMM
2017-01-13,177.58,177.91,176.83,177.39,164.7513,1265500,0,1,MMM
2017-01-12,176.967,177.7,175.75,177.44,164.7978,1321800,0,1,MMM
2017-01-11,176.63,178.45,176.39,177.89,165.2157,1579600,0,1,MMM
2017-01-10,177.36,177.49,176.31,176.58,163.9991,2030100,0,1,MMM
2017-01-09,178.37,178.38,177.2,177.27,164.6399,1622600,0,1,MMM
2017-01-06,177.2973,178.6,175.8,178.23,165.5315,1625000,0,1,MMM
2017-01-05,178.26,179.14,176.89,177.71,165.0485,1447800,0,1,MMM
2017-01-04,178.03,178.9,177.61,178.32,165.6151,1542000,0,1,MMM
2017-01-03,178.83,180.0104,177.22,178.05,165.3643,2509300,0,1,MMM
2016-12-30,179,179.48,178.285,178.57,165.8473,1594200,0,1,MMM
2016-12-29,178.29,179.144,178.03,178.41,165.6987,1102000,0,1,MMM
2016-12-28,178.88,179.4489,178.02,178.08,165.3922,1287900,0,1,MMM
2016-12-27,178.66,179.2,178.5715,178.92,166.1723,651000,0,1,MMM
2016-12-23,179.09,179.29,178.53,178.75,166.0144,731100,0,1,MMM
2016-12-22,178.89,179.46,177.98,179.2,166.4323,1225600,0,1,MMM
2016-12-21,178.6,179.53,178.4163,178.43,165.7172,1555900,0,1,MMM
2016-12-20,178.34,179.33,178.0675,178.65,165.9216,1378200,0,1,MMM
2016-12-19,177.61,178.67,177.32,178.16,165.4665,1382000,0,1,MMM
2016-12-16,176.56,178.5,176.55,177.45,164.8071,3889700,0,1,MMM
2016-12-15,177.26,177.577,175.051,176.02,163.4789,2055600,0,1,MMM
2016-12-14,179.16,179.39,176.41,176.6,164.0176,2234200,0,1,MMM
2016-12-13,179.57,180.06,176.77,178.83,166.0887,2708600,0,1,MMM
2016-12-12,178.25,179.81,177.57,179.64,166.841,2296100,0,1,MMM
2016-12-09,175.36,178.87,175.3,178.49,165.7729,2650400,0,1,MMM
2016-12-08,176.08,176.35,174.77,175.88,163.3489,1790700,0,1,MMM
2016-12-07,172.38,176.06,171.97,176.05,163.5068,3164300,0,1,MMM
2016-12-06,171.82,172.03,171.23,171.8,159.5596,1467500,0,1,MMM
2016-12-05,172.63,172.9559,171.085,171.62,159.3924,2181300,0,1,MMM
2016-12-02,172.53,173.6797,172.24,172.43,160.1447,1871500,0,1,MMM
2016-12-01,171.64,172.74,171.45,172.63,160.3305,1756900,0,1,MMM
2016-11-30,172.2,173.19,171.59,171.74,159.5038,2595800,0,1,MMM
2016-11-29,172.54,173.29,172.145,172.77,160.4605,1483200,0,1,MMM
2016-11-28,173.56,173.77,172.275,172.5,160.2097,1677700,0,1,MMM
2016-11-25,172.21,173.99,172.21,173.49,161.1292,945800,0,1,MMM
2016-11-23,172.08,172.752,171.76,172.25,159.9776,1477900,0,1,MMM
2016-11-22,171.67,172.08,171.2853,171.91,159.6618,1553300,0,1,MMM
2016-11-21,171.42,171.98,170.72,171.52,159.2996,1993900,0,1,MMM
2016-11-18,172.51,173.28,172.29,172.96,160.637,1711100,0,1,MMM
2016-11-17,172.01,173.25,172.01,172.77,160.4605,1783700,0,1,MMM
2016-11-16,173.13,173.23,171.57,172.01,159.7546,2022600,1.11,1,MMM
2016-11-15,173.1608,174.25,171.91,174.24,160.7948,2177100,0,1,MMM
2016-11-14,175.23,175.51,171.9,172.91,159.5675,2607000,0,1,MMM
2016-11-11,174.05,175.13,173.73,175.08,161.57,1868200,0,1,MMM
2016-11-10,170.16,174.67,169.79,174.28,160.8318,3280000,0,1,MMM
2016-11-09,165.84,171,165.84,170.39,157.2419,3659300,0,1,MMM
2016-11-08,169.9,172.05,169.78,171.03,157.8325,1955700,0,1,MMM
2016-11-07,168.15,169.89,167.98,169.74,156.6421,1930900,0,1,MMM
2016-11-04,167.21,167.85,166.42,166.48,153.6336,1927500,0,1,MMM
2016-11-03,166.14,167.64,165.26,166.83,153.9566,2505000,0,1,MMM
2016-11-02,164.7,166.37,163.91,165.73,152.9415,2233400,0,1,MMM
2016-11-01,165.4,165.81,163.85,164.25,151.5757,2455600,0,1,MMM
2016-10-31,166.46,166.54,165.18,165.3,152.5447,2289100,0,1,MMM
2016-10-28,166.55,167.172,165.14,165.77,152.9784,1934300,0,1,MMM
2016-10-27,166.87,166.9425,165.28,165.76,152.9692,1486400,0,1,MMM
2016-10-26,165.69,167.79,165.41,166.51,153.6613,2174900,0,1,MMM
2016-10-25,169.47,169.89,165.11,166.23,153.4029,3826200,0,1,MMM
2016-10-24,172.65,173.435,170.9,171.27,158.054,2668500,0,1,MMM
2016-10-21,168.11,169.56,167.72,169.5,156.4206,2013200,0,1,MMM
2016-10-20,169.57,170.34,168.99,169.86,156.7528,1210500,0,1,MMM
2016-10-19,170.8,170.94,169.66,169.91,156.799,1164200,0,1,MMM
2016-10-18,171.68,171.91,169.84,169.95,156.8358,1185600,0,1,MMM
2016-10-17,170.54,171.09,169.94,170.21,157.0758,1229200,0,1,MMM
2016-10-14,170.99,171.39,170.3,170.33,157.1866,1512400,0,1,MMM
2016-10-13,168.8545,170.31,168.46,170.02,156.9005,1919700,0,1,MMM
2016-10-12,169.6,170.18,168.89,169.72,156.6236,1554100,0,1,MMM
2016-10-11,170.24,170.47,168.69,169.68,156.5867,1998700,0,1,MMM
2016-10-10,171.84,172.75,170.94,171.14,157.934,1936600,0,1,MMM
2016-10-07,171.8999,171.94,170.041,171.33,158.1094,2249100,0,1,MMM
2016-10-06,171.93,172.32,170.601,171.64,158.3955,2273400,0,1,MMM
2016-10-05,171.66,172.56,171.34,172.39,159.0876,2305500,0,1,MMM
2016-10-04,174.59,174.9616,171.2,171.68,158.4324,3166900,0,1,MMM
2016-10-03,175.33,175.95,174.4,175.04,161.5331,1785600,0,1,MMM
2016-09-30,176.58,177.1601,176.09,176.23,162.6313,2419400,0,1,MMM
2016-09-29,177.478,177.63,174.87,175.37,161.8376,1853600,0,1,MMM
2016-09-28,176.78,177.98,176.69,177.59,163.8863,1694000,0,1,MMM
2016-09-27,175.61,177.03,175.58,176.3,162.6959,2433600,0,1,MMM
2016-09-26,176.85,176.91,175.8,175.95,162.3729,1821000,0,1,MMM
2016-09-23,179.4,179.7,177.19,177.39,163.7018,1911000,0,1,MMM
2016-09-22,179.83,181.66,179.65,179.85,165.972,1849000,0,1,MMM
2016-09-21,177.88,179.8,177.5,179.59,165.732,1760000,0,1,MMM
2016-09-20,177.71,178.5,177.33,177.6,163.8956,1598600,0,1,MMM
2016-09-19,176.05,177.95,176.05,176.72,163.0835,1754900,0,1,MMM
2016-09-16,175.88,175.95,174.385,175.06,161.5516,3358800,0,1,MMM
2016-09-15,175.5472,177,175.36,176.59,162.9635,1663800,0,1,MMM
2016-09-14,175.9638,177.35,175.2,175.62,162.0683,1864800,0,1,MMM
2016-09-13,176.83,177.5846,175.95,176.07,162.4836,1864600,0,1,MMM
2016-09-12,175,178.4,174.686,178.1,164.357,1913300,0,1,MMM
2016-09-09,178.89,179,175.6415,175.64,162.0868,2083300,0,1,MMM
2016-09-08,179.19,180.2119,178.94,180.1,166.2027,1424000,0,1,MMM
2016-09-07,180.04,180.5269,179.54,179.75,165.8796,1133200,0,1,MMM
2016-09-06,180.56,181.28,179.88,180.46,166.5349,1328100,0,1,MMM
2016-09-02,180.5305,181.49,180.09,180.81,166.8579,1319000,0,1,MMM
2016-09-01,179.31,180.17,178.8,179.98,166.0919,1095300,0,1,MMM
2016-08-31,179.49,179.765,178.5788,179.24,165.409,1636000,0,1,MMM
2016-08-30,180.718,181.02,179.59,180.15,166.2488,1039800,0,1,MMM
2016-08-29,179.86,180.7,179.28,180.5,166.5718,1051800,0,1,MMM
2016-08-26,180.19,181.25,178.92,179.41,165.5659,1324700,0,1,MMM
2016-08-25,179.0828,180.318,179.05,179.58,165.7228,840300,0,1,MMM
2016-08-24,179.41,179.964,179.01,179.41,165.5659,1137100,0,1,MMM
2016-08-23,179.61,180.5456,179.28,179.77,165.8981,1195800,0,1,MMM
2016-08-22,179.18,179.59,178.3742,179.07,165.2521,1336400,0,1,MMM
2016-08-19,178.66,179.78,178.08,179.61,165.7505,1305300,0,1,MMM
2016-08-18,179.7,179.7,178.58,179.18,165.3537,1087900,0,1,MMM
2016-08-17,178.67,180.09,178.32,179.87,165.9904,1358500,1.11,1,MMM
2016-08-16,180.12,180.33,179.21,179.25,164.3939,1363600,0,1,MMM
2016-08-15,181,181.39,180.46,180.56,165.5953,1268200,0,1,MMM
2016-08-12,181.47,181.47,179.9,180.27,165.3294,1232900,0,1,MMM
2016-08-11,179.0906,181.1,178.88,181,165.9989,2043400,0,1,MMM
2016-08-10,178.12,178.848,177.85,178.82,163.9995,1226300,0,1,MMM
2016-08-09,178.37,178.9,177.94,178.39,163.6052,1098900,0,1,MMM
2016-08-08,178.8924,179.02,178.27,178.58,163.7794,1327700,0,1,MMM
2016-08-05,178.25,179.01,177.37,178.57,163.7703,1799500,0,1,MMM
2016-08-04,178.96,179.42,177.64,177.81,163.0732,1071800,0,1,MMM
2016-08-03,178.72,179.13,177.97,178.38,163.596,1419300,0,1,MMM
2016-08-02,178.58,178.62,177.24,178.36,163.5777,2115100,0,1,MMM
2016-08-01,177.08,178.54,177.08,178.29,163.5135,1598400,0,1,MMM
2016-07-29,178.11,178.823,177.62,178.36,163.5777,1621900,0,1,MMM
2016-07-28,177.65,178.37,177.03,177.98,163.2291,1799500,0,1,MMM
2016-07-27,177.41,178.9512,177.41,178.27,163.4951,2359700,0,1,MMM
2016-07-26,177.17,178.99,176.14,177.66,162.9357,3421600,0,1,MMM
2016-07-25,180.2,180.42,178.92,179.63,164.7424,1937000,0,1,MMM
2016-07-22,180.42,180.53,179.36,180.44,165.4853,1205600,0,1,MMM
2016-07-21,181.29,181.56,179.7,180.26,165.3202,1870800,0,1,MMM
2016-07-20,181.73,182.27,181.32,181.42,166.384,1413300,0,1,MMM
2016-07-19,181.11,181.65,180.29,181.24,166.2189,1051300,0,1,MMM
2016-07-18,181.44,181.7,180.7429,181.11,166.0998,1224400,0,1,MMM
2016-07-15,181.5,181.84,180.56,181.4,166.3657,2475200,0,1,MMM
2016-07-14,180.15,181.32,179.88,180.9,165.9071,1904300,0,1,MMM
2016-07-13,179.22,179.67,178.69,179.21,164.3572,1491500,0,1,MMM
2016-07-12,178.7438,179.63,178.03,179.16,164.3114,1912900,0,1,MMM
2016-07-11,177.41,178.474,177.19,178.01,163.2567,1659500,0,1,MMM
2016-07-08,175.87,177.792,175.82,177.12,162.4404,2726600,0,1,MMM
2016-07-07,175.09,175.64,174.13,174.87,160.3769,1842300,0,1,MMM
2016-07-06,175.2,175.47,174.0666,175.16,160.6429,2383300,0,1,MMM
2016-07-05,174.86,175.78,173.51,175.63,161.0739,2353600,0,1,MMM
2016-07-01,175.14,176.08,174.91,175.54,160.9914,1930900,0,1,MMM
2016-06-30,172.06,175.14,172.06,175.12,160.6062,2449400,0,1,MMM
2016-06-29,171.0062,171.85,170.36,171.52,157.3045,1894100,0,1,MMM
2016-06-28,168.14,169.67,167.96,169.59,155.5345,2237300,0,1,MMM
2016-06-27,167.78,167.83,165.16,167.19,153.3334,2544100,0,1,MMM
2016-06-24,168.87,171.54,168.4,169.12,155.1035,4567500,0,1,MMM
2016-06-23,172.71,174.15,172.46,174.11,159.6799,2021600,0,1,MMM
2016-06-22,171.83,172.6,170.99,171.23,157.0386,1369600,0,1,MMM
2016-06-21,171.18,171.97,171.06,171.37,157.167,1889100,0,1,MMM
2016-06-20,170.9,172.799,170.53,171.23,157.0386,2162800,0,1,MMM
2016-06-17,169.99,170,168.42,168.94,154.9384,3448000,0,1,MMM
2016-06-16,167.35,170.39,166.62,169.93,155.8463,2632100,0,1,MMM
2016-06-15,167.95,168.858,167.47,167.8,153.8929,1694200,0,1,MMM
2016-06-14,167.29,167.81,166.6,167.61,153.7186,2021400,0,1,MMM
2016-06-13,168.45,168.64,167.11,167.13,153.2784,2129900,0,1,MMM
2016-06-10,169.27,169.2899,167.88,168.56,154.5899,2123400,0,1,MMM
2016-06-09,170.5,171.47,169.4,170.13,156.0298,2208800,0,1,MMM
2016-06-08,170.95,171.919,170.65,171.42,157.2128,1684900,0,1,MMM
2016-06-07,170.25,171.49,170.22,170.91,156.7451,1723100,0,1,MMM
2016-06-06,168.85,170.59,168.59,170.08,155.9839,1510700,0,1,MMM
2016-06-03,168.05,168.66,167.51,168.38,154.4248,1433500,0,1,MMM
2016-06-02,168.71,168.71,167.27,168.04,154.113,1980500,0,1,MMM
2016-06-01,167.78,168.93,167.09,168.69,154.7091,1228200,0,1,MMM
2016-05-31,169.32,169.75,167.66,168.32,154.3698,2169600,0,1,MMM
2016-05-27,168.91,169.03,168.28,168.89,154.8925,1099100,0,1,MMM
2016-05-26,170.01,170.77,168.53,168.91,154.9109,1563900,0,1,MMM
2016-05-25,169,170.3629,168.75,169.99,155.9014,1860000,0,1,MMM
2016-05-24,167.16,168.79,166.7,168.63,154.6541,1627400,0,1,MMM
2016-05-23,165.28,166.56,164.52,166.11,152.3429,1653500,0,1,MMM
2016-05-20,165.25,166.47,164.928,165.01,151.3341,1746500,0,1,MMM
2016-05-19,165.373,166.06,163.17,165.11,151.4258,1657300,0,1,MMM
2016-05-18,166.5,167.93,165.76,166.82,152.9941,1624400,1.11,1,MMM
2016-05-17,169.57,169.94,167.085,167.81,152.884,2126000,0,1,MMM
2016-05-16,168.5,169.9,168.43,169.55,154.4693,1826200,0,1,MMM
2016-05-13,170.05,170.38,167.82,168.32,153.3487,1875900,0,1,MMM
2016-05-12,169.86,170.63,168.76,170.15,155.0159,1741900,0,1,MMM
2016-05-11,170.2,171.27,169.57,169.77,154.6697,1786400,0,1,MMM
2016-05-10,169.23,170.39,169.0013,170.26,155.1161,1732600,0,1,MMM
2016-05-09,168.59,169.05,167.69,168.52,153.5309,1301300,0,1,MMM
2016-05-06,167.84,169.05,167,168.89,153.868,1630200,0,1,MMM
2016-05-05,167.46,168.33,167.19,167.77,152.8476,1680200,0,1,MMM
2016-05-04,166.37,167.7,166.29,167.16,152.2919,2118100,0,1,MMM
2016-05-03,167.39,168.07,166.6595,167.97,153.0298,1922200,0,1,MMM
2016-05-02,167.3006,168.5,166.94,168.34,153.3669,1700300,0,1,MMM
2016-04-29,166.98,167.78,166.495,167.38,152.4923,1961200,0,1,MMM
2016-04-28,166.85,168.77,166.2,167,152.1461,1654700,0,1,MMM
2016-04-27,166.99,168.38,166.1,167.76,152.8385,2227700,0,1,MMM
2016-04-26,167.5,167.7878,164.97,166.18,151.399,3192100,0,1,MMM
2016-04-25,168,168.51,166.64,168.38,153.4033,2378300,0,1,MMM
2016-04-22,169.09,169.76,167.85,168.66,153.6584,1802300,0,1,MMM
2016-04-21,168.97,169.7,168.41,168.66,153.6584,1635000,0,1,MMM
2016-04-20,170.14,170.45,168.62,168.94,153.9135,1439700,0,1,MMM
2016-04-19,169.92,170.77,169.07,169.65,154.5604,1849100,0,1,MMM
2016-04-18,168.47,169.87,168.39,169.55,154.4693,1146600,0,1,MMM
2016-04-15,168.32,169,168.2,168.78,153.7677,1417000,0,1,MMM
2016-04-14,169,169,167.88,168.16,153.2029,1213400,0,1,MMM
2016-04-13,168.47,168.9,167.71,168.59,153.5947,1545900,0,1,MMM
2016-04-12,167.01,168.395,166.93,168.03,153.0845,1636500,0,1,MMM
2016-04-11,167.12,167.96,166.57,166.59,151.7725,1521100,0,1,MMM
2016-04-08,167.71,167.99,166.1,166.63,151.809,1729300,0,1,MMM
2016-04-07,165.869,167.23,165.25,167.16,152.2919,2728300,0,1,MMM
2016-04-06,165.34,167.08,164.84,166.81,151.973,2092200,0,1,MMM
2016-04-05,165.18,166.55,164.65,165.81,151.0619,1617400,0,1,MMM
2016-04-04,167.11,167.49,165.92,166.4,151.5994,2022800,0,1,MMM
2016-04-01,165.63,167.74,164.79,167.53,152.6289,2011600,0,1,MMM
2016-03-31,166.75,167.5,166.5,166.63,151.809,1777200,0,1,MMM
2016-03-30,165.37,167.215,165.16,166.75,151.9183,2195300,0,1,MMM
2016-03-29,164.93,164.99,163.1192,164.39,149.7682,2525000,0,1,MMM
2016-03-28,164.93,166.65,164.58,166.28,151.4901,2336700,0,1,MMM
2016-03-24,163.68,164.54,163.047,164.46,149.832,1868800,0,1,MMM
2016-03-23,164.6,164.99,163.46,164.27,149.6589,2305000,0,1,MMM
2016-03-22,164.5013,165.5,164.39,164.91,150.242,2146300,0,1,MMM
2016-03-21,165.05,165.31,164.41,164.84,150.1782,2095100,0,1,MMM
2016-03-18,164.15,165.33,163.9,165.33,150.6246,5853000,0,1,MMM
2016-03-17,163.16,164.36,162.84,163.75,149.1852,2790000,0,1,MMM
2016-03-16,161.96,163.3,161.52,162.89,148.4016,1927700,0,1,MMM
2016-03-15,160.16,162.5,159.35,162.41,147.9643,1827900,0,1,MMM
2016-03-14,161.61,162.77,161,161.81,147.4177,1747300,0,1,MMM
2016-03-11,161.14,162.05,160.65,161.88,147.4815,1697200,0,1,MMM
2016-03-10,160.7741,160.8,158.28,159.89,145.6685,1875700,0,1,MMM
2016-03-09,160.5,160.78,159.52,160.09,145.8507,1883000,0,1,MMM
2016-03-08,159.4,160.61,159.35,160.2,145.9509,2020100,0,1,MMM
2016-03-07,159.98,160.57,158.17,160.57,146.288,2012800,0,1,MMM
2016-03-04,159.46,160.29,158.92,160.07,145.8325,1766300,0,1,MMM
2016-03-03,159.41,159.69,158.51,159.38,145.2038,1926000,0,1,MMM
2016-03-02,158.88,159.88,158.54,159.41,145.2311,1807200,0,1,MMM
2016-03-01,158.75,159.7,157.61,159.59,145.3951,2204100,0,1,MMM
2016-02-29,157.9961,159.12,156.82,156.87,142.9171,1993200,0,1,MMM
2016-02-26,159.15,159.5,158.08,158.27,144.1926,1843700,0,1,MMM
2016-02-25,157.54,159,157.01,158.99,144.8485,1718100,0,1,MMM
2016-02-24,154.84,157.615,153.64,157.22,143.236,1937800,0,1,MMM
2016-02-23,157.63,157.69,155.165,156.17,142.2794,1922800,0,1,MMM
2016-02-22,157.5,158.48,157.11,157.7,143.6732,2207600,0,1,MMM
2016-02-19,157,157.09,155.87,156.45,142.5345,2121300,0,1,MMM
2016-02-18,156.35,156.97,155.97,156.78,142.8351,2010200,0,1,MMM
2016-02-17,156,157.13,155.6,156.62,142.6894,2156100,0,1,MMM
2016-02-16,155,155.9,154.26,155.53,141.6963,2140600,0,1,MMM
2016-02-12,151.51,154.07,150.91,153.96,140.266,2292200,0,1,MMM
2016-02-11,149.91,152,149,150.67,137.2686,3182200,0,1,MMM
2016-02-10,154.43,155.49,152.12,152.45,138.8902,2911900,1.11,1,MMM
2016-02-09,152.95,155.76,152.45,154.74,139.9653,2968400,0,1,MMM
2016-02-08,151.63,154.43,151.008,153.9,139.2054,2505400,0,1,MMM
2016-02-05,153.2,153.88,151.82,153.47,138.8165,3368500,0,1,MMM
2016-02-04,152.42,154.38,151.778,153.44,138.7894,3458400,0,1,MMM
2016-02-03,149.36,152.85,148.96,152.52,137.9573,5766800,0,1,MMM
2016-02-02,147.59,148.275,146.05,147.87,133.7512,3581800,0,1,MMM
2016-02-01,149.33,149.79,148.0978,148.73,134.5291,2701500,0,1,MMM
2016-01-29,148.24,151,147.9986,151,136.5824,3993200,0,1,MMM
2016-01-28,146.16,147.84,145.22,147.32,133.2538,3067400,0,1,MMM
2016-01-27,144.9558,147.97,144.05,145.55,131.6528,3596400,0,1,MMM
2016-01-26,141.79,145.02,140.33,144.78,130.9563,5129100,0,1,MMM
2016-01-25,138.96,139.37,137.53,137.57,124.4347,2805500,0,1,MMM
2016-01-22,140.14,140.43,138.083,139.52,126.1985,2979100,0,1,MMM
2016-01-21,136.96,138.67,136.15,137.76,124.6065,3355200,0,1,MMM
2016-01-20,136.95,137.75,134.644,136.96,123.8829,4136300,0,1,MMM
2016-01-19,140.1,140.8,137.41,138.39,125.1764,3399800,0,1,MMM
2016-01-15,138.3,140.1,137.21,138.69,125.4478,4683500,0,1,MMM
2016-01-14,139.74,142.44,138.86,141.18,127.7,3720400,0,1,MMM
2016-01-13,140.89,142.19,138.54,138.72,125.4749,2598300,0,1,MMM
2016-01-12,141.36,142.15,139.13,140.86,127.4106,2363500,0,1,MMM
2016-01-11,140.97,141.43,139.41,140.46,127.0488,2775500,0,1,MMM
2016-01-08,141.36,142.5,140.22,140.49,127.0759,2664000,0,1,MMM
2016-01-07,142.52,143.13,140.63,140.97,127.5101,3553500,0,1,MMM
2016-01-06,145.59,145.76,143.42,144.49,130.694,2997100,0,1,MMM
2016-01-05,146.82,147.5,145.61,147.46,133.3804,2688100,0,1,MMM
2016-01-04,148.05,148.32,145.4,146.82,132.8015,3277200,0,1,MMM
2015-12-31,151.73,152.12,150.63,150.64,136.2568,1607100,0,1,MMM
2015-12-30,152.7914,153.7,151.731,151.91,137.4055,1553100,0,1,MMM
2015-12-29,152.2,153.26,152,152.89,138.2919,1824700,0,1,MMM
2015-12-28,151.13,151.77,150.27,151.22,136.7814,1275200,0,1,MMM
2015-12-24,150.82,151.8,150.58,151.19,136.7542,848400,0,1,MMM
2015-12-23,149.69,151.58,149.52,151.16,136.7271,2215300,0,1,MMM
2015-12-22,148.12,149.49,147.28,148.97,134.7462,2528700,0,1,MMM
2015-12-21,147.58,148.33,146.69,147.48,133.3984,2284400,0,1,MMM
2015-12-18,148.21,148.6,146.76,146.92,132.8919,5736400,0,1,MMM
2015-12-17,150.15,150.86,148.83,148.85,134.6377,3053900,0,1,MMM
2015-12-16,148.15,150.54,147.74,149.95,135.6326,4774100,0,1,MMM
2015-12-15,151.9863,153.02,147.08,148.13,133.9864,8645900,0,1,MMM
2015-12-14,155.29,157.77,154.335,157.63,142.5793,3462200,0,1,MMM
2015-12-11,155.55,156.4,154.42,154.83,140.0467,2523200,0,1,MMM
2015-12-10,155.73,158.69,155.585,157.52,142.4798,2551200,0,1,MMM
2015-12-09,156.17,158.24,154.94,156.05,141.1502,2660800,0,1,MMM
2015-12-08,156.44,157.86,155.675,156.79,141.8195,2350400,0,1,MMM
2015-12-07,157.53,158,156.81,157.75,142.6879,2142800,0,1,MMM
2015-12-04,154.79,158.39,154.57,158.22,143.113,2175800,0,1,MMM
2015-12-03,156.56,156.8991,153.71,154.38,139.6396,2609500,0,1,MMM
2015-12-02,156.88,157.25,155.51,155.7,140.8336,2034700,0,1,MMM
2015-12-01,156.41,157.67,156.17,156.9,141.9191,2259000,0,1,MMM
2015-11-30,158.1,158.47,156.57,156.58,141.6296,2934200,0,1,MMM
2015-11-27,157.51,158.49,156.94,157.99,142.905,876100,0,1,MMM
2015-11-25,158.06,158.47,157.6284,157.63,142.5793,1184100,0,1,MMM
2015-11-24,157.37,158.34,156.8853,157.75,142.6879,2100600,0,1,MMM
2015-11-23,158.9,159.77,158.16,158.65,143.502,1430400,0,1,MMM
2015-11-20,158.68,159.84,158.34,158.95,143.7733,1891100,0,1,MMM
2015-11-19,157.63,158.51,156.71,158.38,143.2577,1518200,0,1,MMM
2015-11-18,156.18,157.5,156.08,157.39,142.3622,2226900,1.025,1,MMM
2015-11-17,158.36,158.53,156.52,157.03,141.1095,2393000,0,1,MMM
2015-11-16,155.6139,158.26,155.61,158.21,142.1699,2395000,0,1,MMM
2015-11-13,155.9942,156.92,155.6,155.65,139.8694,2434500,0,1,MMM
2015-11-12,157.78,158.29,156.16,156.3,140.4535,2305600,0,1,MMM
2015-11-11,157.86,159.49,157.54,159.05,142.9247,2518900,0,1,MMM
2015-11-10,157.23,157.64,156.43,157.59,141.6127,1962900,0,1,MMM
2015-11-09,158.67,158.6703,156.75,157.47,141.5049,2421000,0,1,MMM
2015-11-06,158.0259,159.26,157.73,159.26,143.1134,1860000,0,1,MMM
2015-11-05,159.38,159.58,158.27,158.99,142.8708,2023900,0,1,MMM
2015-11-04,159,159.48,158.61,158.91,142.7989,2254000,0,1,MMM
2015-11-03,159.48,159.8,158.67,158.75,142.6551,2972800,0,1,MMM
2015-11-02,157.51,160.0964,157.34,159.92,143.7065,2701800,0,1,MMM
2015-10-30,157.8,158.68,157.21,157.21,141.2713,2672100,0,1,MMM
2015-10-29,157.75,157.91,156.88,157.61,141.6307,1484600,0,1,MMM
2015-10-28,156.49,158.3205,156.2,158.08,142.0531,2724700,0,1,MMM
2015-10-27,156,157.0025,155.08,156.73,140.8399,1970100,0,1,MMM
2015-10-26,156.06,156.76,155.64,156.54,140.6692,2136100,0,1,MMM
2015-10-23,156.54,157.19,154.5,155.79,139.9952,2997400,0,1,MMM
2015-10-22,151.34,157.04,150.65,156,140.1839,5111900,0,1,MMM
2015-10-21,149.5,151.39,148.9,149.82,134.6305,3009900,0,1,MMM
2015-10-20,147.45,149.67,147.137,149.11,133.9925,2409300,0,1,MMM
2015-10-19,147.97,148.4214,147.23,148,132.995,2004200,0,1,MMM
2015-10-16,149.77,149.78,147.48,148.7,133.624,2490300,0,1,MMM
2015-10-15,149.64,149.88,148.02,149.19,134.0644,2588500,0,1,MMM
2015-10-14,148.9989,149.662,148.18,148.32,133.2826,2260300,0,1,MMM
2015-10-13,148.91,150,148.73,149.11,133.9925,2027600,0,1,MMM
2015-10-12,150.26,150.56,149.54,150.06,134.8462,1429300,0,1,MMM
2015-10-09,149.56,150.65,149.3,149.9,134.7024,2294000,0,1,MMM
2015-10-08,146.65,149.56,146.59,149.48,134.325,2008800,0,1,MMM
2015-10-07,146.74,148.54,146.132,147.54,132.5816,1954000,0,1,MMM
2015-10-06,145.99,146.64,145.4,145.79,131.0091,2256800,0,1,MMM
2015-10-05,144.3,146.595,143.63,146.32,131.4853,2987200,0,1,MMM
2015-10-02,139.08,143.3,138.57,143.2,128.6817,3064400,0,1,MMM
2015-10-01,142.21,142.5,139.58,140.8,126.525,2486300,0,1,MMM
2015-09-30,142.52,143.225,140.5017,141.77,127.3967,3619300,0,1,MMM
2015-09-29,138.62,142.16,138.43,141.55,127.1989,4946000,0,1,MMM
2015-09-28,138.3,139.7,138.3,138.38,124.3503,3468900,0,1,MMM
2015-09-25,139.62,140.12,138.5704,139.56,125.4107,3767200,0,1,MMM
2015-09-24,136.63,138.03,135.39,137.58,123.6314,2690300,0,1,MMM
2015-09-23,138.53,138.9,136.86,137.66,123.7033,2684500,0,1,MMM
2015-09-22,138.27,138.51,137.25,138.02,124.0268,2775300,0,1,MMM
2015-09-21,140.5,141.08,139.35,140.04,125.842,2492600,0,1,MMM
2015-09-18,141.17,141.3,139.21,139.62,125.4646,6526000,0,1,MMM
2015-09-17,143.81,145.5415,142.52,142.95,128.457,2855100,0,1,MMM
2015-09-16,143.51,144.46,143.21,144.2,129.5803,2060300,0,1,MMM
2015-09-15,141.56,143.84,141.04,143.6,129.0411,2690800,0,1,MMM
2015-09-14,141.52,141.58,140.03,140.81,126.534,2277200,0,1,MMM
2015-09-11,140.61,141.33,139.77,141.26,126.9383,2505200,0,1,MMM
2015-09-10,141,141.91,140.15,140.78,126.507,2031200,0,1,MMM
2015-09-09,144.86,145.35,140.57,140.86,126.5789,2642800,0,1,MMM
2015-09-08,142.05,143.55,141.5055,143.43,128.8883,2432900,0,1,MMM
2015-09-04,139.94,140.67,139.16,139.84,125.6623,3195800,0,1,MMM
2015-09-03,141.94,142.9,141.31,141.74,127.3697,2606200,0,1,MMM
2015-09-02,140.54,141.24,139.24,141.24,126.9203,3312700,0,1,MMM
2015-09-01,139.48,140.49,137.94,138.5,124.4582,3671400,0,1,MMM
2015-08-31,143,143.83,142.02,142.14,127.7291,2514900,0,1,MMM
2015-08-28,143.0209,144.32,142.8,144.21,129.5892,2664100,0,1,MMM
2015-08-27,143.75,144.95,141.33,143.9,129.3107,4104600,0,1,MMM
2015-08-26,140,142.79,138.53,142.72,128.2503,4562200,0,1,MMM
2015-08-25,141.86,142.06,137.39,137.64,123.6854,5435900,0,1,MMM
2015-08-24,137.12,142.09,134,138.58,124.5301,7359500,0,1,MMM
2015-08-21,143.52,145.32,141.92,142.09,127.6842,5442000,0,1,MMM
2015-08-20,144.51,144.87,143.34,143.35,128.8164,3281700,0,1,MMM
2015-08-19,146.2,147.55,145.28,145.87,131.081,2525700,1.025,1,MMM
2015-08-18,148.63,148.92,147.88,148.31,132.3525,1705500,0,1,MMM
2015-08-17,147.43,149.31,146.3648,149.24,133.1824,1648900,0,1,MMM
2015-08-14,147.66,148.51,147.32,148.28,132.3257,1401900,0,1,MMM
2015-08-13,148,148.56,147.082,147.4,131.5404,1793100,0,1,MMM
2015-08-12,147.24,148.71,146.07,148.52,132.5399,2036700,0,1,MMM
2015-08-11,150,150,148.26,148.48,132.5042,1810800,0,1,MMM
2015-08-10,150,151.4,149.89,151.24,134.9672,1571800,0,1,MMM
2015-08-07,148.48,150,148.162,148.89,132.8701,1668700,0,1,MMM
2015-08-06,150.89,151.22,148.9,149.26,133.2003,1764800,0,1,MMM
2015-08-05,151.85,153.24,150.92,151.01,134.762,1765600,0,1,MMM
2015-08-04,150.93,151.54,150.11,150.4,134.2176,1811900,0,1,MMM
2015-08-03,150.79,151.78,148.944,150.12,133.9678,2355100,0,1,MMM
2015-07-31,152.53,152.81,151.03,151.34,135.0565,1619600,0,1,MMM
2015-07-30,151,151.73,150.33,151.57,135.2617,2119100,0,1,MMM
2015-07-29,151.44,151.69,150.7117,151.45,135.1547,2176900,0,1,MMM
2015-07-28,148.85,151.72,148.325,151.11,134.8512,3277700,0,1,MMM
2015-07-27,148.64,149,147.7,148.71,132.7095,3117600,0,1,MMM
2015-07-24,148.86,150.8,148.7,149.33,133.2628,3433600,0,1,MMM
2015-07-23,151.92,153.69,149.02,149.5,133.4145,5176400,0,1,MMM
2015-07-22,155.59,156.31,154.44,155.41,138.6886,3067700,0,1,MMM
2015-07-21,156.75,157.1848,155.34,155.76,139.0009,2743900,0,1,MMM
2015-07-20,156.77,157.65,156.27,157.12,140.2146,2349000,0,1,MMM
2015-07-17,156.5,157.37,156.43,156.69,139.8309,2429000,0,1,MMM
2015-07-16,157.5841,157.94,156.69,157.17,140.2592,2023900,0,1,MMM
2015-07-15,156.5651,157,155.9,156,139.2151,1786100,0,1,MMM
2015-07-14,156.49,157.08,156.28,156.78,139.9112,1811400,0,1,MMM
2015-07-13,156.42,156.7672,155.65,156.47,139.6345,2107200,0,1,MMM
2015-07-10,154.74,155.86,154.5,154.95,138.278,2061300,0,1,MMM
2015-07-09,154.59,155.5,153.75,153.75,137.2072,2069200,0,1,MMM
2015-07-08,154.08,154.5,152.7,152.71,136.2791,2613300,0,1,MMM
2015-07-07,155.14,155.63,153.16,155.43,138.7064,2865300,0,1,MMM
2015-07-06,153.89,155.58,153.83,155.08,138.3941,2172200,0,1,MMM
2015-07-02,156.08,156.08,154.9,155.38,138.6618,2022400,0,1,MMM
2015-07-01,156.13,156.43,154.66,155.65,138.9027,1726800,0,1,MMM
2015-06-30,155,155.3,154.07,154.3,137.698,2561000,0,1,MMM
2015-06-29,155.92,156.44,153.92,153.95,137.3857,2475000,0,1,MMM
2015-06-26,156.16,157.99,155.93,157.09,140.1878,2625500,0,1,MMM
2015-06-25,157.85,158.32,155.92,155.92,139.1437,2564000,0,1,MMM
2015-06-24,159.68,159.96,157.54,157.54,140.5894,2862900,0,1,MMM
2015-06-23,160.41,160.87,159.51,159.84,142.6419,2286400,0,1,MMM
2015-06-22,159.85,160.7,159.45,159.68,142.4991,1447400,0,1,MMM
2015-06-19,159.36,159.88,158.94,158.95,141.8477,3287200,0,1,MMM
2015-06-18,157.59,160.2381,157.385,159.62,142.4456,2528900,0,1,MMM
2015-06-17,156.6,157.59,155.75,156.95,140.0629,1839400,0,1,MMM
2015-06-16,155.4915,157.04,155.37,156.49,139.6524,1729300,0,1,MMM
2015-06-15,157.08,157.32,155.39,155.87,139.0991,2353100,0,1,MMM
2015-06-12,159.85,159.99,157.8966,158.04,141.0356,1910500,0,1,MMM
2015-06-11,159.12,160.36,159,159.86,142.6597,1854200,0,1,MMM
2015-06-10,156.95,159.57,156.95,159.04,141.928,1758900,0,1,MMM
2015-06-09,156.85,158.26,156.6,156.98,140.0896,1810800,0,1,MMM
2015-06-08,156.5,157.41,156.3,156.59,139.7416,1608600,0,1,MMM
2015-06-05,157.5,157.97,156.97,157.08,140.1789,2314800,0,1,MMM
2015-06-04,159.51,160.38,158.0913,158.35,141.3122,2237600,0,1,MMM
2015-06-03,159.61,160.5,158.98,160.16,142.9275,2074500,0,1,MMM
2015-06-02,158.28,159.88,157.95,159.08,141.9637,2481100,0,1,MMM
2015-06-01,159.1,159.76,158.57,158.98,141.8745,1906100,0,1,MMM
2015-05-29,160.44,160.79,158.74,159.08,141.9637,2880500,0,1,MMM
2015-05-28,160.35,160.8904,159.61,160.87,143.5611,1578100,0,1,MMM
2015-05-27,159.82,161.31,159.53,161.02,143.6949,2625900,0,1,MMM
2015-05-26,160.98,161.32,159.035,159.59,142.4188,2471100,0,1,MMM
2015-05-22,161.99,162.33,160.66,160.98,143.6593,1822700,0,1,MMM
2015-05-21,161.8965,162.354,161.8,162.06,144.623,2400800,0,1,MMM
2015-05-20,162.42,163.07,161.84,161.9,144.4803,1978100,1.025,1,MMM
2015-05-19,163.07,163.59,162.55,163.12,144.6543,2075100,0,1,MMM
2015-05-18,163,163.59,162.31,162.87,144.4326,1747800,0,1,MMM
2015-05-15,163.15,163.77,162.65,163.3,144.8139,1923800,0,1,MMM
2015-05-14,162.09,163.2786,161.8,163.15,144.6809,2462500,0,1,MMM
2015-05-13,160.43,161.74,160.36,161.31,143.0492,2587900,0,1,MMM
2015-05-12,158.71,160.4,158.01,160.07,141.9496,1864800,0,1,MMM
2015-05-11,160.2611,161,159.8,159.9,141.7988,1708700,0,1,MMM
2015-05-08,160.25,161.4,160.06,160.6,142.4196,2025500,0,1,MMM
2015-05-07,157.23,159.2,157.23,158.61,140.6548,2112900,0,1,MMM
2015-05-06,157.92,159.08,156.55,157.64,139.7947,2203100,0,1,MMM
2015-05-05,158.86,159.45,157.41,157.91,140.0341,1947700,0,1,MMM
2015-05-04,158.4,159.85,157.88,159.02,141.0184,2240300,0,1,MMM
2015-05-01,156.79,158.09,156.79,157.68,139.8301,2160100,0,1,MMM
2015-04-30,156.82,157.915,156.01,156.39,138.6861,3510200,0,1,MMM
2015-04-29,157.42,157.93,156.18,156.97,139.2005,3078600,0,1,MMM
2015-04-28,157.69,158.36,156.18,158.33,140.4065,3387900,0,1,MMM
2015-04-27,159.48,160.065,157.8139,157.98,140.0961,3448800,0,1,MMM
2015-04-24,159.81,159.81,157.85,158.99,140.9918,3043500,0,1,MMM
2015-04-23,159.54,161.45,158.61,159.66,141.586,5704500,0,1,MMM
2015-04-22,163.81,164.89,162.57,164.67,146.0288,2228800,0,1,MMM
2015-04-21,165.65,165.7,163.62,164,145.4346,1970500,0,1,MMM
2015-04-20,163,165.39,162.73,164.51,145.887,2394200,0,1,MMM
2015-04-17,164.53,164.54,161.13,161.71,143.4039,3063500,0,1,MMM
2015-04-16,165.73,166.65,165.1,165.89,147.1107,1662800,0,1,MMM
2015-04-15,166.72,167.34,165.86,166.44,147.5985,1995800,0,1,MMM
2015-04-14,165.32,166.4838,164.17,165.99,147.1994,1914300,0,1,MMM
2015-04-13,166.76,167.36,165.6,165.84,147.0664,1860400,0,1,MMM
2015-04-10,167.5,167.7,166.2108,167.07,148.1571,1501900,0,1,MMM
2015-04-09,166.25,167.18,165.08,166.79,147.9089,1680100,0,1,MMM
2015-04-08,166.21,167.22,165.21,166.27,147.4477,1754400,0,1,MMM
2015-04-07,165.4,167.57,165.2679,166.21,147.3945,2479500,0,1,MMM
2015-04-06,161.66,165.99,161.4,165.48,146.7471,2560300,0,1,MMM
2015-04-02,163.38,163.97,162.12,162.8,144.3705,1852600,0,1,MMM
2015-04-01,164.29,164.54,161.9,162.52,144.1222,2148100,0,1,MMM
2015-03-31,165.4044,166,164.62,164.95,146.2771,2081300,0,1,MMM
2015-03-30,164.2,166.77,164.2,166.05,147.2526,1684000,0,1,MMM
2015-03-27,162.36,163.9,162.02,163.5,144.9913,1722600,0,1,MMM
2015-03-26,162,163.37,161.21,162.59,144.1843,2050700,0,1,MMM
2015-03-25,166.24,166.52,162.66,162.7,144.2818,2540900,0,1,MMM
2015-03-24,165.58,167.65,165.53,166.32,147.492,2091000,0,1,MMM
2015-03-23,166.83,166.905,165.83,166.13,147.3235,2157300,0,1,MMM
2015-03-20,166.09,167.134,165.39,166.49,147.6428,4371800,0,1,MMM
2015-03-19,166.1634,166.21,164.85,165.66,146.9068,1953500,0,1,MMM
2015-03-18,163.16,166.95,162.05,166.47,147.625,3062400,0,1,MMM
2015-03-17,165.52,165.5311,163.38,164.23,145.6386,2557900,0,1,MMM
2015-03-16,163.58,166.27,163.5709,166.21,147.3945,2111200,0,1,MMM
2015-03-13,164.02,164.39,161.78,162.74,144.3173,2284700,0,1,MMM
2015-03-12,162.59,164.52,162.57,164.47,145.8515,1715000,0,1,MMM
2015-03-11,162.7,163.22,161.66,161.73,143.4216,1894300,0,1,MMM
2015-03-10,164.8055,164.86,162.25,162.26,143.8916,2564600,0,1,MMM
2015-03-09,164.72,166.78,164.51,166.37,147.5364,1608100,0,1,MMM
2015-03-06,166.5,166.77,164.01,164.36,145.7539,2114400,0,1,MMM
2015-03-05,167.21,167.7,166.69,167.57,148.6005,1547200,0,1,MMM
2015-03-04,168.26,168.26,166.46,167.16,148.237,1575700,0,1,MMM
2015-03-03,169.57,169.6,167.36,168.27,149.2213,2232400,0,1,MMM
2015-03-02,168.16,170.5,168.12,170.5,151.1989,2223100,0,1,MMM
2015-02-27,169.66,169.7401,168.555,168.65,149.5583,1946000,0,1,MMM
2015-02-26,168.85,169.98,168.64,169.61,150.4096,1789400,0,1,MMM
2015-02-25,168.97,169.66,168.62,168.89,149.7711,2019100,0,1,MMM
2015-02-24,168.27,169.25,168.07,169.12,149.9751,1770300,0,1,MMM
2015-02-23,168.14,168.867,167.704,168.81,149.7001,1836000,0,1,MMM
2015-02-20,166.74,168.27,165.13,168.12,149.0883,2416600,0,1,MMM
2015-02-19,167.4,167.55,166.58,167.09,148.1749,1648800,0,1,MMM
2015-02-18,166.34,167.51,166.01,167.4,148.4498,1552000,0,1,MMM
2015-02-17,165.94,166.92,165.1032,166.92,148.0241,2100900,0,1,MMM
2015-02-13,165.9,166.62,165.33,165.94,147.1551,1792000,0,1,MMM
2015-02-12,164.93,165.95,164.8588,165.91,147.1285,1615700,0,1,MMM
2015-02-11,164.52,164.97,163.47,164.48,145.8603,1695100,1.025,1,MMM
2015-02-10,165.4,166.14,164.6,165.82,146.1397,1885100,0,1,MMM
2015-02-09,164.38,165.54,163.84,164.84,145.276,2073000,0,1,MMM
2015-02-06,166.23,167.68,165.56,166.07,146.36,1826900,0,1,MMM
2015-02-05,165.31,166.59,164.75,166.55,146.783,2050500,0,1,MMM
2015-02-04,165.78,165.83,164.24,164.81,145.2496,2363600,0,1,MMM
2015-02-03,165.17,166.19,164.71,165.94,146.2454,2604800,0,1,MMM
2015-02-02,162.12,164.62,160.89,164.42,144.9058,2379700,0,1,MMM
2015-01-30,164.75,165.22,162.3,162.3,143.0374,3561900,0,1,MMM
2015-01-29,164.07,166.16,162.88,166.13,146.4129,2674600,0,1,MMM
2015-01-28,164.61,166.57,163.76,163.94,144.4828,3574600,0,1,MMM
2015-01-27,162.31,165.14,160.94,163.63,144.2096,4190700,0,1,MMM
2015-01-26,163.62,164.28,161.8,164.24,144.7472,3556300,0,1,MMM
2015-01-23,165.75,165.98,163.91,164.02,144.5533,2245600,0,1,MMM
2015-01-22,163.26,165.99,162.13,165.89,146.2014,2225800,0,1,MMM
2015-01-21,161.66,163.37,161.02,162.54,143.249,1597700,0,1,MMM
2015-01-20,162.7221,163.4,160.06,161.94,142.7201,2091800,0,1,MMM
2015-01-16,159.86,162.18,159.09,162,142.7731,2349700,0,1,MMM
2015-01-15,160.89,161.44,159.368,159.66,140.7108,1876800,0,1,MMM
2015-01-14,159.04,160.53,158.5,159.84,140.8694,1983500,0,1,MMM
2015-01-13,162.23,164.384,159.45,160.62,141.5568,2703000,0,1,MMM
2015-01-12,162.39,162.3704,160.02,160.74,141.6626,2149200,0,1,MMM
2015-01-09,163.85,164,161.27,161.62,142.4382,2378600,0,1,MMM
2015-01-08,160.65,163.69,160.52,163.63,144.2096,3142900,0,1,MMM
2015-01-07,159.9,160.28,158.94,159.8,140.8341,3081300,0,1,MMM
2015-01-06,160.82,161.37,157.744,158.65,139.8206,3532000,0,1,MMM
2015-01-05,163,163.64,160.08,160.36,141.3277,3692900,0,1,MMM
2015-01-02,164.71,165.08,162.73,164.06,144.5885,2116400,0,1,MMM
2014-12-31,166,167.17,164.2,164.32,144.8177,1623700,0,1,MMM
2014-12-30,166.55,166.74,165.28,165.84,146.1573,1180700,0,1,MMM
2014-12-29,166.3,167.12,165.81,166.71,146.924,1215700,0,1,MMM
2014-12-26,167.34,167.81,166.15,166.26,146.5275,1607400,0,1,MMM
2014-12-24,166.1709,167.61,166.17,166.96,147.1444,981600,0,1,MMM
2014-12-23,168.02,168.16,166.87,166.87,147.0651,2190200,0,1,MMM
2014-12-22,166.22,167.305,166.14,167.27,147.4176,2081600,0,1,MMM
2014-12-19,164.78,166.09,164.36,165.48,145.84,4891300,0,1,MMM
2014-12-18,162.4,165.3,162,165.3,145.6814,3359800,0,1,MMM
2014-12-17,159.2883,160.89,157.78,160.6,141.5392,3942600,0,1,MMM
2014-12-16,157.26,161.44,157.08,159.05,140.1732,3380800,0,1,MMM
2014-12-15,158.12,158.44,155.59,156.85,138.2343,2609300,0,1,MMM
2014-12-12,158.56,158.99,157.12,157.12,138.4722,2820600,0,1,MMM
2014-12-11,159.18,160.22,158.42,159.15,140.2613,2437300,0,1,MMM
2014-12-10,160.71,160.81,157.7,158.24,139.4593,3243700,0,1,MMM
2014-12-09,159.89,161.1,159.1176,160.83,141.7419,2043100,0,1,MMM
2014-12-08,162.108,162.8,160.1,160.93,141.83,1898300,0,1,MMM
2014-12-05,162.4,162.9,161.88,162.27,143.011,1722600,0,1,MMM
2014-12-04,162,162.92,160.9,162.26,143.0022,2164200,0,1,MMM
2014-12-03,161.1,162.44,160.17,162.26,143.0022,3038800,0,1,MMM
2014-12-02,158.78,160.78,158.54,160.6,141.5392,2504400,0,1,MMM
2014-12-01,158.35,159.505,157.86,158.16,139.3888,2502100,0,1,MMM
2014-11-28,159.58,160.82,158.8,160.09,141.0898,1565500,0,1,MMM
2014-11-26,157.97,158.45,157.5,158.31,139.521,1823200,0,1,MMM
2014-11-25,159,159.68,158.06,158.06,139.3007,3646300,0,1,MMM
2014-11-24,160.16,160.5634,159.41,159.88,140.9046,2358200,0,1,MMM
2014-11-21,160.31,160.86,159.59,160.16,141.1514,2472000,0,1,MMM
2014-11-20,158.19,159.55,157.8482,159.36,140.4464,1749000,0,1,MMM
2014-11-19,159.33,159.41,157.97,158.83,139.9792,2314700,0.855,1,MMM
2014-11-18,158.88,160.46,158.85,160.15,140.3891,2311400,0,1,MMM
2014-11-17,158.09,159.16,158.09,158.69,139.1092,1674300,0,1,MMM
2014-11-14,158.53,158.88,157.71,158.85,139.2495,1786300,0,1,MMM
2014-11-13,158,159.07,157.48,158.35,138.8112,2375100,0,1,MMM
2014-11-12,156.65,157.87,156.5,157.68,138.2239,1500700,0,1,MMM
2014-11-11,157.95,158,156.65,157.11,137.7242,1806600,0,1,MMM
2014-11-10,156.25,157.71,156.05,157.66,138.2064,1463500,0,1,MMM
2014-11-07,156.15,156.62,155.475,156.55,137.2333,1882800,0,1,MMM
2014-11-06,155.69,156.68,155.21,156.05,136.795,2067200,0,1,MMM
2014-11-05,155.68,156.24,154.14,155.69,136.4794,2770400,0,1,MMM
2014-11-04,153.92,155.23,153.24,155.05,135.9184,3128600,0,1,MMM
2014-11-03,153.14,154.39,152.98,153.3,134.3843,2367500,0,1,MMM
2014-10-31,153.83,154.44,153.09,153.77,134.7964,3016300,0,1,MMM
2014-10-30,150.49,152.4,150,152.1,133.3324,1836500,0,1,MMM
2014-10-29,151.39,151.73,150.2,151.01,132.3769,2060600,0,1,MMM
2014-10-28,149.83,151.13,149.56,151.06,132.4207,2358800,0,1,MMM
2014-10-27,148.09,149.71,147.34,149.56,131.1058,2840000,0,1,MMM
2014-10-24,145,148.79,144.81,148.59,130.2555,4480900,0,1,MMM
2014-10-23,141.92,147.92,141.92,145.05,127.1523,7424400,0,1,MMM
2014-10-22,140.9,141.09,138.7,138.95,121.805,4294300,0,1,MMM
2014-10-21,138.4,141.1,138.34,140.93,123.5407,3078400,0,1,MMM
2014-10-20,137.15,137.75,136.76,137.6,120.6216,2782500,0,1,MMM
2014-10-17,135.75,137.8667,135.75,137.4,120.4462,3746400,0,1,MMM
2014-10-16,133.42,135.9693,132.752,135.05,118.3862,3497200,0,1,MMM
2014-10-15,132.56,134.64,130.6,134.22,117.6586,4794700,0,1,MMM
2014-10-14,133.65,135.9462,133.21,134.18,117.6235,3644300,0,1,MMM
2014-10-13,134.26,135.3576,131.01,132.9,116.5015,4583400,0,1,MMM
2014-10-10,139.33,139.6,133.82,133.83,117.3167,7366500,0,1,MMM
2014-10-09,141.15,141.5,138.33,138.64,121.5332,3768000,0,1,MMM
2014-10-08,138.25,141.48,137.7096,141.41,123.9614,4135500,0,1,MMM
2014-10-07,138.82,140.18,137.66,137.68,120.6917,3144900,0,1,MMM
2014-10-06,140.5484,141.28,139.59,140.34,123.0234,2464700,0,1,MMM
2014-10-03,139.33,140.45,138.57,140.17,122.8744,3514100,0,1,MMM
2014-10-02,138.57,139.32,137.95,138.67,121.5595,3221300,0,1,MMM
2014-10-01,141.16,141.67,138.7211,139.18,122.0066,2925900,0,1,MMM
2014-09-30,142.5101,142.9,141.28,141.68,124.1981,2675100,0,1,MMM
2014-09-29,140.94,142.34,140.66,142.19,124.6451,2848300,0,1,MMM
2014-09-26,142.52,142.8877,140.98,142.42,124.8468,3557700,0,1,MMM
2014-09-25,144.41,144.46,142.07,142.48,124.8994,2764200,0,1,MMM
2014-09-24,144.17,145.12,143.72,144.88,127.0033,2608200,0,1,MMM
2014-09-23,145.23,145.595,144.35,144.37,126.5562,2049700,0,1,MMM
2014-09-22,146.92,147,145.5,145.71,127.7309,2231000,0,1,MMM
2014-09-19,147.42,147.87,146.52,146.69,128.5899,8106200,0,1,MMM
2014-09-18,145.7,147.06,145.69,146.84,128.7214,2364800,0,1,MMM
2014-09-17,144.92,145.79,144.2704,145.37,127.4328,2757000,0,1,MMM
2014-09-16,143.8,144.99,143.59,144.85,126.977,1945100,0,1,MMM
2014-09-15,144.17,144.69,143.66,144.48,126.6526,1868000,0,1,MMM
2014-09-12,144.45,144.45,143.5,143.94,126.1793,2135400,0,1,MMM
2014-09-11,143.99,144.38,143.6,144.35,126.5387,1465400,0,1,MMM
2014-09-10,144.63,144.99,144,144.64,126.7929,1558800,0,1,MMM
2014-09-09,144.7,145.26,144.245,144.46,126.6351,1745400,0,1,MMM
2014-09-08,144.41,145.45,144.11,144.89,127.012,2446100,0,1,MMM
2014-09-05,143.64,144.32,143.15,144.2,126.4072,1989100,0,1,MMM
2014-09-04,144.223,144.65,143.345,143.61,125.89,1549800,0,1,MMM
2014-09-03,144.47,144.72,143.55,143.82,126.0741,1533600,0,1,MMM
2014-09-02,143.3,144.61,143.3,144.22,126.4247,1578800,0,1,MMM
2014-08-29,144.06,144.39,143.173,144,126.2318,1537800,0,1,MMM
2014-08-28,143.32,144.12,143.02,143.98,126.2143,1314100,0,1,MMM
2014-08-27,144.4459,144.86,143.63,143.94,126.1793,1402200,0,1,MMM
2014-08-26,145,145.39,144.57,144.6,126.7578,1808100,0,1,MMM
2014-08-25,144.66,144.99,144.42,144.7,126.8455,1012900,0,1,MMM
2014-08-22,144.5,144.83,144.02,144.13,126.3458,1547500,0,1,MMM
2014-08-21,144.78,144.99,144.35,144.5,126.6701,1475800,0,1,MMM
2014-08-20,143.86,144.82,143.5,144.6,126.7578,2298800,0.855,1,MMM
2014-08-19,144.47,145.01,143.81,144.25,125.7015,1592500,0,1,MMM
2014-08-18,142.75,144.19,142.59,144.12,125.5882,1852900,0,1,MMM
2014-08-15,142.81,142.98,141.02,141.92,123.6711,1960900,0,1,MMM
2014-08-14,142,142.39,141.85,142.34,124.0371,1586900,0,1,MMM
2014-08-13,141.35,141.83,140.92,141.8,123.5665,3104300,0,1,MMM
2014-08-12,140.62,141.2164,140.43,140.88,122.7648,2176100,0,1,MMM
2014-08-11,140.93,141.4952,140.54,140.58,122.5034,1919100,0,1,MMM
2014-08-08,139.3,140.885,138.89,140.85,122.7387,2702600,0,1,MMM
2014-08-07,140.05,140.37,138.96,139.13,121.2399,1892500,0,1,MMM
2014-08-06,139.14,139.94,138.43,139.55,121.6059,2679000,0,1,MMM
2014-08-05,140.62,141.12,139.35,139.78,121.8062,2168500,0,1,MMM
2014-08-04,140.15,140.98,139.1973,140.75,122.6516,2494500,0,1,MMM
2014-08-01,140.15,141.04,139.08,140.11,122.0938,2505800,0,1,MMM
2014-07-31,143.33,143.55,140.6,140.89,122.7735,3571100,0,1,MMM
2014-07-30,144.26,144.78,143.52,143.74,125.2571,2458400,0,1,MMM
2014-07-29,145.22,146.27,143.99,144.02,125.5011,2286600,0,1,MMM
2014-07-28,144.92,145.63,143.7914,145.53,126.8169,2002200,0,1,MMM
2014-07-25,145.66,145.94,144.59,145.12,126.4596,1601800,0,1,MMM
2014-07-24,145.51,146.43,144.47,145.13,126.4683,2580000,0,1,MMM
2014-07-23,145.34,145.448,144.53,144.68,126.0762,1849400,0,1,MMM
2014-07-22,144.89,145.67,144.89,145.12,126.4596,1608200,0,1,MMM
2014-07-21,144.66,144.87,143.65,144.3,125.7451,1520900,0,1,MMM
2014-07-18,143.83,145.06,143.54,144.83,126.2069,2133000,0,1,MMM
2014-07-17,145.33,145.67,143.45,143.54,125.0828,2776500,0,1,MMM
2014-07-16,145.28,146.25,145.03,146.17,127.3746,1969200,0,1,MMM
2014-07-15,145,145.48,144.36,145.06,126.4073,1955700,0,1,MMM
2014-07-14,144.99,145.71,144.7448,145,126.355,2114600,0,1,MMM
2014-07-11,144.14,144.489,143.54,144.31,125.7538,1907900,0,1,MMM
2014-07-10,143.5,144.2,143.238,143.89,125.3878,2070100,0,1,MMM
2014-07-09,144.7795,145.04,144.03,144.68,126.0762,1521800,0,1,MMM
2014-07-08,145.22,145.4,144.48,144.56,125.9716,1596700,0,1,MMM
2014-07-07,145.48,145.58,144.5,144.91,126.2767,1257900,0,1,MMM
2014-07-03,145.2383,145.73,145,145.41,126.7123,1142200,0,1,MMM
2014-07-02,144.23,145.3,143.56,145.23,126.5554,1621300,0,1,MMM
2014-07-01,143.41,144.82,143.38,144.56,125.9716,1767600,0,1,MMM
2014-06-30,143.92,143.93,143.06,143.24,124.8214,1878400,0,1,MMM
2014-06-27,143.17,144.07,143.063,143.69,125.2135,1981800,0,1,MMM
2014-06-26,143.75,143.99,142.558,143.73,125.2484,1490900,0,1,MMM
2014-06-25,143,144.38,142.88,143.65,125.1787,1321800,0,1,MMM
2014-06-24,143.71,144.616,143.05,143.09,124.6906,1404500,0,1,MMM
2014-06-23,145.1,145.3,144.01,144.09,125.562,1390200,0,1,MMM
2014-06-20,144.54,145.3,144.2,145.16,126.4945,4204600,0,1,MMM
2014-06-19,144.53,144.72,143.99,144.49,125.9106,1560500,0,1,MMM
2014-06-18,143.93,144.39,142.77,144.33,125.7712,1340700,0,1,MMM
2014-06-17,143.01,143.9866,142.64,143.69,125.2135,1209400,0,1,MMM
2014-06-16,142.93,143.53,142.6,143.32,124.8911,1274300,0,1,MMM
2014-06-13,143.19,143.75,142.83,143.36,124.926,1376200,0,1,MMM
2014-06-12,144.95,144.95,142.78,143.07,124.6732,1839400,0,1,MMM
2014-06-11,144.66,144.97,144.19,144.41,125.8409,1489900,0,1,MMM
2014-06-10,144.97,145.21,144.46,144.97,126.3289,1700000,0,1,MMM
2014-06-09,144.64,145.53,144.61,145.32,126.6339,1800900,0,1,MMM
2014-06-06,143.99,144.64,143.53,144.64,126.0413,1768700,0,1,MMM
2014-06-05,142.76,143.74,141.9,143.71,125.2309,1542300,0,1,MMM
2014-06-04,142.91,143,142.26,142.26,123.9674,1335700,0,1,MMM
2014-06-03,142.08,143.13,141.61,142.89,124.5164,2061700,0,1,MMM
2014-06-02,142.27,142.91,141.69,142.32,124.0197,1682300,0,1,MMM
2014-05-30,142.1093,142.67,141.78,142.55,124.2201,3908500,0,1,MMM
2014-05-29,141.5,142.43,141.19,142.39,124.0807,1624100,0,1,MMM
2014-05-28,141.81,141.9,141.06,141.43,123.2441,1566100,0,1,MMM
2014-05-27,141.5,141.6,141.13,141.44,123.2528,1512300,0,1,MMM
2014-05-23,140.2265,141.18,140.052,141.14,122.9914,1209400,0,1,MMM
2014-05-22,140.71,140.96,140.26,140.31,122.2681,1550100,0,1,MMM
2014-05-21,139.77,140.79,139.77,140.66,122.5731,1641000,0.855,1,MMM
2014-05-20,141.6,141.9,139.89,140.23,121.4533,1845100,0,1,MMM
2014-05-19,140.07,142,139.98,141.67,122.7005,1529200,0,1,MMM
2014-05-16,140.93,141.2,139.91,141.13,122.2328,1901700,0,1,MMM
2014-05-15,141.56,141.739,140.022,140.98,122.1029,2388400,0,1,MMM
2014-05-14,142.48,142.77,141.41,141.6,122.6399,2113400,0,1,MMM
2014-05-13,143,143.37,142.32,142.43,123.3587,1695400,0,1,MMM
2014-05-12,141.78,142.94,141.71,142.82,123.6966,2972100,0,1,MMM
2014-05-09,140.56,141.37,140.25,141.34,122.4147,2093000,0,1,MMM
2014-05-08,140.88,142.12,140.51,140.83,121.973,1939400,0,1,MMM
2014-05-07,139.98,141.2448,139.175,141.14,122.2415,2238500,0,1,MMM
2014-05-06,140.28,140.43,139.17,139.29,120.6392,2299700,0,1,MMM
2014-05-05,139.14,141.05,138.65,140.61,121.7825,2710900,0,1,MMM
2014-05-02,141.6365,141.83,139.87,140.12,121.3581,5758500,0,1,MMM
2014-05-01,139.5,141.49,139.12,140.81,121.9557,3997400,0,1,MMM
2014-04-30,137.63,139.2,137.33,139.09,120.466,2904000,0,1,MMM
2014-04-29,137.87,137.9,136.56,137.55,119.1322,1820900,0,1,MMM
2014-04-28,137.43,138.3369,135.97,137.23,118.855,2244300,0,1,MMM
2014-04-25,136.5,136.96,135.69,136.56,118.2748,2093100,0,1,MMM
2014-04-24,136.38,136.99,135,136.65,118.3527,2847800,0,1,MMM
2014-04-23,138.81,138.89,137.89,137.99,119.5133,2847500,0,1,MMM
2014-04-22,138.5,139.52,138.13,138.89,120.2928,2252500,0,1,MMM
2014-04-21,137.25,138.71,137.18,138.62,120.0589,1781100,0,1,MMM
2014-04-17,137.3,138.25,137.25,137.73,119.2881,2645600,0,1,MMM
2014-04-16,135.17,136.78,134.81,136.77,118.4566,2135200,0,1,MMM
2014-04-15,133.27,134.35,132.02,134.09,116.1354,2119000,0,1,MMM
2014-04-14,133.45,133.52,132.02,133.15,115.3213,2058100,0,1,MMM
2014-04-11,133.37,133.843,132.39,132.39,114.6631,2368200,0,1,MMM
2014-04-10,135.73,136.43,133.9,133.97,116.0316,2857200,0,1,MMM
2014-04-09,135,135.87,134.5,135.84,117.6512,2671900,0,1,MMM
2014-04-08,134.44,135.142,133.43,134.84,116.785,2893600,0,1,MMM
2014-04-07,135.81,136.25,134.39,134.4,116.404,2807500,0,1,MMM
2014-04-04,136.9,137.77,135.77,135.86,117.6685,2735300,0,1,MMM
2014-04-03,136.22,137.1887,135.7,136.14,117.911,2676200,0,1,MMM
2014-04-02,135.99,136.25,135.33,136,117.7897,3281400,0,1,MMM
2014-04-01,135.88,136.65,135.6754,136.53,118.2488,2370800,0,1,MMM
2014-03-31,134.61,135.871,134.58,135.66,117.4953,2711800,0,1,MMM
2014-03-28,133.58,134.97,133.18,134.2,116.2308,1906500,0,1,MMM
2014-03-27,132.82,133.49,132.185,132.84,115.0529,2402500,0,1,MMM
2014-03-26,134.66,134.89,133.09,133.09,115.2694,2318900,0,1,MMM
2014-03-25,133.66,134.53,132.895,134.06,116.1095,2897600,0,1,MMM
2014-03-24,133.32,133.7,131.88,132.42,114.6891,2793600,0,1,MMM
2014-03-21,133.58,134.24,132.9,133.12,115.2953,5920400,0,1,MMM
2014-03-20,131.15,132.85,130.86,132.43,114.6977,2577500,0,1,MMM
2014-03-19,132.75,132.85,130.58,131.23,113.6584,2141000,0,1,MMM
2014-03-18,132.49,133.23,132.25,132.74,114.9662,2032800,0,1,MMM
2014-03-17,130.66,132.69,130.66,132.27,114.5592,2529400,0,1,MMM
2014-03-14,130.08,131.11,129.7,129.83,112.4459,2975100,0,1,MMM
2014-03-13,133.19,133.67,130.64,130.81,113.2947,2520700,0,1,MMM
2014-03-12,132.07,132.76,131.59,132.57,114.819,2637000,0,1,MMM
2014-03-11,133.7252,133.84,132.227,132.51,114.767,1928900,0,1,MMM
2014-03-10,133.98,134.08,133.1,133.56,115.6765,1966100,0,1,MMM
2014-03-07,134.88,135,133.71,134.11,116.1528,2381400,0,1,MMM
2014-03-06,134.37,134.74,134.0256,134.08,116.1269,2236800,0,1,MMM
2014-03-05,132.6626,134.035,132.19,133.85,115.9276,3551400,0,1,MMM
2014-03-04,131.92,133.08,131.5829,132.68,114.9143,6975500,0,1,MMM
2014-03-03,133.07,133.81,131.67,132.21,114.5072,2814400,0,1,MMM
2014-02-28,134.19,135.2,133.92,134.73,116.6898,3179400,0,1,MMM
2014-02-27,132.63,134.58,132,134.34,116.352,3124000,0,1,MMM
2014-02-26,133.13,133.46,132.28,132.86,115.0702,2771100,0,1,MMM
2014-02-25,132.27,133.43,131.86,132.93,115.1308,2863100,0,1,MMM
2014-02-24,131.89,133.46,131.44,132.2,114.4986,2454300,0,1,MMM
2014-02-21,131.56,132.33,131.3054,131.57,113.9529,2574300,0,1,MMM
2014-02-20,130.647,132.03,130.045,131.56,113.9442,2155800,0,1,MMM
2014-02-19,131.33,132.71,130.46,130.56,113.0782,2719400,0,1,MMM
2014-02-18,132.31,132.75,131.64,131.8,114.1521,2876500,0,1,MMM
2014-02-14,129.77,132.19,129.5,132.12,114.4292,3030000,0,1,MMM
2014-02-13,129.29,130.38,128.66,130.14,112.7144,2850600,0,1,MMM
2014-02-12,130.34,131,130.01,130.44,112.9742,2100600,0.855,1,MMM
2014-02-11,129.7,131.4928,129.65,130.98,112.7014,2604000,0,1,MMM
2014-02-10,129.65,130.41,129.024,129.7,111.6,3317400,0,1,MMM
2014-02-07,129.57,130.39,128.81,130.33,112.1421,3263200,0,1,MMM
2014-02-06,127.6,129.2,127.1,128.9,110.9117,3828400,0,1,MMM
2014-02-05,128.01,128.76,125.92,127.36,109.5866,4960000,0,1,MMM
2014-02-04,126.09,127.642,124.12,126.72,109.0359,7412500,0,1,MMM
2014-02-03,128.22,128.59,123.61,123.9,106.6094,4245100,0,1,MMM
2014-01-31,126.6,129.2,126.42,128.19,110.3008,3715400,0,1,MMM
2014-01-30,129.96,129.96,126.53,128.05,110.1803,4102600,0,1,MMM
2014-01-29,130.1,131.27,129,130.25,112.0733,3584000,0,1,MMM
2014-01-28,129.43,130.0056,129.096,129.81,111.6947,2734200,0,1,MMM
2014-01-27,130.02,130.59,128.6645,128.96,110.9633,3312800,0,1,MMM
2014-01-24,133.73,133.73,130.2198,130.22,112.0474,3776100,0,1,MMM
2014-01-23,135.64,135.66,133.95,134.71,115.9109,2720300,0,1,MMM
2014-01-22,137.35,137.49,136.33,136.48,117.4339,2118800,0,1,MMM
2014-01-21,138.45,138.95,136.296,136.99,117.8727,2705700,0,1,MMM
2014-01-17,137.98,138.75,136.98,137.31,118.148,2327900,0,1,MMM
2014-01-16,137.74,138.5,137.63,138.16,118.8794,1792700,0,1,MMM
2014-01-15,137.77,138.82,137.56,138.44,119.1203,3025900,0,1,MMM
2014-01-14,135.11,137.41,134.74,137.41,118.2341,2479700,0,1,MMM
2014-01-13,135.81,137.06,134.57,134.68,115.8851,2633400,0,1,MMM
2014-01-10,136.95,137.19,135.68,136.18,117.1757,3254300,0,1,MMM
2014-01-09,137.02,137.4244,136.201,136.45,117.4081,2539900,0,1,MMM
2014-01-08,137.48,137.75,136.34,136.63,117.5629,3122700,0,1,MMM
2014-01-07,137.45,138.2,137.13,137.65,118.4406,2525500,0,1,MMM
2014-01-06,138.75,139.29,137.48,137.63,118.4234,2712100,0,1,MMM
2014-01-03,138.37,138.88,138.03,138.45,119.129,2133300,0,1,MMM
2014-01-02,138.05,139,137.61,138.13,118.8536,3052100,0,1,MMM
2013-12-31,140,140.43,139.48,140.25,120.6778,1846500,0,1,MMM
2013-12-30,139.08,139.65,138.79,139.42,119.9636,1714300,0,1,MMM
2013-12-27,138.78,139.4,138.55,139.35,119.9033,1894900,0,1,MMM
2013-12-26,137.3,138.6739,137.031,138.29,118.9912,2158200,0,1,MMM
2013-12-24,137.23,137.34,136.35,136.99,117.8727,1311700,0,1,MMM
2013-12-23,137.1,137.43,136.32,136.8,117.7092,3439600,0,1,MMM
2013-12-20,136.78,138.09,136.6,136.72,117.6403,5856800,0,1,MMM
2013-12-19,135.06,136.52,134.73,136.41,117.3736,4080900,0,1,MMM
2013-12-18,131.48,135.81,131.48,135.8,116.8487,5580000,0,1,MMM
2013-12-17,130.42,131.62,129.98,131.39,113.0542,6206800,0,1,MMM
2013-12-16,126.77,128.77,126.47,127.66,109.8447,2805300,0,1,MMM
2013-12-13,126.65,127.35,125.98,126.43,108.7864,1743400,0,1,MMM
2013-12-12,126.6272,127.39,125.98,126.58,108.9154,2486700,0,1,MMM
2013-12-11,128.74,129.66,126.71,126.77,109.0789,3897500,0,1,MMM
2013-12-10,128.07,128.53,127.53,127.55,109.7501,2353100,0,1,MMM
2013-12-09,128.8,129.18,128.39,128.57,110.6277,2064400,0,1,MMM
2013-12-06,128.19,128.8,127.85,128.61,110.6621,2886100,0,1,MMM
2013-12-05,126.4,127.65,126.22,126.83,109.1305,2842700,0,1,MMM
2013-12-04,125.95,127.59,125.485,126.46,108.8122,3450700,0,1,MMM
2013-12-03,126.06,127.39,125.151,126.6,108.9326,7864500,0,1,MMM
2013-12-02,131.67,132,127.39,127.68,109.8619,6897900,0,1,MMM
2013-11-29,133.51,134.16,133.34,133.51,114.8783,2029000,0,1,MMM
2013-11-27,132.63,133.65,131.94,133.5,114.8697,2433500,0,1,MMM
2013-11-26,131.45,132.636,131.33,132.15,113.7081,4229600,0,1,MMM
2013-11-25,131.8,131.87,130.94,131.23,112.9165,2496300,0,1,MMM
2013-11-22,130.36,132.55,129.82,131.02,112.7358,1644800,0,1,MMM
2013-11-21,129.69,130.41,129.59,130.35,112.1593,1576100,0,1,MMM
2013-11-20,129.5,130.3,128.55,129.18,111.1526,2691800,0.635,1,MMM
2013-11-19,130.02,130.78,129.92,130.05,111.3548,2532500,0,1,MMM
2013-11-18,129.91,130.5,129.775,130.13,111.4233,2148200,0,1,MMM
2013-11-15,129.15,130,128.98,129.85,111.1836,2360400,0,1,MMM
2013-11-14,128.97,130.12,128.7914,129.79,111.1322,2569800,0,1,MMM
2013-11-13,127.86,128.66,127.43,128.59,110.1047,2426300,0,1,MMM
2013-11-12,128.15,128.59,127.55,128.36,109.9077,2428600,0,1,MMM
2013-11-11,127.54,128.169,127.25,127.95,109.5567,1751500,0,1,MMM
2013-11-08,126.03,128.02,126.03,127.99,109.5909,2234300,0,1,MMM
2013-11-07,127.15,127.88,126.23,126.41,108.2381,3188900,0,1,MMM
2013-11-06,126.46,127.32,126.23,127.13,108.8545,1910300,0,1,MMM
2013-11-05,125.75,126.46,124.86,126.12,107.9898,1757900,0,1,MMM
2013-11-04,125.98,126.49,125.56,126.32,108.161,1741500,0,1,MMM
2013-11-01,126.76,126.93,125.12,125.9,107.8014,1676600,0,1,MMM
2013-10-31,124.97,126.38,124.95,125.85,107.7586,2327200,0,1,MMM
2013-10-30,125.57,125.98,124.76,124.79,106.8509,2107700,0,1,MMM
2013-10-29,125.08,125.48,124.62,125.28,107.2705,1986700,0,1,MMM
2013-10-28,124.13,125.32,123.8,124.92,106.9623,2358400,0,1,MMM
2013-10-25,123.0515,124.46,122.87,124.42,106.5341,2054300,0,1,MMM
2013-10-24,122.96,124.955,122.6925,123.49,105.7378,3851100,0,1,MMM
2013-10-23,123.43,123.73,122.5,123.2,105.4895,2337500,0,1,MMM
2013-10-22,123.36,124.32,123.28,123.8,106.0033,2053500,0,1,MMM
2013-10-21,122.79,123.31,122.68,123.25,105.5323,1762200,0,1,MMM
2013-10-18,122.87,123.45,122.4,122.84,105.1812,2590500,0,1,MMM
2013-10-17,120.74,122.87,120.71,122.62,104.9929,2791700,0,1,MMM
2013-10-16,120.86,120.94,120.14,120.94,103.5544,2646400,0,1,MMM
2013-10-15,121.28,121.38,119.79,119.82,102.5954,2720500,0,1,MMM
2013-10-14,120.26,121.7,120,121.4,103.9483,1866800,0,1,MMM
2013-10-11,119.16,120.77,118.39,120.72,103.366,2492700,0,1,MMM
2013-10-10,118.6,119.34,118.32,119.34,102.1844,2688800,0,1,MMM
2013-10-09,117.265,117.96,116.65,117.57,100.6689,2499200,0,1,MMM
2013-10-08,118.72,119.22,117.1,117.16,100.3178,2869000,0,1,MMM
2013-10-07,118.56,119.265,118.2819,118.69,101.6279,1931200,0,1,MMM
2013-10-04,118.37,119.71,118.13,119.4,102.2358,1983700,0,1,MMM
2013-10-03,118.71,119.11,117.8986,118.55,101.508,2525800,0,1,MMM
2013-10-02,119.13,119.59,118.44,119.2,102.0645,2056500,0,1,MMM
2013-10-01,119.6891,119.82,118.8,119.62,102.4241,1854800,0,1,MMM
2013-09-30,119.39,119.956,118.67,119.41,102.2443,2104700,0,1,MMM
2013-09-27,119.97,120.3,119.26,120.22,102.9379,2028100,0,1,MMM
2013-09-26,120.6043,121,119.92,120.66,103.3146,2240900,0,1,MMM
2013-09-25,120.89,121.21,120.17,120.2,102.9208,2173400,0,1,MMM
2013-09-24,121.24,121.87,120.69,120.8,103.4345,3585100,0,1,MMM
2013-09-23,120.43,121.47,120.37,121.11,103.7,3468500,0,1,MMM
2013-09-20,121.5,121.93,120.01,120.01,102.7581,6999000,0,1,MMM
2013-09-19,121.15,122.27,121.15,121.57,104.0938,2912400,0,1,MMM
2013-09-18,120.25,121.51,119.87,121.29,103.8541,3307700,0,1,MMM
2013-09-17,119.07,120.19,118.65,119.93,102.6896,2436000,0,1,MMM
2013-09-16,119.79,120,119.06,119.23,102.0902,2756300,0,1,MMM
2013-09-13,118.49,118.85,118.32,118.6,101.5508,1973300,0,1,MMM
2013-09-12,118.8,118.914,118,118.2,101.2083,2399700,0,1,MMM
2013-09-11,117.6286,118.71,117.59,118.71,101.645,1889000,0,1,MMM
2013-09-10,117.31,117.87,117.07,117.59,100.686,2572800,0,1,MMM
2013-09-09,115.63,117.14,115.51,116.74,99.9582,1976800,0,1,MMM
2013-09-06,115.09,115.824,113.888,115.04,98.5025,1965600,0,1,MMM
2013-09-05,114.35,115.12,114.03,114.87,98.357,1947900,0,1,MMM
2013-09-04,113.08,114.865,113.08,114.55,98.083,2312200,0,1,MMM
2013-09-03,114.57,114.92,112.85,113.22,96.9442,2168100,0,1,MMM
2013-08-30,113.61,113.7419,112.85,113.58,97.2524,2205600,0,1,MMM
2013-08-29,112.87,113.83,112.58,113.32,97.0298,1457200,0,1,MMM
2013-08-28,112.51,113.42,112.36,113,96.7558,1545800,0,1,MMM
2013-08-27,113.41,113.82,112.67,112.73,96.5246,1907500,0,1,MMM
2013-08-26,114.38,115.172,114.04,114.33,97.8946,1815700,0,1,MMM
2013-08-23,114.76,115,113.59,114.4,97.9545,1953300,0,1,MMM
2013-08-22,113.61,114.8998,113.344,114.67,98.1857,2002000,0,1,MMM
2013-08-21,114.79,114.84,113.34,113.42,97.1154,2293700,0.635,1,MMM
2013-08-20,115.52,115.89,115.19,115.42,98.2842,2153600,0,1,MMM
2013-08-19,115.83,115.96,115.47,115.61,98.446,1829300,0,1,MMM
2013-08-16,115.68,116.21,115.64,115.9,98.6929,2332800,0,1,MMM
2013-08-15,116.9267,116.92,115.64,115.85,98.6504,1994900,0,1,MMM
2013-08-14,118.9,118.91,117.57,117.62,100.1576,2021400,0,1,MMM
2013-08-13,118.52,119.18,117.19,118.67,101.0517,2023300,0,1,MMM
2013-08-12,118,118.76,117.72,118.38,100.8047,1647400,0,1,MMM
2013-08-09,118.73,119.2,117.7,118.31,100.7451,2460100,0,1,MMM
2013-08-08,118.27,119,117.64,118.68,101.0602,2380600,0,1,MMM
2013-08-07,117.3,117.948,117.04,117.83,100.3364,1934000,0,1,MMM
2013-08-06,117.8211,117.95,117.14,117.5,100.0554,1841100,0,1,MMM
2013-08-05,118.17,118.2507,117.81,117.92,100.413,1351800,0,1,MMM
2013-08-02,117.98,118.35,117.47,118.26,100.7026,1899300,0,1,MMM
2013-08-01,118.38,119.26,118.27,118.41,100.8303,2997000,0,1,MMM
2013-07-31,117.13,118.596,117.01,117.43,99.9958,2694000,0,1,MMM
2013-07-30,116.9,117.12,116.3289,116.84,99.4934,2285200,0,1,MMM
2013-07-29,116.41,116.805,116.06,116.61,99.2975,1460400,0,1,MMM
2013-07-26,116.17,116.93,115.34,116.91,99.553,2332200,0,1,MMM
2013-07-25,115.3,116.9,114.84,116.55,99.2464,3346700,0,1,MMM
2013-07-24,117.07,117.09,116.06,116.33,99.0591,1808800,0,1,MMM
2013-07-23,116.44,117.3,116.01,116.75,99.4167,2254400,0,1,MMM
2013-07-22,116,116.82,115.66,116.28,99.0165,2823500,0,1,MMM
2013-07-19,115.34,116.47,115.34,116.19,98.9399,3093900,0,1,MMM
2013-07-18,114.61,115.75,114.57,115.48,98.3353,2945800,0,1,MMM
2013-07-17,114.97,115.27,114.31,114.64,97.62,2096600,0,1,MMM
2013-07-16,114.99,115.44,114.06,114.34,97.3646,2458400,0,1,MMM
2013-07-15,115.14,115.4811,114.75,114.85,97.7988,2064400,0,1,MMM
2013-07-12,114.57,115.24,114.27,115.14,98.0458,2291700,0,1,MMM
2013-07-11,114.36,114.75,114.17,114.53,97.5263,2387500,0,1,MMM
2013-07-10,113.38,113.88,112.91,113.43,96.5897,2307500,0,1,MMM
2013-07-09,113.09,113.52,112.795,113.35,96.5215,2196200,0,1,MMM
2013-07-08,112,112.784,111.901,112.13,95.4826,2571600,0,1,MMM
2013-07-05,110.37,111.56,109.87,111.54,94.9802,2064500,0,1,MMM
2013-07-03,108.28,109.9,108.2186,109.45,93.2005,1358800,0,1,MMM
2013-07-02,109.05,109.75,108.33,108.73,92.5874,3008800,0,1,MMM
2013-07-01,108.37,110.36,108.36,109.31,93.0813,2668800,0,1,MMM
2013-06-28,109.86,110.4757,109.14,109.35,93.1154,3428500,0,1,MMM
2013-06-27,110.54,110.9,109.97,110.24,93.8732,2229600,0,1,MMM
2013-06-26,109.07,109.98,108.73,109.68,93.3964,2524400,0,1,MMM
2013-06-25,108.2,108.75,107.54,108.24,92.1702,2676700,0,1,MMM
2013-06-24,108.784,108.784,107.15,107.5,91.54,3602500,0,1,MMM
2013-06-21,109.5,110.06,108.7394,109.59,93.3197,4674400,0,1,MMM
2013-06-20,110.71,110.76,108.52,108.78,92.63,2975600,0,1,MMM
2013-06-19,112.9661,113.25,111.53,111.57,95.0058,1971700,0,1,MMM
2013-06-18,112.07,113.23,111.9,112.97,96.1979,1695300,0,1,MMM
2013-06-17,111.8567,112.87,111.644,111.91,95.2953,2617800,0,1,MMM
2013-06-14,111.3,112.07,110.75,111.03,94.5459,2016800,0,1,MMM
2013-06-13,108.95,111.44,108.58,111.2,94.6907,2604200,0,1,MMM
2013-06-12,110.99,111.0673,108.95,109.03,92.8429,2400700,0,1,MMM
2013-06-11,109.9,111.08,109.51,110.22,93.8562,1752100,0,1,MMM
2013-06-10,111.41,111.4485,110.54,110.81,94.3586,2224100,0,1,MMM
2013-06-07,109.38,111.12,108.97,111.11,94.6141,3374900,0,1,MMM
2013-06-06,108.46,108.775,107.64,108.67,92.5363,2680800,0,1,MMM
2013-06-05,109.8,109.89,108.3984,108.59,92.4682,2690400,0,1,MMM
2013-06-04,110.6521,111.2,109.53,110.02,93.6859,2508500,0,1,MMM
2013-06-03,110.7,110.95,109.69,110.61,94.1883,2647100,0,1,MMM
2013-05-31,110.79,112.211,110.27,110.27,93.8988,3207700,0,1,MMM
2013-05-30,111.34,112,111.011,111.42,94.8781,2599200,0,1,MMM
2013-05-29,111.04,111.36,110.48,111.13,94.6311,2113600,0,1,MMM
2013-05-28,111.15,112.38,111.04,111.59,95.0228,2722000,0,1,MMM
2013-05-24,109.86,110.49,109.49,110.27,93.8988,2228400,0,1,MMM
2013-05-23,110.06,110.7,109.58,110.41,94.018,2568400,0,1,MMM
2013-05-22,111.59,112.29,110.57,110.79,94.3416,3833200,0.635,1,MMM
2013-05-21,112.11,112.3471,111.52,112.01,94.8397,2473300,0,1,MMM
2013-05-20,111.13,112.0572,110.96,111.72,94.5942,2457300,0,1,MMM
2013-05-17,111.16,111.78,110.94,111.39,94.3148,4060400,0,1,MMM
2013-05-16,111.21,111.7,110.95,111.07,94.0438,2685900,0,1,MMM
2013-05-15,110.4,111.715,110.29,111.5,94.4079,2912600,0,1,MMM
2013-05-14,110.32,110.79,110.27,110.59,93.6374,2481000,0,1,MMM
2013-05-13,109.99,110.72,109.71,110.5,93.5612,2044400,0,1,MMM
2013-05-10,110.08,110.64,109.75,110.48,93.5443,2993300,0,1,MMM
2013-05-09,108.11,110.51,108.11,109.92,93.0701,4487000,0,1,MMM
2013-05-08,108.03,108.29,107.77,108.2,91.6138,2654400,0,1,MMM
2013-05-07,107.61,108.371,107.55,108.01,91.4529,2235200,0,1,MMM
2013-05-06,107.63,107.99,107.45,107.84,91.309,2174400,0,1,MMM
2013-05-03,106.96,108.6,106.85,107.83,91.3005,3013100,0,1,MMM
2013-05-02,105.04,106.375,104.91,106.04,89.7849,3119500,0,1,MMM
2013-05-01,104.78,105.12,104.42,104.55,88.5233,3258900,0,1,MMM
2013-04-30,103.98,104.74,102.9599,104.71,88.6588,3768800,0,1,MMM
2013-04-29,103.91,104.2,102.89,103.83,87.9137,2903700,0,1,MMM
2013-04-26,104.97,105.18,103.46,103.79,87.8798,3359400,0,1,MMM
2013-04-25,104.4512,105.64,103.5,104.88,88.8027,9027000,0,1,MMM
2013-04-24,107.61,108.15,107.24,107.87,91.3344,3238200,0,1,MMM
2013-04-23,106.24,107.51,105.86,107.39,90.928,3209800,0,1,MMM
2013-04-22,105.71,106.1,105.1383,105.8,89.5817,2646800,0,1,MMM
2013-04-19,105.31,105.88,104.82,105.71,89.5055,3323000,0,1,MMM
2013-04-18,105.84,105.97,104.2753,104.98,88.8874,3144700,0,1,MMM
2013-04-17,105.47,105.8,104.93,105.48,89.3107,3155300,0,1,MMM
2013-04-16,106.69,106.85,105.7,106.15,89.878,2636800,0,1,MMM
2013-04-15,107.15,107.91,105.74,105.76,89.5478,3677400,0,1,MMM
2013-04-12,107.89,108.27,107.31,107.68,91.1735,2111400,0,1,MMM
2013-04-11,107.8539,108.72,107.86,108.25,91.6561,2137800,0,1,MMM
2013-04-10,106.09,107.93,106.028,107.69,91.182,3262400,0,1,MMM
2013-04-09,106,106.69,105.39,105.95,89.7087,2370600,0,1,MMM
2013-04-08,105.86,106.42,105.1,105.75,89.5394,1947700,0,1,MMM
2013-04-05,104.45,105.875,104.3511,105.78,89.5648,2477800,0,1,MMM
2013-04-04,105.82,106.22,105.3007,105.82,89.5986,1771200,0,1,MMM
2013-04-03,106.6,106.97,105.43,105.68,89.4801,3278900,0,1,MMM
2013-04-02,105.8,106.8,105.79,106.52,90.1913,2097500,0,1,MMM
2013-04-01,106,106.17,105.4146,105.65,89.4547,1684300,0,1,MMM
2013-03-28,105.67,106.34,105.28,106.31,90.0135,2276700,0,1,MMM
2013-03-27,105.35,105.5,104.97,105.29,89.1499,2129500,0,1,MMM
2013-03-26,105.41,106.225,105.41,106.07,89.8103,1893500,0,1,MMM
2013-03-25,106.53,106.8,104.68,105.17,89.0483,3739200,0,1,MMM
2013-03-22,105.1,106.485,105.1,106.42,90.1066,2409800,0,1,MMM
2013-03-21,105.39,105.462,104.72,104.94,88.8535,1937300,0,1,MMM
2013-03-20,105.91,106.17,105.38,105.66,89.4632,1799500,0,1,MMM
2013-03-19,105.83,105.98,104.64,105.18,89.0567,3211400,0,1,MMM
2013-03-18,105.23,105.96,105.22,105.41,89.2515,1811400,0,1,MMM
2013-03-15,105.9003,106.88,105.851,106.4,90.0897,5148400,0,1,MMM
2013-03-14,105.33,106.02,105.26,106.02,89.7679,2203400,0,1,MMM
2013-03-13,105.13,105.57,104.88,105.09,88.9805,2059600,0,1,MMM
2013-03-12,105.82,105.98,104.9615,105.13,89.0144,2226800,0,1,MMM
2013-03-11,105.33,105.955,105.33,105.81,89.5902,1720600,0,1,MMM
2013-03-08,105,105.81,104.825,105.71,89.5055,2357200,0,1,MMM
2013-03-07,104.8,105.155,104.49,104.54,88.5148,1875200,0,1,MMM
2013-03-06,104.73,105.4343,104.47,104.66,88.6165,3470300,0,1,MMM
2013-03-05,103.76,104.81,103.65,104.45,88.4386,2632200,0,1,MMM
2013-03-04,103.51,103.51,102.59,103.28,87.448,2566300,0,1,MMM
2013-03-01,103.39,103.94,102.72,103.77,87.8629,2660400,0,1,MMM
2013-02-28,103.6,104.56,103.14,104,88.0576,2870100,0,1,MMM
2013-02-27,102.1,103.93,101.95,103.57,87.6935,2353700,0,1,MMM
2013-02-26,102.11,102.66,101.91,102.31,86.6267,2471900,0,1,MMM
2013-02-25,103.91,104.04,101.75,101.75,86.1525,3021900,0,1,MMM
2013-02-22,102.99,103.7,102.82,103.54,87.6681,2158100,0,1,MMM
2013-02-21,102.88,103.14,102.39,102.72,86.9738,2758000,0,1,MMM
2013-02-20,104.18,104.4,103.15,103.15,87.3379,2995400,0,1,MMM
2013-02-19,103.42,104.392,103.32,104.18,88.21,2988500,0,1,MMM
2013-02-15,103.06,103.3762,102.62,103.23,87.4057,2326200,0,1,MMM
2013-02-14,102.43,103.14,102.22,102.78,87.0246,2217500,0,1,MMM
2013-02-13,103.03,103.395,102.58,102.86,87.0924,1699900,0.635,1,MMM
2013-02-12,102.66,103.59,102.63,103.46,87.0627,1928000,0,1,MMM
2013-02-11,102.39,102.88,102.04,102.62,86.3559,1715500,0,1,MMM
2013-02-08,102.34,103.33,102.04,102.66,86.3895,1937800,0,1,MMM
2013-02-07,102.65,102.74,101.46,102.22,86.0193,2277600,0,1,MMM
2013-02-06,101.13,102.99,101.08,102.69,86.4148,3510600,0,1,MMM
2013-02-05,101.31,101.92,101.245,101.49,85.405,2833100,0,1,MMM
2013-02-04,100.77,101.21,100.5877,100.77,84.7991,1987600,0,1,MMM
2013-02-01,101.44,101.9867,101.16,101.56,85.4638,3853600,0,1,MMM
2013-01-31,100.69,100.95,100.07,100.55,84.6139,3763100,0,1,MMM
2013-01-30,101.8,101.95,100.69,100.8,84.8243,2822800,0,1,MMM
2013-01-29,100.33,101.87,100.06,101.81,85.6742,3530700,0,1,MMM
2013-01-28,100.98,100.98,100.27,100.65,84.6981,2964900,0,1,MMM
2013-01-25,99.79,100.87,99.5744,100.59,84.6476,4237800,0,1,MMM
2013-01-24,99.38,99.82,98.8,99.67,83.8734,3816300,0,1,MMM
2013-01-23,98.97,99.695,98.81,99.49,83.7219,3579300,0,1,MMM
2013-01-22,98.39,99.33,98.1,99.33,83.5873,3215200,0,1,MMM
2013-01-18,98.42,98.8,98.04,98.74,83.0908,3187900,0,1,MMM
2013-01-17,97.79,98.5038,97.51,98.08,82.5354,2803900,0,1,MMM
2013-01-16,97,97.7,96.9166,97.6,82.1315,2092300,0,1,MMM
2013-01-15,96.83,97.4034,96.57,97.29,81.8706,2106400,0,1,MMM
2013-01-14,96.4,97.39,96.0982,97.08,81.6939,2592500,0,1,MMM
2013-01-11,95.84,96.66,95.21,96.28,81.0207,2923900,0,1,MMM
2013-01-10,96.71,96.99,96.33,96.89,81.534,2600600,0,1,MMM
2013-01-09,95.87,96.74,95.71,96.41,81.1301,2359700,0,1,MMM
2013-01-08,95.17,95.75,95.1,95.5,80.3643,2655500,0,1,MMM
2013-01-07,95.02,95.73,94.76,95.49,80.3559,2745800,0,1,MMM
2013-01-04,94.79,95.48,94.54,95.37,80.2549,2704900,0,1,MMM
2013-01-03,94.34,94.929,94.13,94.67,79.6658,2704600,0,1,MMM
2013-01-02,94.19,94.79,93.96,94.78,79.7584,3206700,0,1,MMM
2012-12-31,91.55,92.92,91.4,92.85,78.1343,2580600,0,1,MMM
2012-12-28,91.98,92.8,91.607,91.78,77.2339,1877300,0,1,MMM
2012-12-27,93.11,93.17,91.6579,92.64,77.9576,2360900,0,1,MMM
2012-12-26,93.35,93.73,92.75,93.07,78.3194,1542900,0,1,MMM
2012-12-24,92.7,93.72,92.69,93.19,78.4204,953400,0,1,MMM
2012-12-21,92.78,93.66,91.94,93.1,78.3447,5975500,0,1,MMM
2012-12-20,93.35,94.14,93.21,94.13,79.2114,3289800,0,1,MMM
2012-12-19,93.92,93.98,92.97,93.02,78.2774,3254800,0,1,MMM
2012-12-18,93.13,94,93,93.85,78.9758,2800000,0,1,MMM
2012-12-17,92.39,93.11,92.13,93.03,78.2858,2750700,0,1,MMM
2012-12-14,92,92.576,92,92.28,77.6546,2709000,0,1,MMM
2012-12-13,92.95,93.45,92.16,92.5,77.8398,2621400,0,1,MMM
2012-12-12,93.72,94,92.52,93.12,78.3615,4064900,0,1,MMM
2012-12-11,92.65,93.9,92.5,93.68,78.8327,3821600,0,1,MMM
2012-12-10,91.3688,92.48,91.35,91.87,77.3096,2847700,0,1,MMM
2012-12-07,91.24,91.67,90.68,91.51,77.0067,2476400,0,1,MMM
2012-12-06,90.8,91.09,90.31,90.95,76.5354,2027700,0,1,MMM
2012-12-05,90.3,91.2,89.5899,90.76,76.3755,2996600,0,1,MMM
2012-12-04,90.31,90.6908,90,90.12,75.837,1969800,0,1,MMM
2012-12-03,91.41,91.68,90.12,90.3,75.9884,1929200,0,1,MMM
2012-11-30,90.68,91.19,90.49,90.95,76.5354,2284900,0,1,MMM
2012-11-29,91.35,91.97,90.51,90.65,76.283,2364000,0,1,MMM
2012-11-28,90.1,91,89.48,90.93,76.5186,2426200,0,1,MMM
2012-11-27,90.19,90.96,90.12,90.31,75.9969,2504200,0,1,MMM
2012-11-26,89.54,90.25,89.54,90.09,75.8117,1910200,0,1,MMM
2012-11-23,89.2983,90.33,89.15,90.28,75.9716,1101100,0,1,MMM
2012-11-21,89.08,89.15,88.6629,88.94,74.844,2011300,0,1,MMM
2012-11-20,89.08,89.68,88.4,89.02,74.9113,2035100,0.59,1,MMM
2012-11-19,89.25,89.6978,88.77,89.57,74.8777,2688600,0,1,MMM
2012-11-16,88.12,89.3854,87.75,88.5,73.9832,5237100,0,1,MMM
2012-11-15,86.74,88.29,86.74,88.02,73.5819,3291600,0,1,MMM
2012-11-14,89.17,89.38,87.07,87.31,72.9884,2882700,0,1,MMM
2012-11-13,88.6,90.19,88.36,89.08,74.4681,2985900,0,1,MMM
2012-11-12,88.96,89.67,88.5,89.18,74.5516,2220100,0,1,MMM
2012-11-09,88.6,89.56,88.1,88.81,74.2423,3176400,0,1,MMM
2012-11-08,89.11,89.83,88.46,88.55,74.025,3005900,0,1,MMM
2012-11-07,90.34,90.34,88.71,89.38,74.7188,4593100,0,1,MMM
2012-11-06,89.95,91.23,89.87,90.86,75.956,2806100,0,1,MMM
2012-11-05,88.08,89.84,88.08,89.6,74.9027,2387800,0,1,MMM
2012-11-02,89.61,89.97,88.78,88.97,74.3761,3051900,0,1,MMM
2012-11-01,87.94,89.4,87.84,89.25,74.6101,3306600,0,1,MMM
2012-10-31,88.03,88.69,87.49,87.6,73.2308,3360400,0,1,MMM
2012-10-26,87.9,88.54,87.59,88.03,73.5903,3592600,0,1,MMM
2012-10-25,88.57,88.84,87.41,87.81,73.4064,4613900,0,1,MMM
2012-10-24,89.03,89.54,88.15,88.39,73.8912,3321300,0,1,MMM
2012-10-23,89.67,90.52,88.58,88.73,74.1754,5866000,0,1,MMM
2012-10-22,92.41,93.06,91.5,92.53,77.3521,3130800,0,1,MMM
2012-10-19,94.61,94.61,92.69,92.94,77.6949,3804100,0,1,MMM
2012-10-18,94.68,95,94.17,94.74,79.1996,2538800,0,1,MMM
2012-10-17,94.94,95.1,94.55,94.81,79.2581,3191800,0,1,MMM
2012-10-16,94.02,94.34,93.29,94.23,78.7733,2857500,0,1,MMM
2012-10-15,92.71,93.06,92.37,92.79,77.5695,2916300,0,1,MMM
2012-10-12,92.95,93.34,92.4,92.75,77.536,2566100,0,1,MMM
2012-10-11,93.86,93.87,92.78,92.83,77.6029,2429200,0,1,MMM
2012-10-10,93.95,94,93.15,93.28,77.9791,2561600,0,1,MMM
2012-10-09,95.29,95.29,93.9,93.94,78.5308,2989500,0,1,MMM
2012-10-08,94.55,95.46,94.5,95.37,79.7263,2607600,0,1,MMM
2012-10-05,94.74,95.195,94.45,94.96,79.3835,3663600,0,1,MMM
2012-10-04,94.05,94.53,93.66,94.43,78.9405,2531400,0,1,MMM
2012-10-03,93.81,94,93.001,93.78,78.3971,2610300,0,1,MMM
2012-10-02,94.23,94.29,93.1,93.54,78.1964,3602300,0,1,MMM
2012-10-01,92.9,94.27,92.21,93.29,77.9875,3900600,0,1,MMM
2012-09-28,92.47,92.8635,91.7,92.42,77.2602,2559500,0,1,MMM
2012-09-27,92.89,93.21,91.96,92.82,77.5945,2081400,0,1,MMM
2012-09-26,92.88,93.4,92.54,92.59,77.4023,2612900,0,1,MMM
2012-09-25,93.95,94.1,92.72,92.83,77.6029,3800400,0,1,MMM
2012-09-24,92.85,94.0968,92.76,93.73,78.3553,3037400,0,1,MMM
2012-09-21,94.06,94.07,92.94,93.21,77.9206,9547000,0,1,MMM
2012-09-20,93.196,93.63,92.91,93.58,78.2299,2075600,0,1,MMM
2012-09-19,92.88,94.06,92.73,93.63,78.2717,2723500,0,1,MMM
2012-09-18,93.78,93.99,93.22,93.43,78.1045,2477500,0,1,MMM
2012-09-17,93.66,94.09,93.49,93.78,78.3971,3290300,0,1,MMM
2012-09-14,92.86,93.98,92.561,93.98,78.5643,4993000,0,1,MMM
2012-09-13,90.92,92.43,90.46,92.06,76.9592,2729300,0,1,MMM
2012-09-12,91.6,91.66,90.461,90.81,75.9143,2409600,0,1,MMM
2012-09-11,90.73,91.5925,90.65,91.17,76.2152,2403400,0,1,MMM
2012-09-10,92.27,92.3116,90.61,90.67,75.7972,6356100,0,1,MMM
2012-09-07,93.38,93.65,92.7,92.82,77.5945,3215400,0,1,MMM
2012-09-06,92.37,93.38,92.06,93.28,77.9791,3223400,0,1,MMM
2012-09-05,91.92,91.99,91.11,91.75,76.7001,2985500,0,1,MMM
2012-09-04,92.03,92.33,91.1,91.68,76.6415,2532300,0,1,MMM
2012-08-31,92.44,93,91.9,92.6,77.4106,1917300,0,1,MMM
2012-08-30,92.05,92.15,91.3,91.76,76.7084,1729600,0,1,MMM
2012-08-29,92.5,92.8,92.3,92.43,77.2685,1736000,0,1,MMM
2012-08-28,92.36,92.77,92.2,92.3,77.1599,1913000,0,1,MMM
2012-08-27,92.92,92.97,92.4,92.59,77.4023,1880000,0,1,MMM
2012-08-24,92.03,92.97,91.94,92.83,77.6029,1945800,0,1,MMM
2012-08-23,92.65,92.68,91.79,91.98,76.8923,1823500,0,1,MMM
2012-08-22,92.56,93.36,92.43,92.68,77.4775,2464000,0.59,1,MMM
2012-08-21,93.98,94.1,92.99,93.21,77.4274,2302800,0,1,MMM
2012-08-20,94,94.17,93.55,93.89,77.9922,1639500,0,1,MMM
2012-08-17,93.93,94.3,93.59,94.24,78.283,3069600,0,1,MMM
2012-08-16,92.75,93.87,92.21,93.74,77.8676,3395200,0,1,MMM
2012-08-15,92,92.74,91.94,92.54,76.8708,1983400,0,1,MMM
2012-08-14,92.36,92.5,92.01,92.3,76.6714,1843500,0,1,MMM
2012-08-13,92.29,92.59,91.74,92.4,76.7545,2075400,0,1,MMM
2012-08-10,91.37,92.3,90.95,92.29,76.6631,1755100,0,1,MMM
2012-08-09,91.5,92.07,91.33,91.59,76.0817,1834900,0,1,MMM
2012-08-08,91.48,92.08,91.25,91.63,76.1149,2022300,0,1,MMM
2012-08-07,91.7,92.31,91.62,91.7,76.173,1764800,0,1,MMM
2012-08-06,92,92.3435,91.41,91.41,75.9322,1858500,0,1,MMM
2012-08-03,91.03,91.79,91.01,91.7,76.173,2713500,0,1,MMM
2012-08-02,90.11,90.73,89.2304,90.08,74.8273,2949800,0,1,MMM
2012-08-01,91.65,91.8,90.61,91.2,75.7577,2149700,0,1,MMM
2012-07-31,90.9976,91.66,90.87,91.23,75.7826,2720200,0,1,MMM
2012-07-30,91.41,91.95,90.91,91.28,75.8242,2714900,0,1,MMM
2012-07-27,90.94,92.08,90.66,91.71,76.1814,3915400,0,1,MMM
2012-07-26,90,92,89.53,90.59,75.251,4759400,0,1,MMM
2012-07-25,88.69,89.16,87.96,88.75,73.7225,3541200,0,1,MMM
2012-07-24,89.28,89.51,87.58,88.24,73.2989,2850400,0,1,MMM
2012-07-23,88.44,89.56,87.78,89.36,74.2292,2434800,0,1,MMM
2012-07-20,90.18,90.49,89.84,89.99,74.7526,3024800,0,1,MMM
2012-07-19,90.8627,91.2,90.4,90.83,75.4503,3355100,0,1,MMM
2012-07-18,88.75,90.9931,88.56,90.87,75.4836,4273300,0,1,MMM
2012-07-17,88.25,89.35,87.55,88.98,73.9136,3078500,0,1,MMM
2012-07-16,88.12,88.65,87.77,88.1,73.1826,2848100,0,1,MMM
2012-07-13,86.32,87.83,86.32,87.59,72.759,2599300,0,1,MMM
2012-07-12,86.6,86.97,85.338,86.41,71.7787,4938300,0,1,MMM
2012-07-11,88.38,88.76,87.01,87.85,72.9749,4208600,0,1,MMM
2012-07-10,89.08,89.82,87.96,88.25,73.3072,3356800,0,1,MMM
2012-07-09,88.86,89.08,88.31,88.96,73.897,2600900,0,1,MMM
2012-07-06,88.81,89.38,88.35,88.99,73.9219,2192900,0,1,MMM
2012-07-05,89.2,89.95,88.86,89.57,74.4037,1924800,0,1,MMM
2012-07-03,89.11,89.75,89.08,89.7,74.5117,1410400,0,1,MMM
2012-07-02,89.29,89.69,88.2776,89.28,74.1628,2289700,0,1,MMM
2012-06-29,88.62,89.6,88.35,89.6,74.4286,4629400,0,1,MMM
2012-06-28,86.36,87.25,85.98,87.16,72.4018,3267100,0,1,MMM
2012-06-27,86.39,87.6,86.24,87.16,72.4018,2887800,0,1,MMM
2012-06-26,85.91,86.468,85.29,86.18,71.5877,2389100,0,1,MMM
2012-06-25,85.87,86.31,85.4611,85.85,71.3136,2908900,0,1,MMM
2012-06-22,87.11,87.14,86.38,86.83,72.1276,3026000,0,1,MMM
2012-06-21,88.04,88.38,86.62,86.73,72.0446,3722800,0,1,MMM
2012-06-20,87.93,88.28,87.35,87.54,72.7174,3446800,0,1,MMM
2012-06-19,87.82,88.17,87.52,87.82,72.95,3212500,0,1,MMM
2012-06-18,87.07,87.61,86.67,87.31,72.5264,2950600,0,1,MMM
2012-06-15,87.57,87.91,87.0125,87.44,72.6344,4696100,0,1,MMM
2012-06-14,86.31,87.23,86.06,86.86,72.1526,3334900,0,1,MMM
2012-06-13,86.3,86.8,85.72,86.13,71.5462,2661900,0,1,MMM
2012-06-12,85.67,86.74,85.216,86.73,72.0446,2570900,0,1,MMM
2012-06-11,86.54,86.54,85.08,85.18,70.757,2098200,0,1,MMM
2012-06-08,85.18,86.09,85.0006,86,71.4382,2146200,0,1,MMM
2012-06-07,85.59,86.19,85.33,85.5,71.0229,3032400,0,1,MMM
2012-06-06,83.221,84.64,83.03,84.63,70.3001,2776300,0,1,MMM
2012-06-05,82.59,82.86,82.25,82.51,68.5391,3268700,0,1,MMM
2012-06-04,82.79,82.99,81.985,82.62,68.6305,2899900,0,1,MMM
2012-06-01,83.05,83.98,82.72,82.85,68.8216,3539200,0,1,MMM
2012-05-31,84.45,85.05,83.87,84.41,70.1174,3683200,0,1,MMM
2012-05-30,85.06,85.12,84.1,84.45,70.1506,2697100,0,1,MMM
2012-05-29,85.38,86,85.13,85.73,71.2139,2142200,0,1,MMM
2012-05-25,84.87,85.195,84.4,84.78,70.4248,2346000,0,1,MMM
2012-05-24,84.96,85,84.03,84.98,70.5909,2322100,0,1,MMM
2012-05-23,83.37,84.88,82.95,84.8,70.4414,3200000,0,1,MMM
2012-05-22,84.69,84.985,83.675,84.13,69.8848,3000900,0,1,MMM
2012-05-21,83.88,84.63,83.7466,84.46,70.159,2450000,0,1,MMM
2012-05-18,84.78,84.78,83.27,83.51,69.3698,3602900,0,1,MMM
2012-05-17,85.56,85.64,84.25,84.34,70.0592,2777200,0,1,MMM
2012-05-16,85.91,86.27,85.26,85.35,70.8982,2770600,0.59,1,MMM
2012-05-15,85.95,86.455,85.5,85.78,70.7653,2611300,0,1,MMM
2012-05-14,85.46,86.55,85.24,85.83,70.8066,2631900,0,1,MMM
2012-05-11,86.47,87.48,86.24,86.73,71.549,2601800,0,1,MMM
2012-05-10,87.14,87.69,86.88,87.13,71.879,2828500,0,1,MMM
2012-05-09,86.635,87.835,85.98,87.27,71.9945,3192800,0,1,MMM
2012-05-08,87.1198,87.88,86.3,87.56,72.2338,2710400,0,1,MMM
2012-05-07,87.7,88.62,87.6935,88.01,72.605,2753500,0,1,MMM
2012-05-04,89.17,89.2381,88.3,88.67,73.1495,2823800,0,1,MMM
2012-05-03,89.4971,89.85,89.11,89.39,73.7434,2343600,0,1,MMM
2012-05-02,89.16,89.59,88.89,89.52,73.8507,2100200,0,1,MMM
2012-05-01,89.13,89.9529,88.74,89.6,73.9167,2294200,0,1,MMM
2012-04-30,89.25,89.46,88.72,89.36,73.7187,2072900,0,1,MMM
2012-04-27,89.41,89.54,88.75,89.36,73.7187,2618000,0,1,MMM
2012-04-26,88.6,89.56,88.51,89.32,73.6857,2750900,0,1,MMM
2012-04-25,88.98,89.26,88.5,88.8,73.2567,2962900,0,1,MMM
2012-04-24,89.33,89.75,88.38,88.49,73.001,5701200,0,1,MMM
2012-04-23,86.52,87.24,86.02,87.13,71.879,2769900,0,1,MMM
2012-04-20,86.99,87.8,86.91,87.48,72.1678,3177200,0,1,MMM
2012-04-19,87.19,87.55,86.13,86.8,71.6068,2565000,0,1,MMM
2012-04-18,86.9,87.63,86.69,87.13,71.879,1781600,0,1,MMM
2012-04-17,86.7022,87.67,86.66,87.45,72.143,2354200,0,1,MMM
2012-04-16,86.04,86.93,85.92,86.4,71.2768,3060200,0,1,MMM
2012-04-13,86.4893,86.59,85.57,85.69,70.6911,2609700,0,1,MMM
2012-04-12,85.71,86.93,85.08,86.86,71.6563,2476000,0,1,MMM
2012-04-11,85.3673,85.69,85.124,85.35,70.4106,2527700,0,1,MMM
2012-04-10,86.19,86.4,84.44,84.58,69.7754,3651000,0,1,MMM
2012-04-09,86.24,86.77,85.9,86.33,71.2191,1932700,0,1,MMM
2012-04-05,87.36,87.79,86.97,87.27,71.9945,2048400,0,1,MMM
2012-04-04,87.98,88.05,87.15,87.84,72.4648,2392700,0,1,MMM
2012-04-03,89.22,89.22,88.2,88.79,73.2485,2298400,0,1,MMM
2012-04-02,88.79,89.36,88.05,89.23,73.6115,2640900,0,1,MMM
2012-03-30,89.22,89.29,88.76,89.21,73.595,2471800,0,1,MMM
2012-03-29,87.8852,88.82,87.72,88.77,73.232,2207100,0,1,MMM
2012-03-28,89.29,89.61,88.04,88.45,72.968,2289600,0,1,MMM
2012-03-27,89.38,89.42,88.93,89.14,73.5372,2308400,0,1,MMM
2012-03-26,88.92,89.35,88.6,89.12,73.5207,2572500,0,1,MMM
2012-03-23,88.63,88.67,88.02,88.46,72.9762,2326100,0,1,MMM
2012-03-22,88.5,88.78,87.72,88.57,73.067,3064200,0,1,MMM
2012-03-21,89.42,89.6297,88.8,88.91,73.3474,2433800,0,1,MMM
2012-03-20,89.17,89.73,88.75,89.35,73.7104,2485300,0,1,MMM
2012-03-19,89.52,89.9,89.2,89.74,74.0322,2585400,0,1,MMM
2012-03-16,89.88,90,89.37,89.56,73.8837,5007100,0,1,MMM
2012-03-15,89,90,88.82,90,74.2467,3252200,0,1,MMM
2012-03-14,88.5991,89.25,88.6,88.87,73.3145,2960900,0,1,MMM
2012-03-13,87.76,88.77,87.51,88.75,73.2155,3107100,0,1,MMM
2012-03-12,87.0979,87.75,86.96,87.54,72.2173,2049300,0,1,MMM
2012-03-09,86.81,87.27,86.65,86.8,71.6068,1958300,0,1,MMM
2012-03-08,86.06,86.935,85.9803,86.71,71.5325,2603200,0,1,MMM
2012-03-07,85.24,85.67,84.88,85.47,70.5096,3150800,0,1,MMM
2012-03-06,85.7244,85.86,84.83,84.95,70.0806,3547900,0,1,MMM
2012-03-05,87.4,87.45,86.38,87.06,71.8213,2701900,0,1,MMM
2012-03-02,87.47,87.57,87.04,87.52,72.2008,2820500,0,1,MMM
2012-03-01,87.72,88.219,87.17,87.49,72.176,2525200,0,1,MMM
2012-02-29,88.14,88.32,87.25,87.6,72.2668,3277700,0,1,MMM
2012-02-28,87.83,88.2,87.23,87.77,72.407,2497700,0,1,MMM
2012-02-27,87.412,88.32,87.1,88.07,72.6545,3012900,0,1,MMM
2012-02-24,88.04,88.46,87.88,88.2,72.7617,2524800,0,1,MMM
2012-02-23,87.88,88.1792,87.27,87.9,72.5143,3531300,0,1,MMM
2012-02-22,87.65,88.093,87.45,87.76,72.3988,2650000,0,1,MMM
2012-02-21,87.74,88.05,87.4,87.6,72.2668,2406700,0,1,MMM
2012-02-17,87.99,88.15,87.48,87.56,72.2338,2834600,0,1,MMM
2012-02-16,86.99,87.76,86.96,87.65,72.308,2548800,0,1,MMM
2012-02-15,87.42,87.72,86.75,87.01,71.78,3647000,0.59,1,MMM
2012-02-14,87.6,88,87.22,87.99,72.1018,2850300,0,1,MMM
2012-02-13,87.57,88.09,87.16,88.03,72.1345,2530600,0,1,MMM
2012-02-10,87.2,87.56,86.75,87.14,71.4052,3085700,0,1,MMM
2012-02-09,87.54,88.18,87.46,88.02,72.1264,3031600,0,1,MMM
2012-02-08,88.12,88.29,87.68,87.97,72.0854,2522800,0,1,MMM
2012-02-07,87.32,88.22,86.69,87.89,72.0199,2959100,0,1,MMM
2012-02-06,87.15,87.94,87.15,87.56,71.7494,2189300,0,1,MMM
2012-02-03,88.08,88.29,87.47,87.73,71.8887,3195500,0,1,MMM
2012-02-02,87.25,87.773,87.06,87.43,71.6429,2288000,0,1,MMM
2012-02-01,87.52,87.98,87.23,87.35,71.5773,3005500,0,1,MMM
2012-01-31,87.88,87.88,85.79,86.71,71.0529,3552100,0,1,MMM
2012-01-30,86.5,87.59,86.42,87.34,71.5692,3148400,0,1,MMM
2012-01-27,87.15,87.8,86.67,87.46,71.6675,3747200,0,1,MMM
2012-01-26,87.51,87.99,87,87.58,71.7658,4898900,0,1,MMM
2012-01-25,85.3,86.66,84.9968,86.48,70.8644,4412000,0,1,MMM
2012-01-24,85.26,85.94,84.63,85.93,70.4137,3895600,0,1,MMM
2012-01-23,85.7,86.06,85.31,85.61,70.1515,3494800,0,1,MMM
2012-01-20,85.45,85.7,84.96,85.65,70.1843,3522600,0,1,MMM
2012-01-19,85.1,86.23,84.92,85.8,70.3073,3413700,0,1,MMM
2012-01-18,84.14,85.12,84.02,85.07,69.709,3721100,0,1,MMM
2012-01-17,84.85,85.364,84.127,84.23,69.0207,2694900,0,1,MMM
2012-01-13,83.75,84.12,83.07,83.6,68.5044,3092900,0,1,MMM
2012-01-12,84.3683,84.64,83.76,84.28,69.0617,3649900,0,1,MMM
2012-01-11,83.24,83.89,83.08,83.77,68.6438,4465300,0,1,MMM
2012-01-10,84.59,85.19,84.04,84.3,69.0781,3438400,0,1,MMM
2012-01-09,83.58,84.06,83.26,83.87,68.7257,2796600,0,1,MMM
2012-01-06,83.78,84.24,83.32,83.37,68.316,2839200,0,1,MMM
2012-01-05,83.53,83.87,82.7,83.8,68.6683,3116400,0,1,MMM
2012-01-04,83.13,84.26,83.11,84.18,68.9797,3007400,0,1,MMM
2012-01-03,83.76,84.44,83.361,83.49,68.4144,3380100,0,1,MMM
2011-12-30,82.23,82.45,81.6057,81.73,66.9721,1706500,0,1,MMM
2011-12-29,81.37,82.2,81.19,82.11,67.2835,1935200,0,1,MMM
2011-12-28,82.22,82.44,80.94,81.15,66.4969,2613300,0,1,MMM
2011-12-27,81.91,82.641,81.62,82.28,67.4228,1722600,0,1,MMM
2011-12-23,81.24,82.21,80.78,82.2,67.3572,2042200,0,1,MMM
2011-12-22,80.27,81.185,79.93,80.97,66.3494,3164200,0,1,MMM
2011-12-21,80.43,80.47,78.975,80,65.5545,3611800,0,1,MMM
2011-12-20,79.1955,80.405,78.87,80.31,65.8085,4660200,0,1,MMM
2011-12-19,79.02,79.5,77.51,77.82,63.7682,3485400,0,1,MMM
2011-12-16,79.52,80.02,78.415,78.87,64.6286,6492600,0,1,MMM
2011-12-15,79.43,79.78,78.6,78.86,64.6204,3247000,0,1,MMM
2011-12-14,79.18,79.45,78.26,78.51,64.3336,4203000,0,1,MMM
2011-12-13,81,81.22,78.913,79.41,65.071,3975800,0,1,MMM
2011-12-12,81.9,81.99,80.0357,80.59,66.038,3338000,0,1,MMM
2011-12-09,80.92,82.422,80.77,82.2,67.3572,4075500,0,1,MMM
2011-12-08,81.83,82.135,80.26,80.46,65.9315,3980600,0,1,MMM
2011-12-07,82.03,82.73,80.78,82.39,67.5129,4306100,0,1,MMM
2011-12-06,82.13,82.8,81.61,82.13,67.2999,6011800,0,1,MMM
2011-12-05,81.33,81.6,80.34,80.93,66.3166,5910500,0,1,MMM
2011-12-02,81.39,81.46,79.0513,79.76,65.3578,5578000,0,1,MMM
2011-12-01,81.25,81.31,80.248,80.3,65.8003,3867100,0,1,MMM
2011-11-30,79.71,81.05,79.43,81.04,66.4067,8721000,0,1,MMM
2011-11-29,78,78.18,77.03,77.24,63.2929,3853300,0,1,MMM
2011-11-28,77.2,78.012,77.05,77.72,63.6862,4923100,0,1,MMM
2011-11-25,75.55,76.855,75.55,76.13,62.3833,2094000,0,1,MMM
2011-11-23,77.08,77.16,75.49,75.54,61.8998,4149900,0,1,MMM
2011-11-22,77.63,78.94,77.45,77.83,63.7763,4170600,0.55,1,MMM
2011-11-21,79.276,79.64,77.54,78.39,63.7845,5438800,0,1,MMM
2011-11-18,80.7,81.02,79.98,80.54,65.534,3928300,0,1,MMM
2011-11-17,81.53,81.6685,79.67,80.43,65.4445,5077900,0,1,MMM
2011-11-16,81.295,83.1,80.86,81.87,66.6162,5097100,0,1,MMM
2011-11-15,81.44,82.38,81.06,81.87,66.6162,3602400,0,1,MMM
2011-11-14,81.56,82.49,81.38,81.87,66.6162,3168600,0,1,MMM
2011-11-11,81.3,82.66,81.3,82.29,66.9579,3645800,0,1,MMM
2011-11-10,80.3102,81.16,79.65,80.32,65.355,4646300,0,1,MMM
2011-11-09,80.13,80.31,78.47,79,64.2809,6393500,0,1,MMM
2011-11-08,80.29,82,80,81.83,66.5836,4230500,0,1,MMM
2011-11-07,79.27,80.19,78.3,79.69,64.8423,4311700,0,1,MMM
2011-11-04,78.97,79.54,78.1179,79.3,64.525,3771900,0,1,MMM
2011-11-03,78.86,79.82,77.89,79.64,64.8017,4337800,0,1,MMM
2011-11-02,77.39,78.64,77.3513,78.06,63.516,3559600,0,1,MMM
2011-11-01,77.89,78.22,76.26,76.53,62.2711,5772100,0,1,MMM
2011-10-31,79.88,80.59,78.93,79.02,64.2972,4022500,0,1,MMM
2011-10-28,81.53,81.8385,80.5,81,65.9083,5252000,0,1,MMM
2011-10-27,79.51,82.33,78.92,81.41,66.2419,7413700,0,1,MMM
2011-10-26,77.98,78.4,75.97,77.02,62.6698,5788900,0,1,MMM
2011-10-25,76.88,79.02,76.28,77.04,62.6861,12651800,0,1,MMM
2011-10-24,80.32,82.4,80.23,82.18,66.8684,5428700,0,1,MMM
2011-10-21,79.38,80.56,78.98,80.48,65.4851,5125200,0,1,MMM
2011-10-20,77.77,79.06,77.11,78.68,64.0205,4087300,0,1,MMM
2011-10-19,78.26,78.86,77.27,77.7,63.2231,3865000,0,1,MMM
2011-10-18,76.18,79.15,75.71,78.36,63.7601,4167200,0,1,MMM
2011-10-17,78.63,79.05,75.66,75.88,61.7422,4359500,0,1,MMM
2011-10-14,78.94,79.23,78.116,78.89,64.1914,2840800,0,1,MMM
2011-10-13,78.27,78.4,76.6666,77.8,63.3045,3726900,0,1,MMM
2011-10-12,76.73,79.34,76.73,78.36,63.7601,5663300,0,1,MMM
2011-10-11,76.55,76.87,75.89,76.42,62.1816,3320200,0,1,MMM
2011-10-10,75.12,76.74,75.09,76.72,62.4257,3855600,0,1,MMM
2011-10-07,75.2,75.45,73.075,73.82,60.066,5291800,0,1,MMM
2011-10-06,72.72,74.69,72.0001,74.65,60.7414,4835800,0,1,MMM
2011-10-05,71.74,72.84,71.01,72.53,59.0164,5467000,0,1,MMM
2011-10-04,70.13,72.18,68.63,72.01,58.5933,8700000,0,1,MMM
2011-10-03,71.13,73.24,70.93,70.93,57.7145,7619300,0,1,MMM
2011-09-30,73.91,73.94,71.71,71.79,58.4142,7184500,0,1,MMM
2011-09-29,74.97,75.6867,73.5,74.53,60.6437,5633500,0,1,MMM
2011-09-28,76.42,77.2,73.5,73.6,59.887,5932100,0,1,MMM
2011-09-27,76.37,77.77,75.82,76.28,62.0677,4875300,0,1,MMM
2011-09-26,74.39,75.26,73.45,75.19,61.1807,5033400,0,1,MMM
2011-09-23,72.64,74.33,72.34,73.99,60.2043,4583800,0,1,MMM
2011-09-22,74.8239,74.9,72,72.9,59.3174,10108500,0,1,MMM
2011-09-21,79.33,79.76,76.27,76.34,62.1165,4957800,0,1,MMM
2011-09-20,79.44,79.92,78.46,79.21,64.4518,3914800,0,1,MMM
2011-09-19,79.57,79.57,77.88,79.21,64.4518,4552700,0,1,MMM
2011-09-16,81.43,81.65,80.014,80.53,65.5258,6027600,0,1,MMM
2011-09-15,80.18,81.03,79.48,80.63,65.6072,4222300,0,1,MMM
2011-09-14,77.96,80.39,76.91,79.44,64.6389,5402500,0,1,MMM
2011-09-13,78.28,78.79,77.1849,77.81,63.3126,6469100,0,1,MMM
2011-09-12,76.21,78.28,76.0017,78.22,63.6462,5848900,0,1,MMM
2011-09-09,78.06,78.1719,76,76.65,62.3687,7423400,0,1,MMM
2011-09-08,79.88,80.65,78.78,79.26,64.4925,4722200,0,1,MMM
2011-09-07,79.36,80.64,78.66,80.57,65.5584,5213800,0,1,MMM
2011-09-06,77.44,78.26,76.7,78.08,63.5323,5271200,0,1,MMM
2011-09-02,80.02,80.33,78.92,79.35,64.5657,4391300,0,1,MMM
2011-09-01,83.02,83.945,81.28,81.61,66.4046,4535400,0,1,MMM
2011-08-31,82.7,83.37,82.2,82.98,67.5194,4737700,0,1,MMM
2011-08-30,81.68,82.61,80.71,82.07,66.7789,3734200,0,1,MMM
2011-08-29,81.3,82.23,80.9,82.1,66.8033,3467000,0,1,MMM
2011-08-26,77.73,80.26,76.5,80.01,65.1027,5390000,0,1,MMM
2011-08-25,80.45,80.65,77.79,78.19,63.6218,6604500,0,1,MMM
2011-08-24,79.4,80.45,78.8572,80.29,65.3306,5176800,0,1,MMM
2011-08-23,77.17,79.81,76.873,79.67,64.8261,5819100,0,1,MMM
2011-08-22,78.34,78.52,76.5,76.95,62.6128,4434200,0,1,MMM
2011-08-19,76.65,78.82,76.6,76.87,62.5478,6151600,0,1,MMM
2011-08-18,79.83,80.02,76.74,77.42,62.9953,8546300,0,1,MMM
2011-08-17,82.19,83.03,80.58,80.93,65.8513,5429400,0.55,1,MMM
2011-08-16,82.53,82.68,81.05,82.13,66.3802,5078200,0,1,MMM
2011-08-15,82.66,83.6663,81.97,83.31,67.3339,4157200,0,1,MMM
2011-08-12,81.89,82.7596,80.8,82.54,66.7116,5718100,0,1,MMM
2011-08-11,78.69,82.36,78.29,81.22,65.6447,7142300,0,1,MMM
2011-08-10,81.0046,81.22,78.01,78.23,63.2281,9377400,0,1,MMM
2011-08-09,80.23,82.86,78.06,82.69,66.8328,12008400,0,1,MMM
2011-08-08,80.75,81.37,78.53,78.59,63.519,11496200,0,1,MMM
2011-08-05,83.44,84.2198,81.24,82.75,66.8813,8453100,0,1,MMM
2011-08-04,85.07,85.07,82.11,82.23,66.461,9061600,0,1,MMM
2011-08-03,85.56,86.45,84.82,86.18,69.6535,6277000,0,1,MMM
2011-08-02,85.67,87.25,85.25,85.27,68.918,6406300,0,1,MMM
2011-08-01,87.98,88.17,85.54,86.77,70.1304,5997600,0,1,MMM
2011-07-29,86.94,87.71,86.6,87.14,70.4294,4883800,0,1,MMM
2011-07-28,88.19,88.72,87.41,87.57,70.777,4285900,0,1,MMM
2011-07-27,89.692,89.72,87.75,88.08,71.1892,6658400,0,1,MMM
2011-07-26,91.92,92.4956,89.56,89.93,72.6844,11432000,0,1,MMM
2011-07-25,94.84,95.532,93.9,95.07,76.8387,3438600,0,1,MMM
2011-07-22,96.09,96.38,95.11,95.38,77.0893,2846200,0,1,MMM
2011-07-21,95.01,96.09,94.5,95.84,77.4611,3540400,0,1,MMM
2011-07-20,94.83,94.92,94.15,94.25,76.176,2808000,0,1,MMM
2011-07-19,94.94,94.94,93.38,94.27,76.1921,4756900,0,1,MMM
2011-07-18,95.1,95.12,93.71,94.6,76.4589,2951400,0,1,MMM
2011-07-15,95.2,95.63,94.72,95.47,77.162,3924000,0,1,MMM
2011-07-14,94.82,95.78,94.5654,94.98,76.766,5397100,0,1,MMM
2011-07-13,96.09,97.3,96.03,96.19,77.7439,2816100,0,1,MMM
2011-07-12,97.11,97.22,95.8,95.88,77.4934,4578100,0,1,MMM
2011-07-11,96.442,97,96.06,96.56,78.043,4510200,0,1,MMM
2011-07-08,97.12,97.67,96.99,97.62,78.8997,3014900,0,1,MMM
2011-07-07,97.73,98.19,97.17,97.97,79.1826,3312100,0,1,MMM
2011-07-06,96.12,97.5,96.1,97.24,78.5926,3704100,0,1,MMM
2011-07-05,96.4,96.86,96.06,96.14,77.7035,3064200,0,1,MMM
2011-07-01,94.83,96.95,94.83,96.67,78.1319,4659700,0,1,MMM
2011-06-30,93.38,95.06,93.35,94.85,76.6609,4201800,0,1,MMM
2011-06-29,93.42,93.64,92.6786,93.11,75.2546,3071700,0,1,MMM
2011-06-28,92.6405,93.02,92.42,93.02,75.1818,2730000,0,1,MMM
2011-06-27,91.08,92.655,90.84,92.25,74.5595,2783700,0,1,MMM
2011-06-24,92.34,92.53,90.68,90.89,73.4603,4179900,0,1,MMM
2011-06-23,92.04,92.42,90.73,92.34,74.6323,3804200,0,1,MMM
2011-06-22,93.33,93.92,92.72,92.8,75.004,2675400,0,1,MMM
2011-06-21,92.81,93.79,92.33,93.43,75.5132,2438300,0,1,MMM
2011-06-20,91.42,92.87,91.41,92.56,74.8101,2026700,0,1,MMM
2011-06-17,92.3,92.63,91.5319,91.78,74.1797,3764100,0,1,MMM
2011-06-16,91.07,91.88,90.66,91.58,74.018,2995700,0,1,MMM
2011-06-15,91.7,92.08,90.5831,91.03,73.5735,3407700,0,1,MMM
2011-06-14,92.28,92.99,92.04,92.59,74.8343,2839100,0,1,MMM
2011-06-13,91.14,91.87,90.902,91.3,73.7917,2543300,0,1,MMM
2011-06-10,91.44,91.9,90.64,90.73,73.331,2765200,0,1,MMM
2011-06-09,91.36,92.4352,90.99,91.96,74.3251,2493300,0,1,MMM
2011-06-08,90.94,91.348,90.36,90.91,73.4765,3469900,0,1,MMM
2011-06-07,90.86,91.99,90.74,90.85,73.428,3049700,0,1,MMM
2011-06-06,90.38,90.93,90.24,90.62,73.2421,2964500,0,1,MMM
2011-06-03,90.19,91.23,90.19,90.7,73.3068,3108300,0,1,MMM
2011-06-02,91.35,92.11,90.97,91.46,73.921,2745200,0,1,MMM
2011-06-01,94.331,94.331,91.334,91.44,73.9049,3456200,0,1,MMM
2011-05-31,94.05,94.68,93.49,94.38,76.2811,3181300,0,1,MMM
2011-05-27,93.46,93.99,93.1,93.47,75.5456,1987200,0,1,MMM
2011-05-26,92.65,93.2,92.03,92.82,75.0202,2669200,0,1,MMM
2011-05-25,91.54,93.0301,91.38,92.69,74.9151,2814300,0,1,MMM
2011-05-24,92.92,92.9158,91.93,91.97,74.3332,3218300,0,1,MMM
2011-05-23,92.29,92.88,91.76,92.49,74.7535,2988900,0,1,MMM
2011-05-20,94.55,94.65,93.13,93.56,75.6183,3486900,0,1,MMM
2011-05-19,94.34,94.9972,93.93,94.71,76.5478,2385400,0,1,MMM
2011-05-18,93.72,94.18,92.75,93.94,75.9254,3340200,0.55,1,MMM
2011-05-17,95.28,95.46,93.14,93.86,75.4162,4845500,0,1,MMM
2011-05-16,95.54,96.2363,95.269,95.46,76.7018,2605500,0,1,MMM
2011-05-13,96.6106,97.18,95.19,96.01,77.1438,2918900,0,1,MMM
2011-05-12,95.18,96.94,95.11,96.65,77.658,3949300,0,1,MMM
2011-05-11,95.77,96,94.44,95.52,76.75,3458300,0,1,MMM
2011-05-10,96.24,96.43,95.63,95.71,76.9027,3285600,0,1,MMM
2011-05-09,95.3,96.46,95.3,95.99,77.1277,2039000,0,1,MMM
2011-05-06,95.7231,96.83,95.36,95.6,76.8143,3666500,0,1,MMM
2011-05-05,95.61,96.28,94.4,94.92,76.2679,4159700,0,1,MMM
2011-05-04,96.55,97,95.74,96.2,77.2964,3226100,0,1,MMM
2011-05-03,96.93,97.5,96.58,96.83,77.8026,2938700,0,1,MMM
2011-05-02,97.58,97.95,96.65,96.92,77.8749,3025000,0,1,MMM
2011-04-29,96.92,97.5,96.86,97.21,78.108,3086000,0,1,MMM
2011-04-28,96.1164,97.3,96.09,97.23,78.124,3597800,0,1,MMM
2011-04-27,95.67,96.535,95.38,96.47,77.5134,3774200,0,1,MMM
2011-04-26,95.01,96.59,94.39,95.94,77.0875,8004300,0,1,MMM
2011-04-25,93.91,94.32,93.27,94.12,75.6252,2187100,0,1,MMM
2011-04-21,94.09,94.43,93.655,93.92,75.4645,2926600,0,1,MMM
2011-04-20,92.97,94.42,92.93,93.76,75.3359,3635400,0,1,MMM
2011-04-19,91.65,92.03,91.47,91.86,73.8092,2435100,0,1,MMM
2011-04-18,91.94,91.94,90.58,91.45,73.4798,3639300,0,1,MMM
2011-04-15,92.89,93.14,91.9761,92.82,74.5806,3110700,0,1,MMM
2011-04-14,92.43,93.22,91.75,92.94,74.677,2290200,0,1,MMM
2011-04-13,93.07,93.25,92.55,92.86,74.6128,2834700,0,1,MMM
2011-04-12,93.2,93.2781,92.03,92.37,74.219,3894500,0,1,MMM
2011-04-11,93.59,94.64,93.4,93.8,75.368,3221500,0,1,MMM
2011-04-08,93.59,93.75,92.62,93.22,74.902,2462700,0,1,MMM
2011-04-07,93.51,93.93,92.6,93.19,74.8779,3428700,0,1,MMM
2011-04-06,93.9458,94.1,93.22,93.82,75.3841,2498400,0,1,MMM
2011-04-05,93.51,94,93.02,93.39,75.0386,2253400,0,1,MMM
2011-04-04,92.68,93.83,92.6753,93.64,75.2395,1956600,0,1,MMM
2011-04-01,93.53,94.33,92.62,93.13,74.8297,3546700,0,1,MMM
2011-03-31,92.41,93.67,92.36,93.5,75.127,3202900,0,1,MMM
2011-03-30,92.84,93.16,92.33,92.47,74.2994,3566500,0,1,MMM
2011-03-29,92.27,92.9,91.9,92.84,74.5967,2221400,0,1,MMM
2011-03-28,92.42,92.82,92.12,92.12,74.0182,2414300,0,1,MMM
2011-03-25,92.87,92.96,92.13,92.27,74.1387,2748500,0,1,MMM
2011-03-24,92.61,92.98,91.89,92.58,74.3877,2595800,0,1,MMM
2011-03-23,90.62,92.66,90.6,92.14,74.0342,3978100,0,1,MMM
2011-03-22,90.96,91.48,90.41,90.7,72.8772,2067100,0,1,MMM
2011-03-21,90.27,91.8,90.17,90.95,73.078,3576000,0,1,MMM
2011-03-18,89.72,90.1,88.53,88.98,71.4952,4823200,0,1,MMM
2011-03-17,88.59,88.97,88.05,88.69,71.2622,3581300,0,1,MMM
2011-03-16,89.06,89.24,86.91,87.55,70.3462,6387500,0,1,MMM
2011-03-15,89.05,90.0967,88.06,89.5,71.913,5273500,0,1,MMM
2011-03-14,91.21,91.21,89.9,91.02,73.1343,3549000,0,1,MMM
2011-03-11,89.71,92.049,89.71,91.61,73.6084,3513000,0,1,MMM
2011-03-10,92.32,92.32,90,90.01,72.3228,5098400,0,1,MMM
2011-03-09,93.52,93.74,92.58,93.17,74.8618,2117900,0,1,MMM
2011-03-08,92.37,94.16,92.3049,93.75,75.3279,3623700,0,1,MMM
2011-03-07,92.58,93.55,92.02,92.4,74.2431,3790500,0,1,MMM
2011-03-04,92.71,93.29,91.35,92.19,74.0744,2770400,0,1,MMM
2011-03-03,91.85,93.4,91.85,92.81,74.5726,3061100,0,1,MMM
2011-03-02,90.24,92.2,90.24,91.32,73.3754,2809500,0,1,MMM
2011-03-01,92.19,92.35,90.44,90.46,72.6843,4008100,0,1,MMM
2011-02-28,91.9,92.64,91.1,92.23,74.1065,4797400,0,1,MMM
2011-02-25,89.75,90.67,89.69,90.25,72.5156,2859500,0,1,MMM
2011-02-24,90.43,90.73,89.27,90.03,72.3388,3995700,0,1,MMM
2011-02-23,92.57,92.58,89.87,90.26,72.5237,5360900,0,1,MMM
2011-02-22,92.73,93.65,91.82,92,73.9217,5032300,0,1,MMM
2011-02-18,92.73,92.97,92.05,92.96,74.6931,3435200,0,1,MMM
2011-02-17,92.14,92.96,92.028,92.73,74.5083,3134200,0,1,MMM
2011-02-16,91.46,92.95,91.45,92.33,74.1869,3906500,0.55,1,MMM
2011-02-15,91.52,92.14,91,92,73.4798,2971900,0,1,MMM
2011-02-14,91.72,92.3,91.72,91.9,73.3999,3418500,0,1,MMM
2011-02-11,90.34,91.95,90.061,91.8,73.3201,3410000,0,1,MMM
2011-02-10,90.24,90.6879,89.96,90.46,72.2498,2787500,0,1,MMM
2011-02-09,89.6718,90.84,89.65,90.78,72.5054,4786500,0,1,MMM
2011-02-08,88.97,89.5,88.78,89.47,71.4591,2708000,0,1,MMM
2011-02-07,88.17,89.25,87.81,88.79,70.916,2621700,0,1,MMM
2011-02-04,87.92,88.3872,87.65,88.29,70.5166,1973900,0,1,MMM
2011-02-03,87.82,88.27,87.55,87.95,70.2451,1982200,0,1,MMM
2011-02-02,87.68,88.45,87.6745,87.75,70.0854,2892600,0,1,MMM
2011-02-01,88.0236,88.3,87.44,87.79,70.1173,3995200,0,1,MMM
2011-01-31,87.93,88.19,87.31,87.92,70.2211,4116500,0,1,MMM
2011-01-28,89.43,89.69,87.2454,87.44,69.8378,4927600,0,1,MMM
2011-01-27,89.2,90.293,89.02,89.19,71.2355,3282400,0,1,MMM
2011-01-26,88.58,89.72,88.43,89.57,71.539,4097800,0,1,MMM
2011-01-25,89.4,89.5,87.2,88.5,70.6844,7480800,0,1,MMM
2011-01-24,89.21,90.5,89.06,90.32,72.138,6319600,0,1,MMM
2011-01-21,88.66,89.39,88.37,89.29,71.3154,3911300,0,1,MMM
2011-01-20,87.8642,88.38,87.25,88.04,70.317,2167400,0,1,MMM
2011-01-19,88.25,88.74,87.66,87.96,70.2531,2302200,0,1,MMM
2011-01-18,87.84,88.5,87.71,88.14,70.3969,2323700,0,1,MMM
2011-01-14,87.7427,88.11,87.45,88.1,70.3649,2094300,0,1,MMM
2011-01-13,88.47,88.87,87.76,88.04,70.317,2351900,0,1,MMM
2011-01-12,88.02,88.76,87.92,88.66,70.8122,2732900,0,1,MMM
2011-01-11,87.33,88.34,87.33,87.74,70.0774,3024400,0,1,MMM
2011-01-10,85.72,87.33,85.72,87.15,69.6062,3475200,0,1,MMM
2011-01-07,86.5509,87.31,85.95,86.23,68.8714,3355500,0,1,MMM
2011-01-06,86.86,87.19,85.63,86.14,68.7994,3452600,0,1,MMM
2011-01-05,86.29,87.9,86.12,86.67,69.2228,4081300,0,1,MMM
2011-01-04,87,87.278,86.28,86.67,69.2228,2644100,0,1,MMM
2011-01-03,86.75,87.33,86.74,86.79,69.3186,2632800,0,1,MMM
2010-12-31,86.53,86.98,86.01,86.3,68.9273,1791500,0,1,MMM
2010-12-30,86.78,87.0308,86.37,86.54,69.1189,1502900,0,1,MMM
2010-12-29,86.84,87.2,86.55,86.76,69.2947,1666800,0,1,MMM
2010-12-28,87.01,87.42,86.44,86.74,69.2787,1769700,0,1,MMM
2010-12-27,86.38,87.25,86,87.01,69.4943,1585500,0,1,MMM
2010-12-23,86.79,86.86,86.23,86.47,69.063,1890200,0,1,MMM
2010-12-22,86.4119,86.9,85.83,86.72,69.2627,2396800,0,1,MMM
2010-12-21,87.52,87.6,86.23,86.53,69.1109,3265900,0,1,MMM
2010-12-20,86.6,87.82,86.11,87.34,69.7579,4002600,0,1,MMM
2010-12-17,86.39,86.65,85.9,86.37,68.9832,3655800,0,1,MMM
2010-12-16,85.89,86.58,85.15,86.4,69.0071,2670600,0,1,MMM
2010-12-15,85.84,87,85.45,85.81,68.5359,4758500,0,1,MMM
2010-12-14,85.23,85.91,85.02,85.84,68.5599,2873400,0,1,MMM
2010-12-13,84.54,85.72,84.43,85.3,68.1286,4264300,0,1,MMM
2010-12-10,84.35,84.42,83.75,84.32,67.3458,4453200,0,1,MMM
2010-12-09,84.98,85.05,83.7253,84.11,67.1781,3598100,0,1,MMM
2010-12-08,83.23,84.82,83.23,84.68,67.6334,5145300,0,1,MMM
2010-12-07,86.68,87.07,83.81,84.19,67.242,10359600,0,1,MMM
2010-12-06,87,87.42,86.62,86.88,69.3905,3165400,0,1,MMM
2010-12-03,86.055,87.24,85.81,86.94,69.4384,2910700,0,1,MMM
2010-12-02,86.24,87.13,86.15,86.51,69.095,4257900,0,1,MMM
2010-12-01,85.42,86.73,85.4,86.05,68.7276,5153700,0,1,MMM
2010-11-30,83.25,84.3,83.03,83.98,67.0743,3463500,0,1,MMM
2010-11-29,83.7,84.38,83,84.22,67.2659,3590000,0,1,MMM
2010-11-26,84.46,85.07,83.92,84.4,67.4097,1661300,0,1,MMM
2010-11-24,84.49,84.81,84.08,84.66,67.6174,3857600,0,1,MMM
2010-11-23,83.91,84.54,83.14,83.59,66.7628,3933200,0,1,MMM
2010-11-22,84.66,85.06,83.97,84.9,67.8091,2976300,0,1,MMM
2010-11-19,85.53,85.55,84.72,85.01,67.8969,3221300,0,1,MMM
2010-11-18,84.84,85.75,84.56,85.55,68.3282,3576400,0,1,MMM
2010-11-17,84.08,84.52,83.52,83.95,67.0503,3130600,0.525,1,MMM
2010-11-16,85.71,85.78,83.97,84.24,66.8626,5699800,0,1,MMM
2010-11-15,86.69,86.78,86.1491,86.2,68.4183,3131100,0,1,MMM
2010-11-12,86.02,87.17,85.63,86.24,68.4501,4123700,0,1,MMM
2010-11-11,85.72,86.56,85.22,86.5,68.6564,5850800,0,1,MMM
2010-11-10,85.3,86.49,85.2796,86.25,68.458,3999000,0,1,MMM
2010-11-09,86.33,86.34,84.95,85.3,67.704,4920500,0,1,MMM
2010-11-08,85.8,86.6,85.55,85.86,68.1484,5515100,0,1,MMM
2010-11-05,87.46,87.49,86,86.34,68.5295,3724300,0,1,MMM
2010-11-04,86.29,87.87,86.1,87.04,69.085,6606100,0,1,MMM
2010-11-03,85.15,85.58,83.3,85.3,67.704,4081700,0,1,MMM
2010-11-02,84.81,85.05,84.32,84.8,67.3071,3815200,0,1,MMM
2010-11-01,84.57,85.29,83.42,83.98,66.6563,4467200,0,1,MMM
2010-10-29,85.01,85.2083,84.07,84.22,66.8467,6085200,0,1,MMM
2010-10-28,87.82,88,83.8,85.07,67.5214,16228100,0,1,MMM
2010-10-27,89.99,90.53,88.56,90.37,71.7281,3398500,0,1,MMM
2010-10-26,90.68,90.98,90.14,90.47,71.8075,2268200,0,1,MMM
2010-10-25,90.63,91.49,90.6307,90.9,72.1488,3192900,0,1,MMM
2010-10-22,90.45,90.63,90.02,90.44,71.7837,2310800,0,1,MMM
2010-10-21,89.87,90.9,89.716,90.55,71.871,5633800,0,1,MMM
2010-10-20,88.7344,89.95,88.6,89.47,71.0137,2819400,0,1,MMM
2010-10-19,88.75,88.96,87.51,88.55,70.2835,3888100,0,1,MMM
2010-10-18,89.09,89.92,88.69,89.66,71.1646,2692000,0,1,MMM
2010-10-15,89.7452,89.89,88.37,89.14,70.7518,3097100,0,1,MMM
2010-10-14,89.15,89.26,88.36,89.07,70.6963,2313700,0,1,MMM
2010-10-13,88.13,89.7319,88.13,89.14,70.7518,3179900,0,1,MMM
2010-10-12,87.92,88.54,86.78,88.15,69.9661,2501400,0,1,MMM
2010-10-11,89.48,89.4929,87.97,88.25,70.0454,2605900,0,1,MMM
2010-10-08,89.8222,89.82,88.43,89.16,70.7677,2264400,0,1,MMM
2010-10-07,89.86,89.92,88.44,88.9,70.5613,3321900,0,1,MMM
2010-10-06,88.66,89.9,88.6565,89.89,71.3471,4137400,0,1,MMM
2010-10-05,87.31,89,87.31,88.86,70.5296,4612200,0,1,MMM
2010-10-04,87.29,87.73,86.11,86.7,68.8152,2286300,0,1,MMM
2010-10-01,87.38,87.89,86.9,87.62,69.5454,3200900,0,1,MMM
2010-09-30,87.78,88,86.21,86.71,68.8231,3634700,0,1,MMM
2010-09-29,86.66,87.65,86.318,87.17,69.1882,2915700,0,1,MMM
2010-09-28,86.65,87.32,85.44,87.04,69.085,2582600,0,1,MMM
2010-09-27,86.86,87.11,86.07,86.19,68.4104,2494700,0,1,MMM
2010-09-24,86.41,87.4594,85.79,86.96,69.0215,3420400,0,1,MMM
2010-09-23,85.86,86.75,85.3518,85.53,67.8865,1994000,0,1,MMM
2010-09-22,86.57,87.16,86.13,86.63,68.7596,2473000,0,1,MMM
2010-09-21,86.652,87.62,86.06,86.55,68.6961,3680200,0,1,MMM
2010-09-20,86.26,87.63,86.06,87.41,69.3787,3657900,0,1,MMM
2010-09-17,85.343,86.17,85.09,86.07,68.3151,5967100,0,1,MMM
2010-09-16,84.02,85,83.94,84.95,67.4262,2431800,0,1,MMM
2010-09-15,84.47,84.75,83.62,84.58,67.1325,2175900,0,1,MMM
2010-09-14,84.68,85,84.02,84.63,67.1722,3319500,0,1,MMM
2010-09-13,84.56,84.97,84.21,84.86,67.3547,2863500,0,1,MMM
2010-09-10,82.87,84.07,82.65,83.94,66.6245,2166300,0,1,MMM
2010-09-09,83.92,84.08,82.48,82.96,65.8467,2471700,0,1,MMM
2010-09-08,82.21,83.7033,82.21,82.75,65.68,2787000,0,1,MMM
2010-09-07,83.23,83.38,82.02,82.14,65.1958,3099200,0,1,MMM
2010-09-03,82.58,83.71,82.56,83.48,66.2594,2939700,0,1,MMM
2010-09-02,81.44,81.89,80.83,81.87,64.9815,2477800,0,1,MMM
2010-09-01,79.51,81.1,79.29,81.01,64.2989,4507000,0,1,MMM
2010-08-31,79.56,80.2,78.4048,78.55,62.3464,4956000,0,1,MMM
2010-08-30,80.56,80.68,79.58,79.65,63.2195,2408400,0,1,MMM
2010-08-27,80.12,81.09,79.2,81,64.291,3445900,0,1,MMM
2010-08-26,81.26,81.33,79.4946,79.78,63.3227,3577000,0,1,MMM
2010-08-25,80.01,81.1,79.47,80.75,64.0925,3577100,0,1,MMM
2010-08-24,80.2,81,79.47,80.45,63.8544,4475900,0,1,MMM
2010-08-23,81.01,82.3,80.9,81.08,64.3545,3243400,0,1,MMM
2010-08-20,81,81.44,80.11,80.66,64.0211,4355400,0,1,MMM
2010-08-19,83.33,83.439,81.19,81.81,64.9339,3959300,0,1,MMM
2010-08-18,83.78,84,82.41,83.61,66.3626,3198900,0.525,1,MMM
2010-08-17,82.94,84.89,82.67,84.09,66.3269,4374600,0,1,MMM
2010-08-16,83.33,83.9678,82.33,83.43,65.8063,2358400,0,1,MMM
2010-08-13,83.9,84.45,83.74,84.01,66.2638,2079100,0,1,MMM
2010-08-12,83.3,84.63,83.16,84.01,66.2638,3435300,0,1,MMM
2010-08-11,85.9,85.99,83.53,84.1,66.3348,4505600,0,1,MMM
2010-08-10,87.41,87.78,85.85,87.11,68.7089,3641400,0,1,MMM
2010-08-09,87.73,88.38,87.41,88.03,69.4346,3187400,0,1,MMM
2010-08-06,86.81,87.54,86.02,87.29,68.8509,2701300,0,1,MMM
2010-08-05,87.31,87.9214,86.97,87.72,69.1901,2523600,0,1,MMM
2010-08-04,87.3,88.075,87.23,88,69.4109,2222600,0,1,MMM
2010-08-03,86.98,87.55,86.68,87.21,68.7878,2855500,0,1,MMM
2010-08-02,86.8,87.78,86.7139,87.41,68.9455,3639000,0,1,MMM
2010-07-30,85.5,86.35,84.86,85.54,67.4706,4744600,0,1,MMM
2010-07-29,87.05,87.48,85.724,86.34,68.1016,3344200,0,1,MMM
2010-07-28,86.44,87,86.22,86.69,68.3776,2824600,0,1,MMM
2010-07-27,87.16,87.39,86.33,86.8,68.4644,4243800,0,1,MMM
2010-07-26,86.497,87.47,85.89,87.32,68.8746,4834500,0,1,MMM
2010-07-23,84.689,86.27,84.35,86.17,67.9675,4559100,0,1,MMM
2010-07-22,84.73,85.14,83.8519,84.75,66.8475,7153200,0,1,MMM
2010-07-21,82.64,83.11,81.34,82.3,64.915,4992700,0,1,MMM
2010-07-20,80.48,82.34,80.01,82.19,64.8282,3050800,0,1,MMM
2010-07-19,81.48,81.5541,80.081,81.22,64.0631,3054200,0,1,MMM
2010-07-16,82.71,82.77,80.7008,80.95,63.8502,4302500,0,1,MMM
2010-07-15,83.17,83.17,81.53,83.06,65.5145,4642000,0,1,MMM
2010-07-14,83.13,83.68,82.49,83.05,65.5066,3114300,0,1,MMM
2010-07-13,82.8338,84.57,82.84,83.55,65.9009,5137400,0,1,MMM
2010-07-12,81.87,82.26,81.36,82.26,64.8834,3206600,0,1,MMM
2010-07-09,81.1157,82.25,81.11,82.16,64.8045,2817400,0,1,MMM
2010-07-08,81.12,81.59,80.09,81.22,64.0631,3975800,0,1,MMM
2010-07-07,78.44,80.58,77.93,80.52,63.511,4957900,0,1,MMM
2010-07-06,78.45,79.38,77.5,78.14,61.6337,4012500,0,1,MMM
2010-07-02,78.8,79,77.0458,77.67,61.263,3776900,0,1,MMM
2010-07-01,79.06,79.38,77.83,78.55,61.9571,6811700,0,1,MMM
2010-06-30,78.21,80.22,78.21,78.99,62.3042,6942900,0,1,MMM
2010-06-29,78.72,79.04,76.85,78.49,61.9098,8545400,0,1,MMM
2010-06-28,78.95,79.73,78.29,78.98,62.2963,3094000,0,1,MMM
2010-06-25,78.53,79.09,77.88,78.9,62.2332,4339900,0,1,MMM
2010-06-24,79.81,79.84,77.8724,78.18,61.6653,4340100,0,1,MMM
2010-06-23,80.23,80.64,79.45,80.12,63.1955,3567100,0,1,MMM
2010-06-22,81.71,81.87,79.88,80.03,63.1245,3116800,0,1,MMM
2010-06-21,81.96,83,81.07,81.47,64.2603,4064000,0,1,MMM
2010-06-18,80.84,81.38,80.38,81.18,64.0316,5255800,0,1,MMM
2010-06-17,81.34,81.37,79.9,81.03,63.9133,3976400,0,1,MMM
2010-06-16,79.28,81,78.99,80.88,63.7949,5359800,0,1,MMM
2010-06-15,79.09,79.86,78.74,79.77,62.9194,3233200,0,1,MMM
2010-06-14,78.99,79.33,78.06,78.14,61.6337,3612000,0,1,MMM
2010-06-11,76.66,78.39,76.62,78.3,61.7599,4627700,0,1,MMM
2010-06-10,75.78,77.59,75.62,77.43,61.0737,6204500,0,1,MMM
2010-06-09,75.47,76.1,74.5,74.79,58.9914,4803100,0,1,MMM
2010-06-08,74.7348,75.15,72.72,74.92,59.0939,7229500,0,1,MMM
2010-06-07,76.16,76.86,74.69,74.74,58.952,5947800,0,1,MMM
2010-06-04,77.29,77.29,75.7938,76.1,60.0247,8152800,0,1,MMM
2010-06-03,79.29,79.76,77.66,78.34,61.7915,7880900,0,1,MMM
2010-06-02,78.6,78.89,77.51,78.74,62.107,5773600,0,1,MMM
2010-06-01,78.72,79.87,77.97,78.07,61.5785,4340200,0,1,MMM
2010-05-28,81.53,81.69,78.76,79.31,62.5566,6482800,0,1,MMM
2010-05-27,80.41,81.53,80.04,81.43,64.2288,4554900,0,1,MMM
2010-05-26,79.9941,80.69,79.03,79.17,62.4462,4720900,0,1,MMM
2010-05-25,78.7,79.55,77.31,79.47,62.6828,5705200,0,1,MMM
2010-05-24,80.73,80.74,79.44,79.59,62.7775,3625900,0,1,MMM
2010-05-21,78.42,80.77,78.14,80.7,63.653,6489700,0,1,MMM
2010-05-20,81.17,81.47,79.5,79.58,62.7696,8752700,0,1,MMM
2010-05-19,83.34,83.34,81.95,82.54,65.1043,6405200,0.525,1,MMM
2010-05-18,85.09,86.2,83.85,84.02,65.8576,5219900,0,1,MMM
2010-05-17,84.8792,85.145,83.02,84.68,66.3749,3191700,0,1,MMM
2010-05-14,85.06,85.55,83.95,84.68,66.3749,4138400,0,1,MMM
2010-05-13,86.06,87,85.42,85.59,67.0882,3314300,0,1,MMM
2010-05-12,85.39,86.62,85.21,86.44,67.7544,3431000,0,1,MMM
2010-05-11,85.18,85.9723,84.87,85.04,66.6571,4760800,0,1,MMM
2010-05-10,85.6,87.04,84.9,85.97,67.386,6271600,0,1,MMM
2010-05-07,83.66,84.31,81.26,82.63,64.7681,8368800,0,1,MMM
2010-05-06,86.06,90.52,68.96,84.24,66.03,9156000,0,1,MMM
2010-05-05,87.04,87.2132,86.08,86.59,67.872,4880000,0,1,MMM
2010-05-04,89.22,89.22,87.0063,87.68,68.7264,5456400,0,1,MMM
2010-05-03,89.19,90,88.62,89.81,70.396,4647400,0,1,MMM
2010-04-30,88.7,89.7,88.4,88.67,69.5024,5262000,0,1,MMM
2010-04-29,88.94,90,88.64,89.33,70.0197,5284200,0,1,MMM
2010-04-28,88.89,89.08,87.6489,88.24,69.1653,5730600,0,1,MMM
2010-04-27,89.9248,90.25,87.77,87.97,68.9537,11138700,0,1,MMM
2010-04-26,86.82,87.79,86.74,87.44,68.5383,6288900,0,1,MMM
2010-04-23,86.18,87.09,85.93,86.58,67.8642,3990600,0,1,MMM
2010-04-22,85.1,86.14,84.47,86.05,67.4488,4627700,0,1,MMM
2010-04-21,85.44,85.85,85.07,85.7,67.1744,4522900,0,1,MMM
2010-04-20,84.41,85.85,84.32,85.27,66.8374,5735000,0,1,MMM
2010-04-19,83.61,84.13,83.14,83.9,65.7635,3554200,0,1,MMM
2010-04-16,84.7,84.95,83.2,83.76,65.6538,5342300,0,1,MMM
2010-04-15,84.14,85,83.93,85,66.6257,4535500,0,1,MMM
2010-04-14,83.91,84.47,83.4828,84.39,66.1476,3632100,0,1,MMM
2010-04-13,83.04,84.24,82.69,83.94,65.7949,4256000,0,1,MMM
2010-04-12,83.76,83.76,83.09,83.28,65.2775,2626100,0,1,MMM
2010-04-09,82.9691,83.67,82.79,83.49,65.4421,2883900,0,1,MMM
2010-04-08,83.41,83.6,82.77,82.95,65.0188,3757700,0,1,MMM
2010-04-07,84.11,84.63,83.2,83.66,65.5754,4463500,0,1,MMM
2010-04-06,83.9,84.47,83.55,84.35,66.1162,3208500,0,1,MMM
2010-04-05,84.22,84.48,83.58,84.19,65.9908,2600800,0,1,MMM
2010-04-01,83.87,84.23,83.3944,83.85,65.7243,2965800,0,1,MMM
2010-03-31,84.05,84.46,83.35,83.57,65.5048,4336700,0,1,MMM
2010-03-30,82.36,84.5,82.24,84.28,66.0613,8704600,0,1,MMM
2010-03-29,81.24,81.69,81.03,81.36,63.7726,3102600,0,1,MMM
2010-03-26,81.1,81.36,80.75,81,63.4904,3815300,0,1,MMM
2010-03-25,82.01,82.25,80.84,80.93,63.4355,4942500,0,1,MMM
2010-03-24,81.86,82.3,81.43,81.61,63.9685,3102500,0,1,MMM
2010-03-23,82.1,82.41,81.1619,82.35,64.5486,4153100,0,1,MMM
2010-03-22,81.5,82.2,81.5,81.84,64.1488,3256700,0,1,MMM
2010-03-19,83.8,84.0035,81.51,81.96,64.2429,6876200,0,1,MMM
2010-03-18,82.3,83.75,82,83.67,65.5832,4939500,0,1,MMM
2010-03-17,81.93,82.41,81.65,82.18,64.4153,3989700,0,1,MMM
2010-03-16,81.26,81.66,80.53,81.66,64.0077,4242200,0,1,MMM
2010-03-15,81.16,81.66,80.78,81.26,63.6942,2622300,0,1,MMM
2010-03-12,81.5729,81.67,80.92,81.38,63.7882,2945900,0,1,MMM
2010-03-11,81.26,81.54,80.51,81.26,63.6942,4048100,0,1,MMM
2010-03-10,81.92,82.06,81.25,81.56,63.9293,3584600,0,1,MMM
2010-03-09,81.15,82.13,80.74,81.99,64.2663,4249800,0,1,MMM
2010-03-08,82.42,82.532,81.23,81.31,63.7334,3627900,0,1,MMM
2010-03-05,81.345,82.5,81.23,82.44,64.6191,3142600,0,1,MMM
2010-03-04,81.21,81.36,80.57,81.02,63.5061,2620300,0,1,MMM
2010-03-03,81.16,81.68,80.86,81,63.4904,2852300,0,1,MMM
2010-03-02,80.74,81.38,80.5766,81.13,63.5923,3365600,0,1,MMM
2010-03-01,80.57,80.95,80.35,80.58,63.1612,2545100,0,1,MMM
2010-02-26,79.74,80.33,79.1,80.15,62.8241,3224400,0,1,MMM
2010-02-25,79.1593,79.77,78.64,79.74,62.5028,4106300,0,1,MMM
2010-02-24,80,80.6,79.5,80.07,62.7614,3530700,0,1,MMM
2010-02-23,80.41,81.09,79.67,79.71,62.4792,3981900,0,1,MMM
2010-02-22,81.71,81.76,80.55,80.68,63.2396,3025400,0,1,MMM
2010-02-19,81.14,81.74,80.6107,81.52,63.898,3217900,0,1,MMM
2010-02-18,80.06,81.18,80.06,81.11,63.5766,2702400,0,1,MMM
2010-02-17,80.42,80.69,79.74,80.14,62.8163,3095200,0.525,1,MMM
2010-02-16,80.08,80.64,79.34,80.47,62.6635,3619100,0,1,MMM
2010-02-12,79.14,79.2287,78.07,79.18,61.6589,5443000,0,1,MMM
2010-02-11,79.22,80.39,78.84,80.27,62.5077,5524500,0,1,MMM
2010-02-10,78.8,79.29,78,78.62,61.2228,2445200,0,1,MMM
2010-02-09,78.28,79.41,77.9,78.72,61.3007,4252500,0,1,MMM
2010-02-08,78.48,78.48,77.25,77.53,60.374,4407300,0,1,MMM
2010-02-05,79.16,79.5,77.26,78.54,61.1605,5408000,0,1,MMM
2010-02-04,81.13,81.13,78.83,79.21,61.6823,5312600,0,1,MMM
2010-02-03,79.83,81.68,79.83,81.5,63.4655,3401300,0,1,MMM
2010-02-02,80.7,80.94,79.695,80.43,62.6323,4690000,0,1,MMM
2010-02-01,80.84,80.89,79.94,80.44,62.6401,3632700,0,1,MMM
2010-01-29,81.35,81.88,80.18,80.49,62.679,4347000,0,1,MMM
2010-01-28,82.62,82.64,79.11,80.75,62.8815,6820700,0,1,MMM
2010-01-27,81.33,82.84,81.01,82.3,64.0885,5066900,0,1,MMM
2010-01-26,81.46,82.73,81.04,81.63,63.5668,3138000,0,1,MMM
2010-01-25,82.33,82.8888,81.48,81.83,63.7225,3386600,0,1,MMM
2010-01-22,82.4,82.83,81.3,81.48,63.45,4809000,0,1,MMM
2010-01-21,84.6,84.6,82.57,82.7,64.4,4783200,0,1,MMM
2010-01-20,84.83,85.13,83.59,84.72,65.973,3671200,0,1,MMM
2010-01-19,83.82,85.17,83.5,85.12,66.2845,4500400,0,1,MMM
2010-01-15,83.52,84.09,82.87,83.37,64.9217,3955000,0,1,MMM
2010-01-14,83.74,83.93,83.42,83.5,65.023,2634100,0,1,MMM
2010-01-13,84.11,84.11,83.2,83.78,65.241,3102000,0,1,MMM
2010-01-12,83.58,84.18,83.3,84.05,65.4512,3031800,0,1,MMM
2010-01-11,84.38,84.6,83.4139,83.98,65.3967,2927100,0,1,MMM
2010-01-08,83.69,84.32,83.3,84.32,65.6615,3405800,0,1,MMM
2010-01-07,83.32,83.76,82.12,83.73,65.2021,4470100,0,1,MMM
2010-01-06,83.88,84.6042,83.51,83.67,65.1553,5268500,0,1,MMM
2010-01-05,82.8,83.23,81.7047,82.5,64.2443,2847000,0,1,MMM
2010-01-04,83.09,83.45,82.67,83.02,64.6492,3043700,0,1,MMM
2009-12-31,83.79,84.08,82.54,82.67,64.3766,2049800,0,1,MMM
2009-12-30,84,84.3,83.66,83.9,65.3344,2595000,0,1,MMM
2009-12-29,83.78,84.32,83.65,84.13,65.5135,3865900,0,1,MMM
2009-12-28,82.78,83.59,82.67,83.45,64.984,2353800,0,1,MMM
2009-12-24,82.31,83,82.31,82.55,64.2832,931200,0,1,MMM
2009-12-23,81.96,82.32,81.4,82.19,64.0028,1900200,0,1,MMM
2009-12-22,81.8465,82.31,81.545,81.96,63.8237,1844100,0,1,MMM
2009-12-21,81.03,82.22,80.93,81.43,63.411,2761300,0,1,MMM
2009-12-18,80.8,81.35,80.55,80.97,63.0528,6667700,0,1,MMM
2009-12-17,81.39,81.48,80.34,80.47,62.6635,3841700,0,1,MMM
2009-12-16,82.52,83.02,81.52,81.72,63.6369,3979200,0,1,MMM
2009-12-15,82.1,82.93,81.54,82.7,64.4,4633000,0,1,MMM
2009-12-14,82.01,82.17,81.64,81.91,63.7848,4999400,0,1,MMM
2009-12-11,80.58,81.81,80.45,81.75,63.6602,4788800,0,1,MMM
2009-12-10,79.96,80.76,79.72,80.68,62.827,5050900,0,1,MMM
2009-12-09,78.25,79.9227,78.05,79.74,62.095,6599400,0,1,MMM
2009-12-08,76.35,77.43,76,77.11,60.0469,5046700,0,1,MMM
2009-12-07,77.91,78.86,77.6546,77.91,60.6699,3056100,0,1,MMM
2009-12-04,77.58,78.6,77.3708,78.24,60.9269,4376000,0,1,MMM
2009-12-03,78.4,78.66,76.98,77.15,60.0781,2992800,0,1,MMM
2009-12-02,78.42,79.14,77.91,78.41,61.0593,2977300,0,1,MMM
2009-12-01,77.85,78.9982,77.84,78.63,61.2306,3058400,0,1,MMM
2009-11-30,76.89,77.82,76.47,77.44,60.3039,3930100,0,1,MMM
2009-11-27,76.12,77.23,76.12,76.75,59.7666,1865900,0,1,MMM
2009-11-25,77.87,78.01,77.49,77.91,60.6699,1939200,0,1,MMM
2009-11-24,77.53,77.87,76.97,77.61,60.4363,2776600,0,1,MMM
2009-11-23,77.15,78.07,76.95,77.73,60.5297,3397500,0,1,MMM
2009-11-20,77.12,77.22,76.25,76.64,59.681,3027500,0,1,MMM
2009-11-19,77.46,77.64,76.22,77.25,60.156,2527900,0,1,MMM
2009-11-18,78.0654,78.13,77.33,77.8,60.5843,2540500,0.51,1,MMM
2009-11-17,77.89,78.79,77.89,78.78,60.9503,3094600,0,1,MMM
2009-11-16,77.55,78.29,77.43,78.02,60.3623,2994500,0,1,MMM
2009-11-13,77.22,77.882,76.72,77.32,59.8207,2423500,0,1,MMM
2009-11-12,77.91,78.17,76.95,77.21,59.7356,2451700,0,1,MMM
2009-11-11,78.09,79,77.71,77.96,60.3158,2876400,0,1,MMM
2009-11-10,77.04,78.28,77.04,77.99,60.3391,3503800,0,1,MMM
2009-11-09,75.93,77.28,75.5,77.2,59.7279,3950800,0,1,MMM
2009-11-06,74.87,75.81,74.68,75.41,58.343,1865200,0,1,MMM
2009-11-05,74.5,75.69,74.46,75.46,58.3817,3097600,0,1,MMM
2009-11-04,74.6812,75.28,73.9,74.07,57.3063,4076200,0,1,MMM
2009-11-03,74.01,74.6275,73.64,74.06,57.2985,3479200,0,1,MMM
2009-11-02,73.86,74.94,73.35,74.28,57.4687,3931700,0,1,MMM
2009-10-30,75.1,75.72,73.14,73.57,56.9194,4526200,0,1,MMM
2009-10-29,74.68,75.97,74.64,75.48,58.3971,4203100,0,1,MMM
2009-10-28,76.05,76.3,74.28,74.46,57.608,4401600,0,1,MMM
2009-10-27,76.99,77.26,75.82,76,58.7994,4502500,0,1,MMM
2009-10-26,77.6675,78.61,76.16,76.82,59.4339,3881300,0,1,MMM
2009-10-23,78.42,78.76,76.81,77.82,60.2075,5455500,0,1,MMM
2009-10-22,78,79.25,77.12,78.79,60.958,7186800,0,1,MMM
2009-10-21,75.73,77.38,75.73,76.33,59.0548,3540500,0,1,MMM
2009-10-20,76.26,76.73,75.6,75.95,58.7608,3508100,0,1,MMM
2009-10-19,76.27,77.077,75.82,76.32,59.047,3066700,0,1,MMM
2009-10-16,76.02,77,75.45,76.02,58.8149,3332000,0,1,MMM
2009-10-15,76.2,77.23,76.2,76.77,59.3952,3693700,0,1,MMM
2009-10-14,75.35,76.93,75.07,76.57,59.2404,4121900,0,1,MMM
2009-10-13,74.8,75.21,74.2,74.65,57.755,2460100,0,1,MMM
2009-10-12,74.85,75.56,74.47,74.88,57.9329,2405400,0,1,MMM
2009-10-09,74.46,74.73,73.9885,74.73,57.8169,2803800,0,1,MMM
2009-10-08,73.38,74.95,73.38,74.53,57.6621,3298900,0,1,MMM
2009-10-07,73.54,73.85,72.73,73.14,56.5867,3167600,0,1,MMM
2009-10-06,73.46,74.75,73.32,73.93,57.1979,2730700,0,1,MMM
2009-10-05,71.94,73.4,71.9,73.02,56.4939,2636000,0,1,MMM
2009-10-02,71.81,72.35,71.62,71.93,55.6506,3242900,0,1,MMM
2009-10-01,73.56,73.87,72.4,72.55,56.1303,4362700,0,1,MMM
2009-09-30,74.06,74.9858,72.77,73.8,57.0974,4561800,0,1,MMM
2009-09-29,74.78,75.25,73.86,73.94,57.2057,3200500,0,1,MMM
2009-09-28,73.93,75.41,73.93,75.01,58.0335,2390400,0,1,MMM
2009-09-25,74.04,74.39,73.37,73.8,57.0974,3470700,0,1,MMM
2009-09-24,74.65,75.24,73.63,74.1,57.3295,3109500,0,1,MMM
2009-09-23,75.12,76.003,74.301,74.42,57.577,3344400,0,1,MMM
2009-09-22,74.82,75.15,74.09,74.97,58.0026,2209900,0,1,MMM
2009-09-21,73.91,74.68,73.91,74.54,57.6699,2560400,0,1,MMM
2009-09-18,75.12,75.25,74.5,74.62,57.7318,4387900,0,1,MMM
2009-09-17,75.34,75.45,74.5,74.89,57.9407,3371500,0,1,MMM
2009-09-16,74.76,75.49,74.5,75.38,58.3198,2722500,0,1,MMM
2009-09-15,74.63,74.88,74,74.68,57.7782,3566900,0,1,MMM
2009-09-14,73.72,74.64,73.42,74.56,57.6854,3466400,0,1,MMM
2009-09-11,74.41,74.49,73.72,74,57.2521,3331400,0,1,MMM
2009-09-10,73.05,74.39,72.51,74.39,57.5538,4135200,0,1,MMM
2009-09-09,71.61,73.5,71.61,73.18,56.6177,4771200,0,1,MMM
2009-09-08,71.7,72.3,71.41,71.69,55.4649,3368600,0,1,MMM
2009-09-04,70.98,71.54,70.42,71.35,55.2019,2251700,0,1,MMM
2009-09-03,70.74,71.11,70.14,71.02,54.9465,3194700,0,1,MMM
2009-09-02,70.48,71.18,69.89,70.58,54.6061,3259000,0,1,MMM
2009-09-01,71.81,72.79,69.93,70.12,54.2502,5864000,0,1,MMM
2009-08-31,71.45,72.1,71.1941,72.1,55.7821,3349200,0,1,MMM
2009-08-28,71.98,72.15,70.9,71.92,55.6428,3493400,0,1,MMM
2009-08-27,71.48,71.84,70.46,71.63,55.4185,4076400,0,1,MMM
2009-08-26,72.69,72.74,71.27,71.42,55.256,4703500,0,1,MMM
2009-08-25,72.62,73.21,72.24,72.68,56.2308,3442000,0,1,MMM
2009-08-24,72.74,73,72.01,72.56,56.138,2504500,0,1,MMM
2009-08-21,72,72.91,71.26,72.64,56.1999,4324700,0,1,MMM
2009-08-20,70.78,71.36,70.5,71.23,55.109,2542800,0,1,MMM
2009-08-19,69.35,71.04,69.26,70.79,54.7686,3907500,0.51,1,MMM
2009-08-18,70.39,70.59,69.9,70.35,54.0336,3417700,0,1,MMM
2009-08-17,70.49,70.98,69.53,70.08,53.8262,4417300,0,1,MMM
2009-08-14,72.35,72.49,70.64,71.32,54.7786,3597500,0,1,MMM
2009-08-13,72.28,72.92,72.03,72.6,55.7617,4348700,0,1,MMM
2009-08-12,71.38,72.67,70.94,72.33,55.5544,4806800,0,1,MMM
2009-08-11,70.84,71.53,70.33,71.34,54.794,4802100,0,1,MMM
2009-08-10,72.59,72.59,70.32,70.91,54.4637,5923800,0,1,MMM
2009-08-07,72.68,73.5,72.32,72.9,55.9922,4455200,0,1,MMM
2009-08-06,71.97,72.5924,71.78,72.4,55.6081,4297300,0,1,MMM
2009-08-05,72.35,72.75,71.23,71.83,55.1703,4526400,0,1,MMM
2009-08-04,71.71,72.49,71.5,72.03,55.3239,4795000,0,1,MMM
2009-08-03,71.8,72.5,71.25,72.14,55.4084,5571300,0,1,MMM
2009-07-31,70.1919,71.39,70.19,70.52,54.1642,4484100,0,1,MMM
2009-07-30,69.73,70.64,69.18,69.9,53.688,4271800,0,1,MMM
2009-07-29,69.33,69.67,68.38,68.72,52.7817,4666400,0,1,MMM
2009-07-28,69.65,70.19,69.26,69.88,53.6726,4394600,0,1,MMM
2009-07-27,69.39,70.3,69.3,69.91,53.6956,4158100,0,1,MMM
2009-07-24,69.4,69.9,68.36,69.42,53.3193,6128100,0,1,MMM
2009-07-23,66.58,69.72,66.35,69.43,53.327,10778600,0,1,MMM
2009-07-22,64.26,64.89,64.05,64.67,49.671,4161900,0,1,MMM
2009-07-21,64.44,64.7385,63.36,64.2,49.31,5030000,0,1,MMM
2009-07-20,63.62,63.95,63.08,63.84,49.0335,3824900,0,1,MMM
2009-07-17,63.14,63.48,62.16,62.92,48.3269,4580700,0,1,MMM
2009-07-16,61.91,63.54,61.82,63.4,48.6955,4129000,0,1,MMM
2009-07-15,61.2,62.15,60.9464,62,47.6202,5023100,0,1,MMM
2009-07-14,60.4758,61,60,60.63,46.568,3538200,0,1,MMM
2009-07-13,59.83,60.53,59.3,60.49,46.4605,4041600,0,1,MMM
2009-07-10,58.68,59.92,58.46,59.79,45.9228,3911400,0,1,MMM
2009-07-09,59.28,59.47,58.75,59.09,45.3851,3164200,0,1,MMM
2009-07-08,58.87,59.25,57.81,59.02,45.3314,6101500,0,1,MMM
2009-07-07,61.09,61.3,58.69,58.76,45.1317,7289400,0,1,MMM
2009-07-06,59.87,60.78,59.63,60.67,46.5987,5791600,0,1,MMM
2009-07-02,59.9,60.74,59.68,60.25,46.2761,5582800,0,1,MMM
2009-07-01,60.31,61.29,60.09,60.74,46.6525,3839900,0,1,MMM
2009-06-30,59.94,60.3109,59.59,60.1,46.1609,6597200,0,1,MMM
2009-06-29,59.36,60.07,58.8,59.96,46.0534,3194300,0,1,MMM
2009-06-26,58.81,59.47,58.67,59.26,45.5157,2988600,0,1,MMM
2009-06-25,57.35,59.0571,57.1,58.9,45.2392,3807900,0,1,MMM
2009-06-24,57.46,58.55,57.16,57.48,44.1486,4447700,0,1,MMM
2009-06-23,57.74,57.74,56.6068,57.06,43.826,4161200,0,1,MMM
2009-06-22,58.62,59.17,57.4176,57.47,44.1409,5272900,0,1,MMM
2009-06-19,59.48,60.19,58.93,59.37,45.6002,5868100,0,1,MMM
2009-06-18,58.89,59.95,58.84,59.31,45.5541,3194500,0,1,MMM
2009-06-17,58.59,59.44,58.59,59.04,45.3467,3826100,0,1,MMM
2009-06-16,59.41,59.57,58.25,58.41,44.8629,3791500,0,1,MMM
2009-06-15,60.4,60.4,58.71,59.31,45.5541,4231600,0,1,MMM
2009-06-12,60.37,61,59.91,61,46.8521,3229000,0,1,MMM
2009-06-11,60.5729,61.46,60.5,60.58,46.5296,3627300,0,1,MMM
2009-06-10,60.62,61.22,59.49,60.46,46.4374,4433100,0,1,MMM
2009-06-09,60.6,60.6,59.75,60.34,46.3452,4387400,0,1,MMM
2009-06-08,60.97,61.05,59.07,60.69,46.6141,5144400,0,1,MMM
2009-06-05,60.6,61.29,60.04,60.94,46.8061,6642100,0,1,MMM
2009-06-04,59.59,59.96,59.12,59.85,45.9689,3282200,0,1,MMM
2009-06-03,59.56,59.96,58.74,59.5,45.7001,3927800,0,1,MMM
2009-06-02,59.24,60.31,59.05,59.96,46.0534,4231000,0,1,MMM
2009-06-01,57.9,59.87,57.9,59.29,45.5388,6007300,0,1,MMM
2009-05-29,56.69,57.17,55.946,57.1,43.8567,3782600,0,1,MMM
2009-05-28,56.24,56.88,55.23,56.55,43.4343,3933300,0,1,MMM
2009-05-27,57.91,58.13,55.95,56.04,43.0425,4904100,0,1,MMM
2009-05-26,55.95,58.08,55.34,57.91,44.4788,4140000,0,1,MMM
2009-05-22,56.82,56.99,55.99,56.07,43.0656,3773900,0,1,MMM
2009-05-21,57.45,57.7,56.02,56.55,43.4343,4721600,0,1,MMM
2009-05-20,59.1035,59.68,58.13,58.2,44.7016,3736900,0.51,1,MMM
2009-05-19,59.07,59.5,58.25,59,44.9243,4100400,0,1,MMM
2009-05-18,58.3,59.32,58.098,59.23,45.0994,4224800,0,1,MMM
2009-05-15,57.76,58.75,57.51,57.92,44.102,4747300,0,1,MMM
2009-05-14,57.17,58.31,57.0298,57.94,44.1172,4640800,0,1,MMM
2009-05-13,58.39,58.69,56.6,56.94,43.3558,5679600,0,1,MMM
2009-05-12,59.42,59.8,58.35,59.53,45.3279,4082800,0,1,MMM
2009-05-11,59.4035,59.58,58.7,59.11,45.0081,3896100,0,1,MMM
2009-05-08,59.21,60.23,59.2,60.09,45.7543,5408200,0,1,MMM
2009-05-07,59.01,59.5616,57.97,58.77,44.7492,5627600,0,1,MMM
2009-05-06,58.74,59.36,57.83,59.14,45.0309,5067100,0,1,MMM
2009-05-05,58.42,58.76,57.78,58.43,44.4903,4302400,0,1,MMM
2009-05-04,57.89,58.76,57.61,58.48,44.5284,4520100,0,1,MMM
2009-05-01,57.56,57.97,56.98,57.88,44.0715,4083200,0,1,MMM
2009-04-30,58.18,58.98,57,57.6,43.8583,5355800,0,1,MMM
2009-04-29,57,57.94,56.78,57.52,43.7974,4622100,0,1,MMM
2009-04-28,56.8,57.67,56.3,56.55,43.0588,4552700,0,1,MMM
2009-04-27,56.45,58.13,56.38,57.35,43.668,7436400,0,1,MMM
2009-04-24,54.26,57.02,53.7392,57,43.4015,11541000,0,1,MMM
2009-04-23,53.24,54.33,52.21,54.21,41.2771,6210900,0,1,MMM
2009-04-22,52.62,54.35,52.25,53.06,40.4014,5893700,0,1,MMM
2009-04-21,52.26,53.45,52,53.29,40.5765,5059100,0,1,MMM
2009-04-20,53.3899,53.5,51.63,51.97,39.5715,4697100,0,1,MMM
2009-04-17,55.0269,55.03,53.64,53.81,40.9725,6641000,0,1,MMM
2009-04-16,53.85,55,53.2,54.76,41.6958,5735600,0,1,MMM
2009-04-15,52.78,54.04,52.35,53.73,40.9116,4527800,0,1,MMM
2009-04-14,52.93,53.555,52.5,52.94,40.3101,4634300,0,1,MMM
2009-04-13,52.78,53.75,52.05,53.35,40.6222,4586200,0,1,MMM
2009-04-09,52.61,53.7,52.61,53.13,40.4547,5753900,0,1,MMM
2009-04-08,50.93,51.77,50.6,51.38,39.1222,4089300,0,1,MMM
2009-04-07,51.51,51.61,50.67,50.8,38.6806,4060600,0,1,MMM
2009-04-06,52,52.2,51.22,52.08,39.6552,3885300,0,1,MMM
2009-04-03,52.23,52.4919,51.25,52.11,39.6781,4931100,0,1,MMM
2009-04-02,51.59,52.9,51.41,52.13,39.6933,6961000,0,1,MMM
2009-04-01,48.95,50.87,48.72,50.65,38.5664,5773100,0,1,MMM
2009-03-31,49.11,50.55,48.77,49.72,37.8582,7183100,0,1,MMM
2009-03-30,49.72,49.94,48.08,48.65,37.0435,4797300,0,1,MMM
2009-03-27,50.3,51.03,49.93,50.33,38.3227,4684300,0,1,MMM
2009-03-26,49.35,51.13,49.0314,51.03,38.8557,7299000,0,1,MMM
2009-03-25,48.85,50.76,47.75,49.02,37.3252,7846700,0,1,MMM
2009-03-24,48.45,49.46,48.06,48.36,36.777,4964700,0,1,MMM
2009-03-23,46.8,49.41,46.57,49.32,37.5537,7438500,0,1,MMM
2009-03-20,47.36,47.58,45.6,45.93,34.9724,8475400,0,1,MMM
2009-03-19,49.07,49.19,47.1272,47.47,36.145,6993700,0,1,MMM
2009-03-18,48.27,49.75,47.685,49.2,37.4623,6244100,0,1,MMM
2009-03-17,47.42,48.78,47.42,48.76,37.1273,4977600,0,1,MMM
2009-03-16,48.48,48.5991,47.35,47.47,36.145,5167300,0,1,MMM
2009-03-13,48.32,48.5,47.31,48,36.5486,5058300,0,1,MMM
2009-03-12,47.05,48.02,46.12,48,36.5486,6201500,0,1,MMM
2009-03-11,44.87,47.17,44.87,46.8,35.6349,8235400,0,1,MMM
2009-03-10,42.1,45.55,41.8,45.49,34.6374,10699800,0,1,MMM
2009-03-09,41.31,42.45,41.2,42.07,32.0333,7150100,0,1,MMM
2009-03-06,42.8367,43.28,40.87,41.83,31.8506,9174100,0,1,MMM
2009-03-05,43.53,44.03,42.04,42.51,32.3683,8217600,0,1,MMM
2009-03-04,43.88,45.43,43.6,44.82,34.1272,9040400,0,1,MMM
2009-03-03,43.17,43.98,42.7,43.12,32.8328,9081400,0,1,MMM
2009-03-02,44.62,45.18,42.7479,42.84,32.6196,8116600,0,1,MMM
2009-02-27,45.65,46.37,45.17,45.46,34.6146,6911300,0,1,MMM
2009-02-26,47.21,47.465,46.29,46.33,35.277,6426200,0,1,MMM
2009-02-25,47.05,47.45,46.03,46.61,35.4902,8566600,0,1,MMM
2009-02-24,45.7316,47.62,45.35,47.4,36.0917,8260400,0,1,MMM
2009-02-23,47.56,47.59,45.36,45.41,34.5765,6776500,0,1,MMM
2009-02-20,46.8454,47.93,46.44,47.25,35.9775,8729300,0,1,MMM
2009-02-19,46.58,48.04,46.58,47.07,35.8405,5554600,0,1,MMM
2009-02-18,47.26,47.58,46.61,47.14,35.8938,4963800,0.51,1,MMM
2009-02-17,48.93,48.93,47.2,47.42,35.7186,8653800,0,1,MMM
2009-02-13,50.6,50.6,49.25,49.42,37.2251,4810600,0,1,MMM
2009-02-12,50.45,50.56,48.64,49.97,37.6394,8495400,0,1,MMM
2009-02-11,51.7595,52.19,50.76,51.29,38.6337,5847600,0,1,MMM
2009-02-10,53.8672,54.11,50.78,51.08,38.4755,6909600,0,1,MMM
2009-02-09,52.46,54.66,52.3,54.11,40.7578,7146900,0,1,MMM
2009-02-06,51.63,52.92,51.4,52.39,39.4622,5305900,0,1,MMM
2009-02-05,50.55,51.83,50.01,51.55,38.8295,5291000,0,1,MMM
2009-02-04,51.91,52.45,50.61,50.84,38.2947,4722400,0,1,MMM
2009-02-03,51.25,51.82,50.3,51.64,38.8973,7715700,0,1,MMM
2009-02-02,52.79,53.02,50.16,50.62,38.129,9052900,0,1,MMM
2009-01-30,56.59,56.81,53.29,53.79,40.5168,7620300,0,1,MMM
2009-01-29,55.63,57.7128,55.03,56.55,42.5957,8154300,0,1,MMM
2009-01-28,54.45,55.85,53.8,55.42,41.7445,6105400,0,1,MMM
2009-01-27,53.75,54.51,53.23,53.99,40.6674,4722700,0,1,MMM
2009-01-26,53.54,54.55,52.95,53.56,40.3435,5185200,0,1,MMM
2009-01-23,53.01,53.67,52.31,52.9,39.8464,5684800,0,1,MMM
2009-01-22,53.65,54.57,52.83,54.06,40.7201,4788900,0,1,MMM
2009-01-21,54.61,54.8,52.75,54.24,40.8557,5892800,0,1,MMM
2009-01-20,56.42,56.6,53.85,53.92,40.6147,5683600,0,1,MMM
2009-01-16,55.59,56.63,54.89,56.42,42.4978,5621900,0,1,MMM
2009-01-15,55.08,55.76,54.29,55.17,41.5562,4777400,0,1,MMM
2009-01-14,55.31,56,54.5,55.04,41.4583,4520800,0,1,MMM
2009-01-13,56.85,57.3,55.71,56.25,42.3697,4430100,0,1,MMM
2009-01-12,57.64,57.9,56.69,57.08,42.9949,4182500,0,1,MMM
2009-01-09,58.8,59.01,57.57,57.74,43.4921,3661000,0,1,MMM
2009-01-08,57.68,58.7081,57.45,58.58,44.1248,3944900,0,1,MMM
2009-01-07,58.61,58.96,57.58,58.07,43.7406,4598100,0,1,MMM
2009-01-06,58.74,59.81,58.61,59.19,44.5843,4966200,0,1,MMM
2009-01-05,58.79,59.09,58.11,58.5,44.0645,3768800,0,1,MMM
2009-01-02,57.55,59.39,57.52,59.19,44.5843,5313900,0,1,MMM
2008-12-31,57.23,57.92,56.6791,57.54,43.3414,4005800,0,1,MMM
2008-12-30,55.56,57.2696,55.22,57.17,43.0627,3775000,0,1,MMM
2008-12-29,55.55,56,54.26,55.37,41.7069,3037000,0,1,MMM
2008-12-26,55.55,56.11,55.51,55.74,41.9856,1634300,0,1,MMM
2008-12-24,55.61,55.98,55.36,55.5,41.8048,1336400,0,1,MMM
2008-12-23,56.71,57.5,55.31,55.44,41.7596,3286400,0,1,MMM
2008-12-22,56.53,57.06,55.27,56.37,42.4601,4210100,0,1,MMM
2008-12-19,58,58.04,56.23,56.62,42.6484,7536900,0,1,MMM
2008-12-18,58.8954,59.26,56.28,56.71,42.7162,5574500,0,1,MMM
2008-12-17,57.5,59.5,57.5,58.58,44.1248,5847400,0,1,MMM
2008-12-16,55.57,58.6,55.31,58.32,43.929,9334200,0,1,MMM
2008-12-15,56.6,56.7184,54.92,55.63,41.9027,5557100,0,1,MMM
2008-12-12,54.27,56.57,53.59,56.04,42.2116,4723400,0,1,MMM
2008-12-11,56.77,57.24,54.65,55.14,41.5336,7404600,0,1,MMM
2008-12-10,56.91,58.29,56.47,57.52,43.3263,5391200,0,1,MMM
2008-12-09,55.46,56.74,55,56.15,42.2944,8788600,0,1,MMM
2008-12-08,59.01,60.68,55.4285,57.38,43.2209,14082600,0,1,MMM
2008-12-05,58.21,60.44,57.84,59.85,45.0814,10272200,0,1,MMM
2008-12-04,60.13,60.45,58.1,59.14,44.5466,9290700,0,1,MMM
2008-12-03,59.66,61.7,59.1639,60.71,45.7292,8972800,0,1,MMM
2008-12-02,60.7,62.14,58.82,60.86,45.8422,11934400,0,1,MMM
2008-12-01,64.95,66.25,62.1,62.35,46.9645,9715700,0,1,MMM
2008-11-28,65.18,67,64.2,66.93,50.4143,3205500,0,1,MMM
2008-11-26,62.45,66,62.4,65.91,49.6461,6396000,0,1,MMM
2008-11-25,64.34,64.5,61.83,63.64,47.9362,8689800,0,1,MMM
2008-11-24,62,64.24,61,63.26,47.6499,10617300,0,1,MMM
2008-11-21,57.78,61.61,56.64,61.3,46.1736,14803200,0,1,MMM
2008-11-20,58.25,61.06,56.25,56.79,42.7765,11517100,0,1,MMM
2008-11-19,61.83,62.36,58.6,58.77,44.2679,8329600,0.5,1,MMM
2008-11-18,60.23,62.42,59.5035,62.17,46.4523,9223700,0,1,MMM
2008-11-17,62.33,62.93,60.03,60.8,45.4287,6571200,0,1,MMM
2008-11-14,63.22,65.95,62.6,63.06,47.1173,6996600,0,1,MMM
2008-11-13,59.23,64.87,57.91,64.43,48.1409,11086500,0,1,MMM
2008-11-12,61.18,61.93,59.24,59.44,44.4125,8203700,0,1,MMM
2008-11-11,63.87,64.9365,61.4,62.38,46.6092,6573400,0,1,MMM
2008-11-10,65.98,66.56,64.08,64.95,48.5295,5755500,0,1,MMM
2008-11-07,62.92,64.83,62.34,64.83,48.4398,6134000,0,1,MMM
2008-11-06,64.04,65.47,62.07,62.36,46.5943,7842900,0,1,MMM
2008-11-05,64.64,67.47,64.39,64.52,48.2082,8213300,0,1,MMM
2008-11-04,65.45,66.2275,64.17,65.61,49.0226,5896200,0,1,MMM
2008-11-03,63.56,64.65,63.47,64.11,47.9018,3677600,0,1,MMM
2008-10-31,62.48,64.56,61.75,64.3,48.0438,7259400,0,1,MMM
2008-10-30,64.49,64.56,61.3,62.55,46.7362,7141000,0,1,MMM
2008-10-29,64.28,64.98,61.87,62.5,46.6989,11277700,0,1,MMM
2008-10-28,61.09,64.56,58.34,64.31,48.0513,9364400,0,1,MMM
2008-10-27,58.6,62.76,58.5,60.37,45.1074,9268500,0,1,MMM
2008-10-24,58.36,61.5,57.52,59.61,44.5395,10095000,0,1,MMM
2008-10-23,58.53,62.1,57.74,61.54,45.9816,15117300,0,1,MMM
2008-10-22,59.25,60.9,57.08,58.19,43.4785,11002300,0,1,MMM
2008-10-21,60.15,61.91,59.07,60.04,44.8608,10744000,0,1,MMM
2008-10-20,57.67,57.67,55,57.51,42.9704,6668500,0,1,MMM
2008-10-17,56.16,59,55.26,56.49,42.2083,7288100,0,1,MMM
2008-10-16,54.76,57.79,52.34,57.27,42.7911,10485700,0,1,MMM
2008-10-15,58.05,59.38,54.62,54.68,40.8559,9646200,0,1,MMM
2008-10-14,61.96,63.6,58.39,59.37,44.3602,10622700,0,1,MMM
2008-10-13,58.75,59.71,56.01,59.62,44.547,10511700,0,1,MMM
2008-10-10,51.83,56.44,50.01,54.26,40.5421,16317000,0,1,MMM
2008-10-09,57.5,58.57,53.382,53.5,39.9742,11647700,0,1,MMM
2008-10-08,59.46,61.94,57.24,57.37,42.8658,13349200,0,1,MMM
2008-10-07,63.75,64.5,59.87,59.97,44.8085,8798100,0,1,MMM
2008-10-06,63.1,64.38,60.93,63,47.0725,10949000,0,1,MMM
2008-10-03,66.09,67.25,64.51,64.6,48.2679,6588000,0,1,MMM
2008-10-02,66.91,67.75,65.51,65.6,49.0151,7880100,0,1,MMM
2008-10-01,67.67,68.31,66.86,67.39,50.3526,4615700,0,1,MMM
2008-09-30,67.28,68.6,67.12,68.31,51.04,7093900,0,1,MMM
2008-09-29,68.93,68.93,65.51,66.32,49.5531,8246900,0,1,MMM
2008-09-26,68.8,69.69,68.25,69.45,51.8918,4302300,0,1,MMM
2008-09-25,68.82,70.03,68.8194,69.73,52.101,5291300,0,1,MMM
2008-09-24,69.41,70.25,67.89,68.57,51.2343,5756400,0,1,MMM
2008-09-23,70.77,71.03,69,69,51.5555,5786300,0,1,MMM
2008-09-22,72.78,73.99,70.35,70.7,52.8258,5715400,0,1,MMM
2008-09-19,74.24,74.71,71.01,72.68,54.3052,10138600,0,1,MMM
2008-09-18,69.51,71.24,68.03,70.5,52.6763,10863000,0,1,MMM
2008-09-17,68.33,69.9338,67.85,68.85,51.4435,8901700,0,1,MMM
2008-09-16,68.47,70.32,68.32,69.73,52.101,8718800,0,1,MMM
2008-09-15,68.02,70.25,68.01,68.88,51.4659,6903900,0,1,MMM
2008-09-12,69.85,70.48,69.2506,70.15,52.4148,5702000,0,1,MMM
2008-09-11,68.24,70.07,68.18,69.94,52.2579,5187100,0,1,MMM
2008-09-10,69.97,70.12,68.49,68.68,51.3164,5740900,0,1,MMM
2008-09-09,70.5,71,69.31,69.45,51.8918,6627900,0,1,MMM
2008-09-08,70.13,71.99,70.13,71.18,53.1844,6063200,0,1,MMM
2008-09-05,69.49,69.75,68.51,69.19,51.6975,5452400,0,1,MMM
2008-09-04,70.23,70.44,69.45,69.74,52.1085,6032200,0,1,MMM
2008-09-03,70.31,71.3,69.79,70.83,52.9229,5710400,0,1,MMM
2008-09-02,72.38,73.63,70.8,71.12,53.1396,4766800,0,1,MMM
2008-08-29,72.14,72.55,71.51,71.6,53.4982,3440100,0,1,MMM
2008-08-28,71.01,72.66,70.91,72.5,54.1707,3889600,0,1,MMM
2008-08-27,70.69,71.22,70.13,70.72,52.8407,3481300,0,1,MMM
2008-08-26,70.47,71.3,70.24,70.72,52.8407,2761100,0,1,MMM
2008-08-25,71.47,71.94,70.28,70.73,52.8482,3733200,0,1,MMM
2008-08-22,70.91,72.71,70.54,72.28,54.0063,3062400,0,1,MMM
2008-08-21,70.26,71.29,69.75,70.91,52.9827,2978000,0,1,MMM
2008-08-20,71.24,71.43,70.29,70.69,52.8183,2930700,0.5,1,MMM
2008-08-19,72.1567,72.31,70.85,71.31,52.9079,3688200,0,1,MMM
2008-08-18,73.59,73.9,72.0421,72.45,53.7538,4294100,0,1,MMM
2008-08-15,73.09,74.1,73.09,73.49,54.5254,4407800,0,1,MMM
2008-08-14,72.5472,73.87,72.21,73.04,54.1915,2992100,0,1,MMM
2008-08-13,73.4866,73.94,72.2,72.96,54.1321,3847600,0,1,MMM
2008-08-12,74.54,74.54,73.38,73.6,54.607,4087600,0,1,MMM
2008-08-11,73.19,74.68,73.18,74.38,55.1857,5461500,0,1,MMM
2008-08-08,71.14,73.9071,71.14,73.48,54.518,5424900,0,1,MMM
2008-08-07,71.33,72.04,70.65,71.18,52.8115,4324200,0,1,MMM
2008-08-06,71.75,72.08,70.84,71.81,53.2789,3929000,0,1,MMM
2008-08-05,70.2312,72.03,70,71.88,53.3308,4878600,0,1,MMM
2008-08-04,70.03,70.44,69.35,69.75,51.7505,2279700,0,1,MMM
2008-08-01,70.53,71.06,69.8373,70.15,52.0473,3026400,0,1,MMM
2008-07-31,70.84,71.2531,70.29,70.39,52.2254,4254200,0,1,MMM
2008-07-30,70.75,71.44,70.05,71.3,52.9005,3860200,0,1,MMM
2008-07-29,69.77,70.57,69.55,70.49,52.2996,3599600,0,1,MMM
2008-07-28,70.87,70.99,69.39,69.63,51.6615,4832600,0,1,MMM
2008-07-25,71.53,71.9,70.23,70.95,52.6409,4947500,0,1,MMM
2008-07-24,72.4,72.77,70.91,71.05,52.715,6515000,0,1,MMM
2008-07-23,70.47,71.06,70.0587,70.8,52.5296,4189600,0,1,MMM
2008-07-22,68.12,70.45,68.1,70.3,52.1586,5804800,0,1,MMM
2008-07-21,69.36,69.7,67.92,68.73,50.9937,3354600,0,1,MMM
2008-07-18,69.48,69.53,68.3024,68.94,51.1496,4473900,0,1,MMM
2008-07-17,69.22,69.58,67.54,69.45,51.5279,5856300,0,1,MMM
2008-07-16,67.9033,68.67,67.28,68.64,50.9269,4636500,0,1,MMM
2008-07-15,68.61,68.67,67.26,67.69,50.2221,8230000,0,1,MMM
2008-07-14,69.41,70,68.65,69.02,51.2089,5117900,0,1,MMM
2008-07-11,68.27,69.38,67.76,68.72,50.9863,6262400,0,1,MMM
2008-07-10,68.79,69.75,68.3034,68.92,51.1347,5286200,0,1,MMM
2008-07-09,70.0977,71.21,68.56,68.64,50.9269,6226600,0,1,MMM
2008-07-08,69.92,71.17,69.52,71.03,52.7002,5163700,0,1,MMM
2008-07-07,69.89,70.88,69.28,69.85,51.8247,4913300,0,1,MMM
2008-07-03,68.7655,69.96,68.68,69.46,51.5353,3083300,0,1,MMM
2008-07-02,70.18,70.18,68.48,68.48,50.8082,4661200,0,1,MMM
2008-07-01,68.66,70.0495,67.57,69.78,51.7728,6353100,0,1,MMM
2008-06-30,69.4843,69.69,68.61,69.59,51.6318,5333800,0,1,MMM
2008-06-27,70.48,70.48,68.89,69.51,51.5725,7481700,0,1,MMM
2008-06-26,72.29,72.3,70.24,70.26,52.1289,7371800,0,1,MMM
2008-06-25,72.4,73.24,72.3,72.57,53.8428,4846300,0,1,MMM
2008-06-24,72.84,73.46,72.4,72.43,53.7389,4535200,0,1,MMM
2008-06-23,73.3535,73.44,72.8,72.96,54.1321,3004400,0,1,MMM
2008-06-20,74.0011,74,72.62,73.02,54.1767,7367800,0,1,MMM
2008-06-19,74.21,74.45,73.75,74.12,54.9928,3544100,0,1,MMM
2008-06-18,74.6407,75.23,74.18,74.3,55.1263,3561400,0,1,MMM
2008-06-17,75.44,75.7,74.85,74.97,55.6235,3561700,0,1,MMM
2008-06-16,75.76,76.12,75.09,75.2,55.7941,4156500,0,1,MMM
2008-06-13,76.19,76.53,75.38,76.12,56.4767,3915100,0,1,MMM
2008-06-12,75.5,76.42,75.25,75.55,56.0538,3791600,0,1,MMM
2008-06-11,76,76,75.05,75.27,55.846,4905500,0,1,MMM
2008-06-10,75.13,76.29,75.13,76,56.3877,2995500,0,1,MMM
2008-06-09,75.32,76.07,74.75,75.82,56.2541,4402400,0,1,MMM
2008-06-06,76.73,77.02,74.85,74.86,55.5419,5984400,0,1,MMM
2008-06-05,76.59,77.61,76.3651,77.5,57.5006,3805800,0,1,MMM
2008-06-04,76.17,77.41,75.804,76.36,56.6548,4667800,0,1,MMM
2008-06-03,76.5,76.66,75.5,76.23,56.5583,4848000,0,1,MMM
2008-06-02,77.41,77.49,75.8,76.25,56.5732,3942600,0,1,MMM
2008-05-30,76.91,77.85,76.91,77.56,57.5451,3486700,0,1,MMM
2008-05-29,76.6,78.2,76.6,77.76,57.6935,3433100,0,1,MMM
2008-05-28,76.34,77.01,76.31,76.9,57.0554,3681600,0,1,MMM
2008-05-27,75.73,76.74,75.56,76.17,56.5138,2789000,0,1,MMM
2008-05-23,76.24,76.26,75.5,75.81,56.2467,2879100,0,1,MMM
2008-05-22,76.37,76.81,75.874,76.64,56.8625,3843200,0,1,MMM
2008-05-21,77.51,77.53,75.833,76.12,56.4767,4429800,0.5,1,MMM
2008-05-20,79.04,79.06,77.08,77.53,57.1519,5215400,0,1,MMM
2008-05-19,78.66,79.89,78.4781,79.05,58.2723,3141900,0,1,MMM
2008-05-16,77.99,78.82,77.46,78.66,57.9849,4147600,0,1,MMM
2008-05-15,77.7,78.12,77.18,77.86,57.3951,3473900,0,1,MMM
2008-05-14,77.68,78.629,77.18,77.73,57.2993,2922700,0,1,MMM
2008-05-13,77.72,78.34,76.91,77.18,56.8939,3407400,0,1,MMM
2008-05-12,76.67,77.67,75.95,77.67,57.2551,3552100,0,1,MMM
2008-05-09,75.99,76.67,75.82,76.32,56.2599,3871600,0,1,MMM
2008-05-08,77.12,77.359,76.47,76.95,56.7243,3796000,0,1,MMM
2008-05-07,77.95,78.13,76.49,76.68,56.5253,4089200,0,1,MMM
2008-05-06,77.44,77.87,76.744,77.76,57.3214,2891400,0,1,MMM
2008-05-05,78.62,78.78,77.35,77.55,57.1666,3845900,0,1,MMM
2008-05-02,78.44,79.45,78.22,78.55,57.9038,3756600,0,1,MMM
2008-05-01,76.9406,78.05,76.579,77.84,57.3804,3783700,0,1,MMM
2008-04-30,77,78.24,76.854,76.9,56.6875,4690900,0,1,MMM
2008-04-29,77.19,77.73,76.78,76.86,56.658,3612100,0,1,MMM
2008-04-28,77.6,77.98,76.88,77.13,56.857,5155000,0,1,MMM
2008-04-25,78.85,78.87,76.46,77.82,57.3656,5551200,0,1,MMM
2008-04-24,81.19,81.19,77.55,79.13,58.3313,6323400,0,1,MMM
2008-04-23,81.5163,81.68,80.43,80.63,59.4371,3623900,0,1,MMM
2008-04-22,82.15,82.2,80.5287,81.18,59.8425,2724400,0,1,MMM
2008-04-21,83,83.0436,81.9,82.34,60.6976,2907900,0,1,MMM
2008-04-18,81.84,83.22,81.17,82.9,61.1104,4716600,0,1,MMM
2008-04-17,80.57,81.06,79.28,80.65,59.4518,3207100,0,1,MMM
2008-04-16,79.35,81.19,79.119,80.69,59.4813,5284800,0,1,MMM
2008-04-15,78.6044,78.939,78.27,78.84,58.1175,2672600,0,1,MMM
2008-04-14,78.29,79.04,77.71,78.26,57.69,4447800,0,1,MMM
2008-04-11,78.8,79.08,78.13,78.47,57.8448,5613200,0,1,MMM
2008-04-10,79.69,80.91,79.45,80.35,59.2306,3747300,0,1,MMM
2008-04-09,79.99,80.12,78.8,79.59,58.6704,2967100,0,1,MMM
2008-04-08,79.503,80.26,79.48,79.88,58.8842,3469400,0,1,MMM
2008-04-07,80.95,81.62,80.16,80.19,59.1127,3081600,0,1,MMM
2008-04-04,80.2962,81.07,79.42,80.52,59.356,2800700,0,1,MMM
2008-04-03,80.59,81,79.83,80.17,59.098,3280600,0,1,MMM
2008-04-02,81.24,81.58,80.59,80.91,59.6435,2871700,0,1,MMM
2008-04-01,79.61,81.53,79.44,81.32,59.9457,4813600,0,1,MMM
2008-03-31,78.06,79.48,78.06,79.15,58.3461,3505600,0,1,MMM
2008-03-28,78.39,78.94,77.85,77.95,57.4615,2006400,0,1,MMM
2008-03-27,78.8011,79.11,77.86,77.86,57.3951,3600200,0,1,MMM
2008-03-26,78.73,78.77,77.88,78.66,57.9849,3700200,0,1,MMM
2008-03-25,78.8265,79.25,78.27,78.98,58.2207,3888700,0,1,MMM
2008-03-24,78.15,79.2179,77.91,78.64,57.9701,4342200,0,1,MMM
2008-03-20,78.5,79.47,77.46,77.98,57.4836,6937300,0,1,MMM
2008-03-19,81.24,81.68,78.54,79.47,58.582,4450700,0,1,MMM
2008-03-18,79.84,80.95,79.02,80.95,59.6729,4569000,0,1,MMM
2008-03-17,75.64,79.26,75.24,78.51,57.8743,5050600,0,1,MMM
2008-03-14,79.7223,79.72,76.62,77.53,57.1519,4882800,0,1,MMM
2008-03-13,77.49,79.58,77.164,79.08,58.2945,4292300,0,1,MMM
2008-03-12,77.97,79.44,77.97,78.42,57.8079,3961900,0,1,MMM
2008-03-11,77.3,78,76,77.95,57.4615,4377800,0,1,MMM
2008-03-10,76.73,77.11,75.28,75.48,55.6407,4206300,0,1,MMM
2008-03-07,77.41,77.99,76.33,76.51,56.4,5199100,0,1,MMM
2008-03-06,78.7,79.24,77.89,77.95,57.4615,4713900,0,1,MMM
2008-03-05,78.91,79.61,77.92,78.93,58.1839,3866500,0,1,MMM
2008-03-04,77.92,78.73,77.491,78.41,57.8006,4390000,0,1,MMM
2008-03-03,78.16,78.65,77.62,78.49,57.8595,2425500,0,1,MMM
2008-02-29,79.65,79.6416,78.19,78.4,57.7932,3091300,0,1,MMM
2008-02-28,80.06,80.28,79.25,79.8,58.8252,2701400,0,1,MMM
2008-02-27,80.68,81.15,80.0901,80.48,59.3265,2804800,0,1,MMM
2008-02-26,80.6,81.59,80.4615,81.29,59.9236,3177700,0,1,MMM
2008-02-25,79.56,81.0394,79.09,81,59.7098,2936600,0,1,MMM
2008-02-22,79.32,79.81,78.24,79.67,58.7294,3490900,0,1,MMM
2008-02-21,80.06,80.65,78.68,78.96,58.206,4084000,0,1,MMM
2008-02-20,79.32,80.2,78.44,79.94,58.9284,3242400,0.5,1,MMM
2008-02-19,80.25,80.86,79.56,79.85,58.4935,3496500,0,1,MMM
2008-02-15,80.14,80.61,79.54,79.95,58.5668,3632600,0,1,MMM
2008-02-14,81.24,81.65,80.2,80.29,58.8158,2485700,0,1,MMM
2008-02-13,79.55,81.5136,79.48,81.38,59.6143,3780900,0,1,MMM
2008-02-12,79.61,79.84,78.6,79.1,57.9441,3663800,0,1,MMM
2008-02-11,78.38,79.57,77.84,79.28,58.076,2097300,0,1,MMM
2008-02-08,78.85,79.19,77.8267,78.56,57.5485,2822000,0,1,MMM
2008-02-07,78.5966,79.54,78.28,79.12,57.9587,3484400,0,1,MMM
2008-02-06,79.47,79.94,78.81,79.18,58.0027,3871100,0,1,MMM
2008-02-05,79.31,79.91,78.91,79.09,57.9368,4802400,0,1,MMM
2008-02-04,81.23,81.5,80.49,80.57,59.0209,3377400,0,1,MMM
2008-02-01,79.79,81.28,79.64,81.21,59.4898,4739800,0,1,MMM
2008-01-31,77.3255,80,77.04,79.65,58.347,5432200,0,1,MMM
2008-01-30,77.82,79.49,77.49,78.22,57.2994,4583300,0,1,MMM
2008-01-29,77.8,78.68,76.2,78.02,57.1529,5061700,0,1,MMM
2008-01-28,76.02,77.52,75.6,77.44,56.7281,4611700,0,1,MMM
2008-01-25,76.82,76.82,75.07,75.51,55.3143,3910200,0,1,MMM
2008-01-24,76.3983,76.83,75,75.73,55.4754,4805900,0,1,MMM
2008-01-23,73.55,76.23,72.05,76.1,55.7465,7000800,0,1,MMM
2008-01-22,72.07,75.61,72.07,75.16,55.0579,6573400,0,1,MMM
2008-01-18,75.47,76.44,74.06,74.91,54.8747,7053200,0,1,MMM
2008-01-17,77.38,77.69,74.47,74.96,54.9114,7093000,0,1,MMM
2008-01-16,76.83,78.58,76.83,77.3,56.6255,4467500,0,1,MMM
2008-01-15,78,78.7,77.03,77.18,56.5376,4206500,0,1,MMM
2008-01-14,78.13,78.64,77.5,78.5,57.5046,2927600,0,1,MMM
2008-01-11,79.63,81.06,76.97,77.58,56.8306,8414500,0,1,MMM
2008-01-10,79.75,80.71,79.02,80.21,58.7572,6835800,0,1,MMM
2008-01-09,80.2,80.82,78.49,80.19,58.7426,6422300,0,1,MMM
2008-01-08,81.35,82.07,80.0934,80.21,58.7572,5711200,0,1,MMM
2008-01-07,82.1,82.15,80.77,81.11,59.4165,4223800,0,1,MMM
2008-01-04,82,82.66,81.55,81.76,59.8926,3620300,0,1,MMM
2008-01-03,82.82,83.4831,82.37,82.7,60.5812,2724100,0,1,MMM
2008-01-02,84.24,84.76,82.23,82.71,60.5886,4453700,0,1,MMM
2007-12-31,84.65,85.21,84.28,84.32,61.7679,1740700,0,1,MMM
2007-12-28,86.12,86.12,84.37,85.09,62.332,2162700,0,1,MMM
2007-12-27,86.1,86.5,85.28,85.4,62.5591,2278100,0,1,MMM
2007-12-26,86.97,86.97,85.75,86.07,63.0499,2142300,0,1,MMM
2007-12-24,85.52,86.5386,85.3,86.26,63.1891,889500,0,1,MMM
2007-12-21,85.81,86.84,84.82,86.05,63.0352,7031000,0,1,MMM
2007-12-20,84.79,85.32,83.85,84.49,61.8925,3398600,0,1,MMM
2007-12-19,85.69,85.84,84.11,84.93,62.2148,3733200,0,1,MMM
2007-12-18,86.21,86.31,85.03,85.85,62.8887,3080500,0,1,MMM
2007-12-17,85.39,86.7,85.39,85.78,62.8375,3731500,0,1,MMM
2007-12-14,86.12,87.58,85.88,85.93,62.9473,3373200,0,1,MMM
2007-12-13,86.41,87.06,85.34,86.92,63.6726,4294000,0,1,MMM
2007-12-12,88.1,88.7,85.97,86.66,63.4821,7253900,0,1,MMM
2007-12-11,87.046,87.05,84.65,84.65,62.0097,4310900,0,1,MMM
2007-12-10,86.26,87.15,86.26,86.74,63.5407,3291900,0,1,MMM
2007-12-07,84.06,86.53,84.06,86.19,63.1378,3709400,0,1,MMM
2007-12-06,83.73,85,83.56,84.82,62.1342,2937500,0,1,MMM
2007-12-05,82.69,83.99,82.51,83.76,61.3577,3255800,0,1,MMM
2007-12-04,81.88,82.94,81.6018,82.09,60.1344,3189000,0,1,MMM
2007-12-03,83.43,83.981,81.94,82.21,60.2223,4272100,0,1,MMM
2007-11-30,84.44,84.9428,82.38,83.26,60.9915,5738700,0,1,MMM
2007-11-29,83.08,84.1,82.9665,83.61,61.2479,3226400,0,1,MMM
2007-11-28,82.57,83.8,82.04,83.41,61.1013,4377400,0,1,MMM
2007-11-27,81.58,82.39,80.9753,82.12,60.1564,4319100,0,1,MMM
2007-11-26,82.9135,82.95,80.89,81,59.3359,4067600,0,1,MMM
2007-11-23,81.83,82.75,81.06,82.75,60.6179,1726100,0,1,MMM
2007-11-21,81.6,82.5,81.24,81.24,59.5117,4703300,0,1,MMM
2007-11-20,81.9894,82.68,81.02,82.11,60.1491,4429500,0.48,1,MMM
2007-11-19,81.22,82.34,81.04,81.7,59.4971,5022900,0,1,MMM
2007-11-16,80.1265,81.6,79.77,81.57,59.4024,6464800,0,1,MMM
2007-11-15,80.05,80.76,79.32,79.65,58.0042,4204000,0,1,MMM
2007-11-14,81.56,81.92,80.05,80.21,58.412,3663000,0,1,MMM
2007-11-13,80.05,81.32,79.24,81.23,59.1548,5014600,0,1,MMM
2007-11-12,79.53,80.29,78.98,79.22,57.691,4726700,0,1,MMM
2007-11-09,79.98,81.5,79.18,79.51,57.9022,9138500,0,1,MMM
2007-11-08,83.34,83.575,81.53,82.83,60.32,7583000,0,1,MMM
2007-11-07,85.3,85.3,83.27,83.27,60.6404,4484700,0,1,MMM
2007-11-06,85.12,85.69,84.2,85.45,62.228,3328000,0,1,MMM
2007-11-05,84.94,85.34,83.84,85.05,61.9367,3743800,0,1,MMM
2007-11-02,84.7,85,83.15,84.89,61.8202,4917600,0,1,MMM
2007-11-01,86.07,86.28,83.88,83.9,61.0992,4342500,0,1,MMM
2007-10-31,85.98,86.91,85.35,86.36,62.8907,4638300,0,1,MMM
2007-10-30,85.95,86.23,85.32,85.79,62.4756,2791700,0,1,MMM
2007-10-29,86.44,86.54,85.26,85.97,62.6066,3650200,0,1,MMM
2007-10-26,86.48,86.48,85.5903,86.13,62.7232,2863100,0,1,MMM
2007-10-25,86.68,86.82,85.24,86.09,62.6941,4088600,0,1,MMM
2007-10-24,85.92,86.14,84.4,86.1,62.7013,5005700,0,1,MMM
2007-10-23,86.87,87.055,84.39,85.93,62.5775,7482300,0,1,MMM
2007-10-22,85.35,86.71,84.08,86.28,62.8324,8993900,0,1,MMM
2007-10-19,92.8926,93,86.29,86.62,63.08,15248300,0,1,MMM
2007-10-18,94.2737,95.36,93.23,94.73,68.986,2495900,0,1,MMM
2007-10-17,94.64,95.04,93.1,94.26,68.6437,3415500,0,1,MMM
2007-10-16,94.43,94.6,93.51,93.98,68.4398,2798700,0,1,MMM
2007-10-15,94.18,94.73,93.53,94.39,68.7384,3028800,0,1,MMM
2007-10-12,94.67,94.9,93.7,94.17,68.5782,2621200,0,1,MMM
2007-10-11,96.1,96.49,93.92,94.36,68.7166,3679400,0,1,MMM
2007-10-10,95.12,97,95.12,95.82,69.7798,2931600,0,1,MMM
2007-10-09,94.87,96,94.85,95.62,69.6341,3458900,0,1,MMM
2007-10-08,95.75,95.9464,95.01,95.41,69.4812,2216800,0,1,MMM
2007-10-05,94.75,95.92,94.63,95.85,69.8017,3760200,0,1,MMM
2007-10-04,94.5,94.89,94.02,94.25,68.6365,2409400,0,1,MMM
2007-10-03,93.66,94.79,93.47,94.19,68.5928,2833500,0,1,MMM
2007-10-02,94.35,94.88,93.59,93.89,68.3743,3492900,0,1,MMM
2007-10-01,93.84,94.99,93.68,94.74,68.9933,4186600,0,1,MMM
2007-09-28,93.98,93.98,93.09,93.58,68.1486,3845600,0,1,MMM
2007-09-27,92.8,93.6,92.69,93.39,68.0102,3255000,0,1,MMM
2007-09-26,92.17,92.94,91.77,92.54,67.3912,3407300,0,1,MMM
2007-09-25,91.49,92.3,90.3334,91.91,66.9324,2409100,0,1,MMM
2007-09-24,91.6,92.74,91.5,91.81,66.8596,3198200,0,1,MMM
2007-09-21,92.5,92.5,91.24,91.68,66.7649,4976500,0,1,MMM
2007-09-20,91.23,92.3,91.1003,91.44,66.5901,3315400,0,1,MMM
2007-09-19,91.75,92.25,91.08,91.96,66.9688,4796300,0,1,MMM
2007-09-18,89.25,91.76,89.2549,91.66,66.7503,4353300,0,1,MMM
2007-09-17,88.95,89.74,88.74,88.93,64.7623,1894500,0,1,MMM
2007-09-14,88.66,89.47,88.45,89.02,64.8278,2345100,0,1,MMM
2007-09-13,89.67,89.69,88.69,89.09,64.8788,3090900,0,1,MMM
2007-09-12,88.56,89.77,88.31,89.08,64.8715,3176200,0,1,MMM
2007-09-11,88.01,88.62,87.65,88.24,64.2598,3369000,0,1,MMM
2007-09-10,89.13,89.87,87.21,87.82,63.9539,5234100,0,1,MMM
2007-09-07,90.39,90.4,88.67,88.92,64.755,3581200,0,1,MMM
2007-09-06,90.26,91.0269,90.08,90.63,66.0002,2639200,0,1,MMM
2007-09-05,90.4,90.75,89.56,89.92,65.4832,3231400,0,1,MMM
2007-09-04,90.96,91.5,89.9,91.15,66.3789,3048300,0,1,MMM
2007-08-31,89.81,91.51,89.55,90.99,66.2624,4933800,0,1,MMM
2007-08-30,88.4,89.99,88.08,89.36,65.0754,3543900,0,1,MMM
2007-08-29,88.05,88.85,87.51,88.76,64.6385,2763300,0,1,MMM
2007-08-28,88.59,89.49,87.59,87.62,63.8083,3174800,0,1,MMM
2007-08-27,88.8,89.27,87.9495,88.7,64.5947,2182400,0,1,MMM
2007-08-24,88.5,89.15,88,89.15,64.9225,2987400,0,1,MMM
2007-08-23,89.34,89.34,88.22,88.75,64.6312,2714500,0,1,MMM
2007-08-22,88.52,89.58,88.05,89.07,64.8642,3059800,0.48,1,MMM
2007-08-21,88.1,88.74,87.65,88.46,64.0704,3081600,0,1,MMM
2007-08-20,87.55,88.84,87.4,88.27,63.9328,3214900,0,1,MMM
2007-08-17,87,89.11,86.02,87.83,63.6141,6135100,0,1,MMM
2007-08-16,83.21,86.28,83.21,85.4,61.8541,6718500,0,1,MMM
2007-08-15,84.94,86.43,84.93,85.06,61.6078,3913400,0,1,MMM
2007-08-14,86.27,86.76,85.39,85.76,62.1148,3468500,0,1,MMM
2007-08-13,87.16,87.16,85.75,86.25,62.4697,3204900,0,1,MMM
2007-08-10,86.36,86.69,84.76,85.97,62.267,5881900,0,1,MMM
2007-08-09,87.9,88.13,86.77,86.86,62.9116,5069600,0,1,MMM
2007-08-08,87.9043,88.57,86.99,88.15,63.8459,4757100,0,1,MMM
2007-08-07,86.96,88.7078,86.95,88.03,63.7589,4512200,0,1,MMM
2007-08-06,87.7,88.37,86.61,87.77,63.5706,5717800,0,1,MMM
2007-08-03,88.68,89.15,87.51,87.56,63.4186,5021400,0,1,MMM
2007-08-02,89.0581,89.46,88.4,89.12,64.5484,3854600,0,1,MMM
2007-08-01,88.94,89.47,87.75,89.07,64.5122,5677300,0,1,MMM
2007-07-31,89.46,90.4823,88.78,88.92,64.4036,5724600,0,1,MMM
2007-07-30,90.18,90.9,89.77,90.18,65.3162,4845800,0,1,MMM
2007-07-27,90.4,92,90.0472,90.05,65.222,6248700,0,1,MMM
2007-07-26,89.62,91.91,88.74,90.05,65.222,7577700,0,1,MMM
2007-07-25,90.24,90.29,88.04,89.62,64.9106,5098100,0,1,MMM
2007-07-24,90.54,91.23,89.35,89.69,64.9613,3644400,0,1,MMM
2007-07-23,90.61,91.42,90.35,90.87,65.8159,2767300,0,1,MMM
2007-07-20,90.5,91.41,88.6,90.21,65.3379,5109500,0,1,MMM
2007-07-19,91.8,91.9458,90.41,91.17,66.0332,2788400,0,1,MMM
2007-07-18,91.1,91.9656,91,91.48,66.2578,4352500,0,1,MMM
2007-07-17,91.44,91.68,90.59,91.08,65.968,2550100,0,1,MMM
2007-07-16,90.63,92.32,89.822,90.87,65.8159,4584100,0,1,MMM
2007-07-13,89.58,90.24,89.4,90.22,65.3452,3609800,0,1,MMM
2007-07-12,87.67,89.96,87.6,89.93,65.1351,4195000,0,1,MMM
2007-07-11,87.2221,88.27,87.07,87.88,63.6503,2567600,0,1,MMM
2007-07-10,87.94,88.36,87.17,87.22,63.1723,3430700,0,1,MMM
2007-07-09,87.97,88.57,87.9,88.11,63.8169,2323600,0,1,MMM
2007-07-06,87.95,88.81,87.56,88.11,63.8169,2009300,0,1,MMM
2007-07-05,87.68,88.4,87.38,87.76,63.5634,1886000,0,1,MMM
2007-07-03,88,88.18,87.54,87.94,63.6938,1053200,0,1,MMM
2007-07-02,87.29,88,87.13,88,63.7372,2407400,0,1,MMM
2007-06-29,87.1,87.86,86.22,86.79,62.8609,3322100,0,1,MMM
2007-06-28,87.0088,87.27,86.491,86.85,62.9043,2342400,0,1,MMM
2007-06-27,85.82,87.2346,85.77,87.13,63.1071,3255900,0,1,MMM
2007-06-26,86.49,87,85.9,86.08,62.3466,3034400,0,1,MMM
2007-06-25,86.6,87.72,85.86,86.25,62.4697,2879300,0,1,MMM
2007-06-22,86.5615,87.41,86.13,86.43,62.6001,4802200,0,1,MMM
2007-06-21,86.91,87.82,86.12,87.41,63.3099,2723400,0,1,MMM
2007-06-20,87.97,88.3,86.99,87.08,63.0709,2788200,0,1,MMM
2007-06-19,87.43,87.93,86.92,87.82,63.6068,2348100,0,1,MMM
2007-06-18,87.68,88.03,86.82,87.62,63.462,2789900,0,1,MMM
2007-06-15,87.58,88.49,87.52,87.67,63.4982,4520800,0,1,MMM
2007-06-14,87.07,87.87,86.92,87.42,63.3172,2881200,0,1,MMM
2007-06-13,85.7,87.25,85.0202,87.19,63.1506,4541400,0,1,MMM
2007-06-12,85.3,85.71,84.4,85.04,61.5933,3425800,0,1,MMM
2007-06-11,85.94,85.98,85.1743,85.3,61.7817,2923700,0,1,MMM
2007-06-08,84.88,86,84.55,85.94,62.2452,3599500,0,1,MMM
2007-06-07,86.62,86.91,84.42,84.88,61.4775,4791400,0,1,MMM
2007-06-06,87.47,87.47,86.29,86.62,62.7377,3008200,0,1,MMM
2007-06-05,88.07,88.35,87.23,87.46,63.3461,2529000,0,1,MMM
2007-06-04,88.43,88.43,87.5606,88.07,63.7879,2320000,0,1,MMM
2007-06-01,87.95,88.43,87.43,88.43,64.0487,2852900,0,1,MMM
2007-05-31,87.926,88.46,87.63,87.96,63.7083,3561400,0,1,MMM
2007-05-30,87.3,87.95,86.88,87.93,63.6865,3607600,0,1,MMM
2007-05-29,87.17,87.72,86.25,87.31,63.2375,3294000,0,1,MMM
2007-05-25,87.55,87.9794,87.16,87.35,63.2665,2793800,0,1,MMM
2007-05-24,87.62,89.03,87.03,87.15,63.1216,4452600,0,1,MMM
2007-05-23,87.65,88.4915,87.57,87.94,63.6938,3393300,0,1,MMM
2007-05-22,87.069,88.05,87.04,87.78,63.5779,3567500,0,1,MMM
2007-05-21,86.88,87.18,86.62,87.06,63.0564,3580600,0,1,MMM
2007-05-18,86.93,87.32,86.8,86.9,62.9405,3953400,0,1,MMM
2007-05-17,86.09,86.9,85.75,86.67,62.7739,4186400,0,1,MMM
2007-05-16,86.48,86.4853,84.91,86.01,62.2959,3930600,0.48,1,MMM
2007-05-15,84.8455,87.08,84.85,86.17,62.0641,6580100,0,1,MMM
2007-05-14,85.3,85.58,84.42,84.83,61.099,3498200,0,1,MMM
2007-05-11,84.78,85.85,84.78,85.55,61.6176,4106200,0,1,MMM
2007-05-10,85,85.36,84.38,84.65,60.9694,3181300,0,1,MMM
2007-05-09,84.4,85.49,84.4,85.36,61.4807,4050500,0,1,MMM
2007-05-08,84.42,84.94,84.15,84.78,61.063,3406800,0,1,MMM
2007-05-07,84.2033,85,83.95,84.93,61.171,3646900,0,1,MMM
2007-05-04,83.9,84.35,83.69,84.21,60.6524,2936100,0,1,MMM
2007-05-03,84.31,84.4,83.51,84.07,60.5516,4850800,0,1,MMM
2007-05-02,83.4,84.75,83.2,84.42,60.8037,5224600,0,1,MMM
2007-05-01,82.77,83.73,82.16,83.61,60.2203,5560200,0,1,MMM
2007-04-30,81.56,83.25,80.88,82.77,59.6153,6321800,0,1,MMM
2007-04-27,79.9655,82.3,79.7,81.55,58.7366,6776500,0,1,MMM
2007-04-26,80.31,81.09,79.23,80.45,57.9443,14209100,0,1,MMM
2007-04-25,76.96,77.51,76.45,76.97,55.4378,4650400,0,1,MMM
2007-04-24,77.14,77.35,76.5135,77,55.4594,3734100,0,1,MMM
2007-04-23,77.75,77.89,77.01,77.28,55.6611,3573800,0,1,MMM
2007-04-20,77.96,78.5,77.5388,77.75,55.9996,4741300,0,1,MMM
2007-04-19,76.36,77.89,76.31,77.58,55.8772,3557800,0,1,MMM
2007-04-18,77.34,77.36,76.75,77.08,55.517,2094800,0,1,MMM
2007-04-17,77,77.47,76.48,77.28,55.6611,2381300,0,1,MMM
2007-04-16,76.91,77.32,76.71,77.16,55.5746,2483600,0,1,MMM
2007-04-13,77.25,77.25,75.91,76.72,55.2577,2453700,0,1,MMM
2007-04-12,76.29,76.92,75.95,76.71,55.2506,2288100,0,1,MMM
2007-04-11,76.5,76.7,75.91,76.23,54.9048,2793400,0,1,MMM
2007-04-10,76.88,77,76.4184,76.5,55.0993,2149800,0,1,MMM
2007-04-09,76.84,77.03,76.3,76.83,55.337,2127800,0,1,MMM
2007-04-05,77.03,77.03,76.36,76.75,55.2794,2484700,0,1,MMM
2007-04-04,77.5,77.7314,76.94,77.16,55.5746,2595100,0,1,MMM
2007-04-03,76.53,77.61,76.47,77.46,55.7907,3094800,0,1,MMM
2007-04-02,76.44,76.44,75.91,76.28,54.9408,2414400,0,1,MMM
2007-03-30,75.98,77.04,75.67,76.43,55.0489,3400500,0,1,MMM
2007-03-29,76.38,76.38,75.44,76.09,54.804,4233300,0,1,MMM
2007-03-28,76.7373,77.17,76.18,76.38,55.0128,3186300,0,1,MMM
2007-03-27,77.44,77.47,76.81,77.17,55.5819,2692200,0,1,MMM
2007-03-26,77.66,77.67,76.94,77.38,55.7331,3542100,0,1,MMM
2007-03-23,77.59,78.16,77.39,77.97,56.1581,2780900,0,1,MMM
2007-03-22,77.09,78,76.91,77.78,56.0212,4071900,0,1,MMM
2007-03-21,76.25,77.06,76.05,76.9,55.3874,3086300,0,1,MMM
2007-03-20,76.49,76.5,76.04,76.38,55.0128,2379600,0,1,MMM
2007-03-19,75.54,76.46,75.5054,76.36,54.9985,3200500,0,1,MMM
2007-03-16,76.23,76.26,75.15,75.28,54.2206,5054500,0,1,MMM
2007-03-15,75.8,76.26,75.67,75.99,54.7319,3930100,0,1,MMM
2007-03-14,74.78,75.84,74.42,75.8,54.5951,4612800,0,1,MMM
2007-03-13,74.75,75.5,74.65,74.77,53.8532,4431500,0,1,MMM
2007-03-12,74.61,75.29,74.6,75.17,54.1414,3220100,0,1,MMM
2007-03-09,74.59,75.31,74.54,74.73,53.8244,3346200,0,1,MMM
2007-03-08,74.03,75.15,74,74.52,53.6732,3815900,0,1,MMM
2007-03-07,73.5,74.19,73.17,73.8,53.1546,3775600,0,1,MMM
2007-03-06,73.62,73.69,73,73.47,52.9169,4308500,0,1,MMM
2007-03-05,73.01,73.77,72.9,73.17,52.7008,4905700,0,1,MMM
2007-03-02,73.25,73.79,73,73.01,52.5856,5008700,0,1,MMM
2007-03-01,74,74.01,73.02,73.66,53.0538,4470900,0,1,MMM
2007-02-28,74.25,75,73.53,74.08,53.3563,5290200,0,1,MMM
2007-02-27,76.13,76.18,73.52,74.5,53.6588,5865700,0,1,MMM
2007-02-26,76.45,76.82,75.64,76.12,54.8256,2594000,0,1,MMM
2007-02-23,76.49,76.57,75.95,76.21,54.8904,1987400,0,1,MMM
2007-02-22,76.25,76.75,76.13,76.35,54.9912,2795600,0,1,MMM
2007-02-21,76.1,76.58,75.9026,76.23,54.9048,2820400,0.48,1,MMM
2007-02-20,76.5,76.75,75.94,76.58,54.8112,3962200,0,1,MMM
2007-02-16,76.91,77.43,76.41,76.84,54.9973,3794200,0,1,MMM
2007-02-15,76.9,77.38,76.6,76.91,55.0474,3627500,0,1,MMM
2007-02-14,76.43,76.92,76.28,76.84,54.9973,3888100,0,1,MMM
2007-02-13,76,76.9,75.75,76.43,54.7038,7193200,0,1,MMM
2007-02-12,74.55,74.89,74.4,74.59,53.3869,2972100,0,1,MMM
2007-02-09,74.64,75,74.25,74.54,53.3511,4022300,0,1,MMM
2007-02-08,74.88,74.8906,74.11,74.64,53.4226,3840200,0,1,MMM
2007-02-07,74.3,74.99,74.2855,74.65,53.4298,4051900,0,1,MMM
2007-02-06,73.91,74.5,73.8182,74.27,53.1578,4872900,0,1,MMM
2007-02-05,74.08,74.27,73.7,73.93,52.9145,6350000,0,1,MMM
2007-02-02,73.87,74.07,73.72,73.87,52.8715,5584500,0,1,MMM
2007-02-01,74.75,74.83,73.71,73.99,52.9574,6501600,0,1,MMM
2007-01-31,74.21,74.68,73.09,74.3,53.1793,9284500,0,1,MMM
2007-01-30,74.92,76.18,74.24,74.7,53.4656,15657900,0,1,MMM
2007-01-29,78.54,79.2,78.25,78.96,56.5146,3420300,0,1,MMM
2007-01-26,78.97,79.1942,78.23,78.69,56.3214,1996300,0,1,MMM
2007-01-25,79.56,79.75,78.83,79.01,56.5505,2888700,0,1,MMM
2007-01-24,78.85,79.66,78.85,79.49,56.894,1772700,0,1,MMM
2007-01-23,78.71,79.15,78.33,78.85,56.4359,1949500,0,1,MMM
2007-01-22,79.25,79.293,78.124,78.49,56.1782,2139300,0,1,MMM
2007-01-19,79.09,79.88,78.82,79.25,56.7222,2912100,0,1,MMM
2007-01-18,78.71,79.7,78.6,78.81,56.4073,1963000,0,1,MMM
2007-01-17,79.33,79.51,78.75,78.91,56.4789,2711300,0,1,MMM
2007-01-16,79.48,79.62,78.92,79.56,56.9441,2526600,0,1,MMM
2007-01-12,78.41,79.5,78.22,79.36,56.8009,2582200,0,1,MMM
2007-01-11,78.05,79.03,77.88,78.65,56.2928,2372500,0,1,MMM
2007-01-10,77.31,77.96,77.04,77.85,55.7202,1787500,0,1,MMM
2007-01-09,78,78.23,77.44,77.68,55.5985,1896800,0,1,MMM
2007-01-08,77.42,78.04,76.97,77.59,55.5341,2434500,0,1,MMM
2007-01-05,77.89,77.9,77.01,77.42,55.4124,2765200,0,1,MMM
2007-01-04,78.4,78.41,77.45,77.95,55.7918,2968400,0,1,MMM
2007-01-03,77.53,78.85,77.38,78.26,56.0136,3781500,0,1,MMM
2006-12-29,78.1,78.49,77.82,77.93,55.7774,1826600,0,1,MMM
2006-12-28,78.5,78.89,78.02,78.16,55.9421,1686500,0,1,MMM
2006-12-27,78.33,78.6831,78.15,78.47,56.1639,1750300,0,1,MMM
2006-12-26,78.16,78.36,77.5,78.03,55.849,1963600,0,1,MMM
2006-12-22,78.82,79.01,78.34,78.35,56.0781,1660800,0,1,MMM
2006-12-21,79,79.31,78.75,78.81,56.4073,2368300,0,1,MMM
2006-12-20,78.3,79.2,78.15,78.83,56.4216,2305300,0,1,MMM
2006-12-19,78.27,78.46,77.73,78.11,55.9063,2844800,0,1,MMM
2006-12-18,78.35,79.01,78.23,78.35,56.0781,2328100,0,1,MMM
2006-12-15,79.67,79.67,78.19,78.31,56.0494,6215700,0,1,MMM
2006-12-14,79.4,79.45,78.4916,78.77,56.3787,3219800,0,1,MMM
2006-12-13,79.5,79.68,78.97,79.25,56.7222,2561800,0,1,MMM
2006-12-12,78.84,79.4,78.23,79.01,56.5505,4008300,0,1,MMM
2006-12-11,78.76,79.21,78.09,78.85,56.4359,2811500,0,1,MMM
2006-12-08,78.72,78.72,77.35,78.56,56.2284,5472500,0,1,MMM
2006-12-07,79.77,79.97,79.18,79.56,56.9441,2516200,0,1,MMM
2006-12-06,80.55,80.6604,79.7,79.8,57.1159,2357400,0,1,MMM
2006-12-05,79.65,81.05,79.65,80.56,57.6598,2734700,0,1,MMM
2006-12-04,80.42,81.29,80.01,80.89,57.896,2896700,0,1,MMM
2006-12-01,81.55,81.55,78.92,79.98,57.2447,5475200,0,1,MMM
2006-11-30,80.88,81.8,80.57,81.46,58.304,2355000,0,1,MMM
2006-11-29,80.6,81.2,80.52,80.98,57.9604,1779600,0,1,MMM
2006-11-28,79.9,80.7,79.75,80.41,57.5525,2150700,0,1,MMM
2006-11-27,81.1,81.15,80.06,80.23,57.4236,2833900,0,1,MMM
2006-11-24,80.86,81.5,80.75,81.15,58.0821,694500,0,1,MMM
2006-11-22,81.6,81.77,80.86,81.47,58.3112,1885100,0,1,MMM
2006-11-21,80.92,81.9512,80.6,81.64,58.4328,2842200,0.46,1,MMM
2006-11-20,81.4,81.5,80.83,81.38,57.9175,1875200,0,1,MMM
2006-11-17,80.49,81.7528,80.26,81.4,57.9317,3049100,0,1,MMM
2006-11-16,80.25,80.94,80.13,80.29,57.1417,1937200,0,1,MMM
2006-11-15,79.84,81.14,79.8413,80.71,57.4407,3439100,0,1,MMM
2006-11-14,79.5,80.2,78.84,80.09,56.9994,2937900,0,1,MMM
2006-11-13,79.05,79.77,78.84,79.5,56.5795,2574900,0,1,MMM
2006-11-10,79.15,79.36,78.68,79.19,56.3589,2088900,0,1,MMM
2006-11-09,79.55,79.88,78.58,78.9,56.1525,3261600,0,1,MMM
2006-11-08,79.44,79.75,79,79.42,56.5226,1731500,0,1,MMM
2006-11-07,79.51,80.14,79.27,79.42,56.5226,2122200,0,1,MMM
2006-11-06,78.9,79.77,78.58,79.59,56.6435,2133900,0,1,MMM
2006-11-03,79.08,79.33,78.12,78.58,55.9248,1814000,0,1,MMM
2006-11-02,78.84,79.3,78.58,78.88,56.1383,2899900,0,1,MMM
2006-11-01,78.83,79.1047,78.28,78.84,56.1098,2910500,0,1,MMM
2006-10-31,78.99,79.6,78.11,78.84,56.1098,2677300,0,1,MMM
2006-10-30,78.99,79.25,78.54,78.94,56.181,1193400,0,1,MMM
2006-10-27,79.2,79.73,78.88,78.95,56.1881,2329100,0,1,MMM
2006-10-26,79.46,79.5,78.54,79.24,56.3945,2392200,0,1,MMM
2006-10-25,79.75,79.95,78.82,79.46,56.551,2297600,0,1,MMM
2006-10-24,79.95,80.584,79.7,79.89,56.8571,3196500,0,1,MMM
2006-10-23,78.5028,80.88,78.5,80.09,56.9994,5275100,0,1,MMM
2006-10-20,78.09,79.4,77.29,78.47,55.8464,7998800,0,1,MMM
2006-10-19,75.5284,76.47,75.53,76.4,54.3733,2781500,0,1,MMM
2006-10-18,76,76.24,75.2,75.53,53.7541,2566500,0,1,MMM
2006-10-17,75.25,76,75.15,75.8,53.9462,2517000,0,1,MMM
2006-10-16,75.6,75.99,75.34,75.75,53.9107,1932400,0,1,MMM
2006-10-13,75.8367,75.92,75.35,75.4,53.6616,1753200,0,1,MMM
2006-10-12,75.44,75.55,74.86,75.43,53.6829,2110700,0,1,MMM
2006-10-11,75.2,75.6,74.99,75.47,53.7114,2665400,0,1,MMM
2006-10-10,75.69,75.7598,75.14,75.2,53.5192,1898500,0,1,MMM
2006-10-09,75.56,75.91,75.43,75.8,53.9462,1817900,0,1,MMM
2006-10-06,75.95,76.16,75.77,75.95,54.053,2595100,0,1,MMM
2006-10-05,75,75.95,75,75.92,54.0317,2616500,0,1,MMM
2006-10-04,74.03,75.02,74.03,74.87,53.2844,3025200,0,1,MMM
2006-10-03,73.26,74.12,73,74.03,52.6866,2974100,0,1,MMM
2006-10-02,74.7,74.7,73.33,73.59,52.3734,2943000,0,1,MMM
2006-09-29,74.6,75,74.3,74.42,52.9641,2592200,0,1,MMM
2006-09-28,74.6,74.99,74.12,74.6,53.0922,2736900,0,1,MMM
2006-09-27,74.85,74.97,74.35,74.65,53.1278,3383700,0,1,MMM
2006-09-26,74.1,75,74.0024,74.75,53.199,4888700,0,1,MMM
2006-09-25,73.18,73.8,72.63,73.7,52.4517,4234500,0,1,MMM
2006-09-22,73.3,73.56,72.22,73.07,52.0033,2408800,0,1,MMM
2006-09-21,73.75,73.95,72.672,73.11,52.0318,3337700,0,1,MMM
2006-09-20,73.3,74.1,73.17,73.42,52.2524,3855000,0,1,MMM
2006-09-19,74.7835,75.37,72.96,73.25,52.1314,2620900,0,1,MMM
2006-09-18,74.1351,74.4,73.5,73.89,52.5869,2478700,0,1,MMM
2006-09-15,74.25,74.7,74.02,74.14,52.7648,5656700,0,1,MMM
2006-09-14,73.4,73.77,73.2,73.53,52.3307,2624700,0,1,MMM
2006-09-13,72.6,73.79,72.6,73.37,52.2168,3556400,0,1,MMM
2006-09-12,71.68,72.75,71.22,72.57,51.6475,3867600,0,1,MMM
2006-09-11,71.52,71.52,70.8,71.35,50.7792,2189500,0,1,MMM
2006-09-08,70.75,71.59,70.6,71.51,50.8931,2316400,0,1,MMM
2006-09-07,71.5,71.7,70.59,70.59,50.2383,3276800,0,1,MMM
2006-09-06,71.35,71.74,71.04,71.5,50.886,2503700,0,1,MMM
2006-09-05,71.74,72,71.1337,71.35,50.7792,2913000,0,1,MMM
2006-09-01,71.74,72.32,71.65,71.72,51.0425,2487300,0,1,MMM
2006-08-31,71.8,71.97,71.45,71.7,51.0283,1780800,0,1,MMM
2006-08-30,72,72,71.43,71.44,50.8433,2572100,0,1,MMM
2006-08-29,70.94,71.81,70.4521,71.61,50.9643,3208000,0,1,MMM
2006-08-28,69.7489,71.29,69.75,70.94,50.4874,2658400,0,1,MMM
2006-08-25,70.06,70.4,69.62,69.92,49.7615,3085100,0,1,MMM
2006-08-24,70.5,70.58,69.65,70.1,49.8896,2485000,0,1,MMM
2006-08-23,71.05,71.43,70.04,70.34,50.0604,2783700,0.46,1,MMM
2006-08-22,71.1277,71.73,71.12,71.29,50.4092,2092600,0,1,MMM
2006-08-21,71.3,71.46,70.94,71.12,50.2889,2436900,0,1,MMM
2006-08-18,71.52,71.57,71.03,71.21,50.3526,2485700,0,1,MMM
2006-08-17,70.79,71.57,70.5,71.2,50.3455,3167400,0,1,MMM
2006-08-16,70.3,70.94,70.15,70.79,50.0556,5245000,0,1,MMM
2006-08-15,69.49,69.84,69.1848,69.78,49.3414,4650600,0,1,MMM
2006-08-14,68.53,69.28,68.45,68.62,48.5212,4531200,0,1,MMM
2006-08-11,68.55,68.94,68.37,68.53,48.4576,3368600,0,1,MMM
2006-08-10,68.41,69.03,68.28,68.41,48.3727,3124500,0,1,MMM
2006-08-09,69.36,69.36,68.18,68.3,48.2949,3581000,0,1,MMM
2006-08-08,69.45,69.51,68.28,68.56,48.4788,4072500,0,1,MMM
2006-08-07,69.4,69.41,68.78,69,48.7899,3613700,0,1,MMM
2006-08-04,69.9,70.29,69.06,69.45,49.1081,4134800,0,1,MMM
2006-08-03,69.61,69.79,69.21,69.28,48.9879,4595900,0,1,MMM
2006-08-02,69.91,70.09,69.5491,69.61,49.2212,4835300,0,1,MMM
2006-08-01,70,70.11,69.44,69.91,49.4334,3403200,0,1,MMM
2006-07-31,70.1,70.98,70.04,70.4,49.7798,3069800,0,1,MMM
2006-07-28,70.31,70.58,69.78,70.52,49.8647,4012000,0,1,MMM
2006-07-27,69.89,70.7,69.46,69.75,49.3202,6141000,0,1,MMM
2006-07-26,68.11,69.83,67.35,69.06,48.8323,9168600,0,1,MMM
2006-07-25,71,71.01,67.0531,68.11,48.1606,18859900,0,1,MMM
2006-07-24,71.05,71.69,70.74,71.69,50.692,3472600,0,1,MMM
2006-07-21,71.37,71.72,69.92,70.72,50.0061,5617600,0,1,MMM
2006-07-20,71.4,71.7,71.06,71.1,50.2748,3413500,0,1,MMM
2006-07-19,71.15,71.38,70.64,71.02,50.2182,5367700,0,1,MMM
2006-07-18,70.9,71.03,70.49,70.85,50.098,5283000,0,1,MMM
2006-07-17,71.2,71.49,70.17,70.66,49.9637,5183900,0,1,MMM
2006-07-14,71.66,71.97,70.88,71.22,50.3597,4350900,0,1,MMM
2006-07-13,72.48,72.57,71.41,71.63,50.6496,4816000,0,1,MMM
2006-07-12,73.5,73.6,72.46,72.72,51.4203,4320700,0,1,MMM
2006-07-11,73.25,73.72,72.6438,73.09,51.6819,5431100,0,1,MMM
2006-07-10,74.48,74.615,72.82,73.11,51.6961,9215500,0,1,MMM
2006-07-07,76.28,76.28,73.84,74.1,52.3961,24358800,0,1,MMM
2006-07-06,80.8669,81.6,80.81,81.39,57.5509,2280500,0,1,MMM
2006-07-05,80.9,80.92,80.12,80.55,56.9569,2157900,0,1,MMM
2006-07-03,81.15,81.23,80.7912,81.12,57.36,654600,0,1,MMM
2006-06-30,81.64,81.75,80.71,80.77,57.1125,3268700,0,1,MMM
2006-06-29,79.29,81.5,79.29,81.15,57.3812,2765500,0,1,MMM
2006-06-28,78.71,79.36,78.61,79.28,56.0589,1787900,0,1,MMM
2006-06-27,80.4,80.93,78.62,78.7,55.6488,2527400,0,1,MMM
2006-06-26,79.92,80.35,79.6,80.21,56.7165,1626900,0,1,MMM
2006-06-23,79.6,80.28,79.49,79.92,56.5114,2398400,0,1,MMM
2006-06-22,80.65,80.8,79.29,79.59,56.2781,1793800,0,1,MMM
2006-06-21,79.9,81.32,79.9,80.4,56.8508,2337200,0,1,MMM
2006-06-20,79.4304,80.61,79.05,79.89,56.4902,2139400,0,1,MMM
2006-06-19,80.7,80.7,78.89,79.43,56.1649,2448300,0,1,MMM
2006-06-16,80.98,81.15,80.31,80.51,56.9286,3509500,0,1,MMM
2006-06-15,79.65,81.34,79.25,80.9,57.2044,3190000,0,1,MMM
2006-06-14,79.8,80.47,79.28,79.9,56.4973,2488900,0,1,MMM
2006-06-13,80.35,81.23,79.94,79.96,56.5397,3444200,0,1,MMM
2006-06-12,80.57,81.09,79.89,80.16,56.6811,2535100,0,1,MMM
2006-06-09,81.39,81.87,80.25,80.57,56.971,2561200,0,1,MMM
2006-06-08,79.8,81.94,79.24,81.75,57.8054,4435400,0,1,MMM
2006-06-07,82.26,82.28,80.34,80.34,56.8084,3797800,0,1,MMM
2006-06-06,83.2,83.91,81.29,82.26,58.166,4299900,0,1,MMM
2006-06-05,84.1,84.33,82.88,82.95,58.6539,2599500,0,1,MMM
2006-06-02,84.7985,85.23,84.5,84.78,59.9479,2318900,0,1,MMM
2006-06-01,83.66,84.67,83.14,84.51,59.757,1721800,0,1,MMM
2006-05-31,83.7,84.615,83.15,83.66,59.156,3364300,0,1,MMM
2006-05-30,83.5,83.98,83.35,83.46,59.0146,2334600,0,1,MMM
2006-05-26,83.26,84,82.91,83.87,59.3045,1838000,0,1,MMM
2006-05-25,83.95,84.23,82.86,83.26,58.8731,2821900,0,1,MMM
2006-05-24,83.19,84.1,82.65,83.82,59.2691,2906600,0,1,MMM
2006-05-23,83.6,84.02,83.01,83.44,59.0004,2783600,0,1,MMM
2006-05-22,84.31,84.5934,82.59,83.73,59.2055,3006500,0,1,MMM
2006-05-19,84.56,84.92,83.7092,84.31,59.6156,2796400,0,1,MMM
2006-05-18,83.63,84.83,83.6319,84.15,59.5025,2690500,0,1,MMM
2006-05-17,85.9,85.97,84.12,84.42,59.6934,4156000,0.46,1,MMM
2006-05-16,87.12,87.33,86.22,86.76,61.0227,3198400,0,1,MMM
2006-05-15,86.7,87.21,86.07,87.12,61.2759,2597500,0,1,MMM
2006-05-12,86.9,87.66,86.25,86.57,60.8891,2526500,0,1,MMM
2006-05-11,87.25,87.64,86.78,87.17,61.3111,2558100,0,1,MMM
2006-05-10,87.2453,87.76,87.23,87.65,61.6487,2818300,0,1,MMM
2006-05-09,87.61,87.8,86.82,87.58,61.5994,4014700,0,1,MMM
2006-05-08,87.1,88.3439,87.06,88.13,61.9863,3523600,0,1,MMM
2006-05-05,86.69,87.3,86.54,87.3,61.4025,3632000,0,1,MMM
2006-05-04,85.9,86.67,85.84,86.47,60.8188,3324700,0,1,MMM
2006-05-03,84.75,85.9,84.61,85.9,60.4178,3317600,0,1,MMM
2006-05-02,85.1476,85.31,83.58,84.5,59.4332,3807300,0,1,MMM
2006-05-01,85.51,85.73,84.84,84.97,59.7637,2848100,0,1,MMM
2006-04-28,85,85.51,84.94,85.43,60.0873,2531000,0,1,MMM
2006-04-27,85,85.68,84.5,85.23,59.9466,2991300,0,1,MMM
2006-04-26,84.84,85.65,84.6,85.52,60.1506,2704600,0,1,MMM
2006-04-25,85,85.5,84.4,84.81,59.6512,3955800,0,1,MMM
2006-04-24,84.01,85.9,84,85.46,60.1084,4363700,0,1,MMM
2006-04-21,84,85.5,83.91,85.06,59.827,9268200,0,1,MMM
2006-04-20,81.85,82.97,81.37,82.6,58.0968,4281500,0,1,MMM
2006-04-19,81.69,82.39,81.66,81.88,57.5904,2922500,0,1,MMM
2006-04-18,80.36,82.2,80.34,81.59,57.3864,4374600,0,1,MMM
2006-04-17,80.55,80.71,79.31,80.26,56.4509,3122500,0,1,MMM
2006-04-13,80.9,81.54,80.58,80.97,56.9503,1793900,0,1,MMM
2006-04-12,79.98,81.37,79.98,81.1,57.0418,2456800,0,1,MMM
2006-04-11,80.17,81.12,80.17,80.79,56.8237,2791600,0,1,MMM
2006-04-10,80.11,81.37,80.1087,80.98,56.9574,2564200,0,1,MMM
2006-04-07,81.25,82.08,80.81,81.03,56.9925,4107900,0,1,MMM
2006-04-06,79.99,82.01,79.54,81.38,57.2387,10471100,0,1,MMM
2006-04-05,77.89,77.9,76.7996,77.46,54.4815,2784100,0,1,MMM
2006-04-04,76.52,77.99,76.52,77,54.158,3634600,0,1,MMM
2006-04-03,75.97,77.19,75.76,75.84,53.3421,3603000,0,1,MMM
2006-03-31,76.52,76.88,75.61,75.69,53.2366,3125800,0,1,MMM
2006-03-30,77.57,77.62,76,76.52,53.8204,3362600,0,1,MMM
2006-03-29,77.81,78.74,77.56,77.56,54.5519,5262600,0,1,MMM
2006-03-28,76.84,77.2,76.15,76.3,53.6657,3511000,0,1,MMM
2006-03-27,76.7,77.23,76.51,76.84,54.0455,2792500,0,1,MMM
2006-03-24,76.65,77.06,76.38,76.8,54.0173,3419400,0,1,MMM
2006-03-23,76.68,76.96,76.0122,76.77,53.9962,3468700,0,1,MMM
2006-03-22,74.76,76.15,74.76,76.07,53.5039,2954700,0,1,MMM
2006-03-21,75.2,75.34,74.63,74.93,52.7021,3197700,0,1,MMM
2006-03-20,74.84,75.19,74.55,75,52.7513,1748700,0,1,MMM
2006-03-17,75.3,75.4547,74.75,74.79,52.6036,4049500,0,1,MMM
2006-03-16,74.49,75.46,74.29,74.89,52.6739,4338200,0,1,MMM
2006-03-15,73.28,74.24,73.01,74,52.048,2863500,0,1,MMM
2006-03-14,72.18,73.75,72.18,73.53,51.7174,2629000,0,1,MMM
2006-03-13,72.5,72.52,71.88,72.09,50.7046,1997600,0,1,MMM
2006-03-10,71.9,72.8,71.8715,72.32,50.8663,1832700,0,1,MMM
2006-03-09,72.53,72.76,71.77,71.8,50.5006,2148800,0,1,MMM
2006-03-08,72.51,73.07,72.05,72.38,50.9085,2494700,0,1,MMM
2006-03-07,71.8,72.34,71.33,72.27,50.8312,2954800,0,1,MMM
2006-03-06,72.46,72.8,71.54,71.95,50.6061,3587200,0,1,MMM
2006-03-03,73.05,73.29,72.66,72.88,51.2602,3093200,0,1,MMM
2006-03-02,73.64,73.8,72.99,73.05,51.3798,2657100,0,1,MMM
2006-03-01,74.19,74.19,73.51,73.67,51.8159,2035500,0,1,MMM
2006-02-28,73.7,74.08,73.12,73.59,51.7596,2695300,0,1,MMM
2006-02-27,74,74.66,73.69,73.69,51.8299,2774300,0,1,MMM
2006-02-24,73.94,74.16,73.1244,73.91,51.9846,1931100,0,1,MMM
2006-02-23,73.1,74.08,73,73.65,51.8018,2694800,0,1,MMM
2006-02-22,73.19,73.74,72.98,72.98,51.3305,2674100,0.46,1,MMM
2006-02-21,73.6713,74.1,72.85,73.2,51.1617,3706300,0,1,MMM
2006-02-17,73.15,74.15,73.08,73.77,51.5601,2338600,0,1,MMM
2006-02-16,73.2,73.35,72.5,73.05,51.0569,2923000,0,1,MMM
2006-02-15,73.71,74.1831,73.09,73.13,51.1128,2672900,0,1,MMM
2006-02-14,73.5,74.12,73.4168,73.7,51.5112,3859400,0,1,MMM
2006-02-13,72.69,73.42,72.64,72.91,50.959,2320300,0,1,MMM
2006-02-10,72.29,72.99,71.5,72.61,50.7494,2931700,0,1,MMM
2006-02-09,71.36,72.88,71.25,72.12,50.4069,3798100,0,1,MMM
2006-02-08,70.65,71.28,70.3,71,49.6241,2846100,0,1,MMM
2006-02-07,71.16,71.29,70.57,70.65,49.3795,3132800,0,1,MMM
2006-02-06,71,71.3,70.99,71.17,49.7429,2551500,0,1,MMM
2006-02-03,71.75,72.09,71,71.1,49.694,3258300,0,1,MMM
2006-02-02,73.16,73.68,72.05,72.15,50.4278,3207100,0,1,MMM
2006-02-01,72.3,73.4,72.01,73.19,51.1547,3829100,0,1,MMM
2006-01-31,72.4,73.25,71.96,72.75,50.8472,5317900,0,1,MMM
2006-01-30,72.9,73.3474,72.42,72.65,50.7773,3463600,0,1,MMM
2006-01-27,72.45,73.25,72.4,72.65,50.7773,3813100,0,1,MMM
2006-01-26,73.22,73.43,72.0237,72.7,50.8123,5027500,0,1,MMM
2006-01-25,73.25,73.83,72.75,73,51.022,7475200,0,1,MMM
2006-01-24,74.01,75.6,73.72,74.2,51.8607,5511200,0,1,MMM
2006-01-23,75.5,76.23,74.81,75.7,52.9091,2953500,0,1,MMM
2006-01-20,76.91,76.91,75.18,75.24,52.5876,3284500,0,1,MMM
2006-01-19,77.19,77.37,76.7039,76.91,53.7548,1807100,0,1,MMM
2006-01-18,77,77.28,76.52,77.18,53.9435,1833600,0,1,MMM
2006-01-17,77.1,77.62,77,77.09,53.8806,2073400,0,1,MMM
2006-01-13,76.95,78.2,76.95,77.5,54.1671,1925300,0,1,MMM
2006-01-12,78.2,78.23,77.2,77.7,54.3069,2121100,0,1,MMM
2006-01-11,78.44,78.66,77.84,78.37,54.7752,1909900,0,1,MMM
2006-01-10,79,79.01,78.08,78.53,54.887,1919900,0,1,MMM
2006-01-09,78.5,79.83,78.461,79.02,55.2295,1845600,0,1,MMM
2006-01-06,78.64,78.9,77.64,78.63,54.9569,2479500,0,1,MMM
2006-01-05,78.411,78.65,77.56,77.99,54.5096,2529500,0,1,MMM
2006-01-04,79.49,79.49,78.25,78.71,55.0128,2558000,0,1,MMM
2006-01-03,77.76,79.35,77.24,79.11,55.2924,3117200,0,1,MMM
2005-12-30,78.11,78.3,77.45,77.5,54.1671,1728600,0,1,MMM
2005-12-29,78.35,78.67,78.1025,78.29,54.7193,1374000,0,1,MMM
2005-12-28,77.59,78.46,77.54,78.2,54.6564,1615600,0,1,MMM
2005-12-27,78.6341,78.99,77.35,77.38,54.0833,1826700,0,1,MMM
2005-12-23,77.89,78.9353,75.84,78.6,54.9359,1095700,0,1,MMM
2005-12-22,78.48,78.94,77.7,78.64,54.9639,2386500,0,1,MMM
2005-12-21,77.63,78.25,77.56,78.05,54.5516,1919700,0,1,MMM
2005-12-20,77.32,78.26,77.3,77.43,54.1182,2974100,0,1,MMM
2005-12-19,76.9,77.75,76.85,77.57,54.2161,2731100,0,1,MMM
2005-12-16,77.94,78.18,76.9,77.09,53.8806,4755800,0,1,MMM
2005-12-15,77.37,77.98,76.97,77.49,54.1601,2910600,0,1,MMM
2005-12-14,76.83,77.91,76.83,77.55,54.2021,2102600,0,1,MMM
2005-12-13,77.4,77.8,76.68,76.95,53.7827,2458300,0,1,MMM
2005-12-12,77.87,78.16,76.78,77.11,53.8945,1990800,0,1,MMM
2005-12-09,77.46,78.08,76.91,77.86,54.4188,2526300,0,1,MMM
2005-12-08,77.8375,77.99,76.85,76.94,53.7757,2247000,0,1,MMM
2005-12-07,78.4,78.9,77.1,77.38,54.0833,3821000,0,1,MMM
2005-12-06,78.45,78.7,77.52,77.7,54.3069,3448600,0,1,MMM
2005-12-05,79.1,79.79,78.14,78.32,54.7403,2861800,0,1,MMM
2005-12-02,79.0417,79.74,78.94,79.4,55.4951,1734400,0,1,MMM
2005-12-01,78.77,79.84,78.74,79.27,55.4043,2796200,0,1,MMM
2005-11-30,78.35,79.2,78.23,78.48,54.8521,2928400,0,1,MMM
2005-11-29,78.21,78.75,78.1713,78.35,54.7612,2498300,0,1,MMM
2005-11-28,78.49,78.55,77.93,78.2,54.6564,2268000,0,1,MMM
2005-11-25,78.07,78.3541,77.75,78.32,54.7403,1165000,0,1,MMM
2005-11-23,78.07,78.38,77.78,78.13,54.6075,2635000,0,1,MMM
2005-11-22,79.1,79.32,77.65,78.28,54.7123,4084500,0.42,1,MMM
2005-11-21,78.4,79.38,78.11,79.23,55.0827,2577200,0,1,MMM
2005-11-18,78.75,78.75,77.65,78.16,54.3389,3700000,0,1,MMM
2005-11-17,77.3,77.45,76.58,77.26,53.7131,3958500,0,1,MMM
2005-11-16,78.4,78.64,76.52,76.91,53.4698,4949300,0,1,MMM
2005-11-15,77.58,78.58,77.47,78.06,54.2693,2579200,0,1,MMM
2005-11-14,77.35,77.85,77.23,77.63,53.9704,2305200,0,1,MMM
2005-11-11,77.41,77.75,77.27,77.55,53.9148,2075500,0,1,MMM
2005-11-10,76.09,77.3,75.76,77.18,53.6575,3005100,0,1,MMM
2005-11-09,76,76.67,75.82,76.09,52.8997,2414900,0,1,MMM
2005-11-08,75.85,76.38,75.5,75.95,52.8024,1895000,0,1,MMM
2005-11-07,75.65,76.34,75.35,75.85,52.7329,1821300,0,1,MMM
2005-11-04,75.35,75.9,74.88,75.13,52.2323,2476100,0,1,MMM
2005-11-03,75.3,75.73,74.61,75.14,52.2393,2522500,0,1,MMM
2005-11-02,75.08,75.41,74.4,75.15,52.2462,3676700,0,1,MMM
2005-11-01,75.5,75.51,74.51,74.86,52.0446,3679400,0,1,MMM
2005-10-31,76.2404,76.48,75.54,75.98,52.8233,3530400,0,1,MMM
2005-10-28,75.25,76.239,74.81,76.24,53.004,2727000,0,1,MMM
2005-10-27,75.4213,75.9,74.76,74.81,52.0099,1929700,0,1,MMM
2005-10-26,75.58,76.18,75.17,75.17,52.2601,2012200,0,1,MMM
2005-10-25,75.75,76.29,75.134,75.67,52.6077,2938700,0,1,MMM
2005-10-24,75.39,75.64,74.98,75.56,52.5312,2375400,0,1,MMM
2005-10-21,74.75,75.65,74.72,74.89,52.0654,3111500,0,1,MMM
2005-10-20,75.65,75.95,74.51,74.9,52.0724,3332200,0,1,MMM
2005-10-19,74.7178,75.65,74.14,75.65,52.5938,4182700,0,1,MMM
2005-10-18,73.3,75.39,73.09,74.71,51.9403,7015700,0,1,MMM
2005-10-17,71.01,72.69,70.78,72.47,50.383,4737100,0,1,MMM
2005-10-14,70.28,70.78,70.08,70.72,49.1664,2565900,0,1,MMM
2005-10-13,70.11,70.88,69.71,70.07,48.7145,3405300,0,1,MMM
2005-10-12,70.29,71.25,70.15,70.38,48.93,3729600,0,1,MMM
2005-10-11,71.25,71.3,70.35,70.55,49.0482,2861300,0,1,MMM
2005-10-10,72,72.2,71.26,71.39,49.6322,1958900,0,1,MMM
2005-10-07,71.51,71.99,71.27,71.73,49.8685,2306900,0,1,MMM
2005-10-06,71.36,71.77,70.49,71.11,49.4375,3921100,0,1,MMM
2005-10-05,71.41,71.93,71.15,71.17,49.4792,3615700,0,1,MMM
2005-10-04,72.5341,72.9,71.4,71.5,49.7086,2830800,0,1,MMM
2005-10-03,73.26,73.63,72.45,72.53,50.4247,2140800,0,1,MMM
2005-09-30,73.18,73.48,73,73.36,51.0018,1855800,0,1,MMM
2005-09-29,72.89,73.39,72.48,73.18,50.8766,2824000,0,1,MMM
2005-09-28,73.52,73.65,72.224,72.68,50.529,3060100,0,1,MMM
2005-09-27,73,73.39,72.8,73.18,50.8766,1991400,0,1,MMM
2005-09-26,73.1041,73.42,72.91,73.13,50.8419,2588900,0,1,MMM
2005-09-23,72.8,72.96,72.24,72.55,50.4387,2181800,0,1,MMM
2005-09-22,72.2022,73.15,72.18,72.8,50.6124,2442400,0,1,MMM
2005-09-21,72.3642,72.72,71.9,72.33,50.2857,2942500,0,1,MMM
2005-09-20,72.39,72.9763,72.2,72.35,50.2996,2664100,0,1,MMM
2005-09-19,73.25,73.3,72.15,72.5,50.4039,2860100,0,1,MMM
2005-09-16,73.67,73.82,72.81,73.35,50.9948,3959500,0,1,MMM
2005-09-15,73.52,73.82,72.84,73.31,50.967,2450300,0,1,MMM
2005-09-14,74.15,74.48,73.56,73.72,51.252,2407400,0,1,MMM
2005-09-13,74.0388,74.58,73.98,74,51.4467,3004200,0,1,MMM
2005-09-12,73.73,74.52,73.5,74.23,51.6066,3933600,0,1,MMM
2005-09-09,73.45,73.87,73.1,73.52,51.113,2527100,0,1,MMM
2005-09-08,72.25,73.82,72.22,73.12,50.8349,3615200,0,1,MMM
2005-09-07,72.83,74.3,72.7,73.77,51.2868,3857400,0,1,MMM
2005-09-06,72.08,72.758,71.78,72.7,50.5429,3239300,0,1,MMM
2005-09-02,71.39,71.6911,71.04,71.5,49.7086,2507300,0,1,MMM
2005-09-01,71.4,71.74,70.61,70.86,49.2637,3004600,0,1,MMM
2005-08-31,70.86,71.24,70.51,71.15,49.4653,2845000,0,1,MMM
2005-08-30,71.08,71.35,70.66,70.98,49.3471,2386200,0,1,MMM
2005-08-29,70.5,71.37,70.4104,71.08,49.4167,1881100,0,1,MMM
2005-08-26,71.18,71.31,70.55,70.99,49.3541,2995900,0,1,MMM
2005-08-25,71.53,71.54,71.05,71.3,49.5696,2167600,0,1,MMM
2005-08-24,70.73,71.62,70.44,71.32,49.5835,3735600,0,1,MMM
2005-08-23,71.92,71.92,70.85,70.99,49.3541,3331300,0,1,MMM
2005-08-22,72.36,72.96,71.3927,71.92,50.0006,2856200,0,1,MMM
2005-08-19,72.16,72.9,71.93,72.07,50.1049,2924100,0,1,MMM
2005-08-18,71.89,71.99,71.28,71.92,50.0006,3032700,0,1,MMM
2005-08-17,71.24,72.06,71.14,71.76,49.8894,2634100,0.42,1,MMM
2005-08-16,72.24,72.3,71.65,71.66,49.5279,2481900,0,1,MMM
2005-08-15,72,72.62,71.2,72.18,49.8873,3377900,0,1,MMM
2005-08-12,72.35,72.4376,71.94,71.94,49.7214,2723100,0,1,MMM
2005-08-11,72.22,72.44,71.83,72.36,50.0117,3486300,0,1,MMM
2005-08-10,72.18,72.7,71.81,72,49.7629,5062400,0,1,MMM
2005-08-09,72.47,72.9,71.93,72,49.7629,3984500,0,1,MMM
2005-08-08,72.88,73.21,72,72.34,49.9979,3747200,0,1,MMM
2005-08-05,73.35,73.65,72.91,72.99,50.4471,2693800,0,1,MMM
2005-08-04,74.1876,74.19,73,73.35,50.6959,3281100,0,1,MMM
2005-08-03,74.5519,74.76,73.92,74.19,51.2765,3350800,0,1,MMM
2005-08-02,75.31,75.49,74.65,74.88,51.7534,2441800,0,1,MMM
2005-08-01,75.1,75.35,74.71,75.3,52.0437,2502800,0,1,MMM
2005-07-29,74.87,75.32,74.42,75,51.8363,3068200,0,1,MMM
2005-07-28,73.69,74.79,73.64,74.7,51.629,3188600,0,1,MMM
2005-07-27,74.09,74.2,73.33,73.65,50.9033,3194500,0,1,MMM
2005-07-26,74.63,74.63,73.78,73.78,50.9931,2664000,0,1,MMM
2005-07-25,74.84,75.3,73.9,74.17,51.2627,2943200,0,1,MMM
2005-07-22,74.8,74.95,74,74.71,51.6359,2857200,0,1,MMM
2005-07-21,75.12,75.4,74.27,74.55,51.5253,2799900,0,1,MMM
2005-07-20,74.11,74.7481,73.99,74.68,51.6152,2828100,0,1,MMM
2005-07-19,74.57,74.85,73.99,74.29,51.3456,4230400,0,1,MMM
2005-07-18,75.45,76.14,74.28,74.53,51.5115,4631600,0,1,MMM
2005-07-15,75.8,76.74,75.08,75.45,52.1473,3573800,0,1,MMM
2005-07-14,75.12,75.97,75.07,75.43,52.1335,2791600,0,1,MMM
2005-07-13,75.1,75.43,74.51,75.12,51.9193,3299300,0,1,MMM
2005-07-12,76.14,76.14,74.86,74.87,51.7465,3687700,0,1,MMM
2005-07-11,75.39,76.16,75.0226,76.13,52.6173,3709900,0,1,MMM
2005-07-08,73.9,75.24,73.6,75,51.8363,3345000,0,1,MMM
2005-07-07,72,73.9,71.37,73.81,51.0139,3714400,0,1,MMM
2005-07-06,73.63,73.63,72.83,72.83,50.3365,3753600,0,1,MMM
2005-07-05,73.04,73.87,72.9943,73.62,50.8825,3999300,0,1,MMM
2005-07-01,72.3132,73.12,71.03,73,50.454,8866000,0,1,MMM
2005-06-30,74.24,74.55,72.25,72.3,49.9702,14756900,0,1,MMM
2005-06-29,77.07,77.08,75.97,76.04,52.5551,2225100,0,1,MMM
2005-06-28,76.3,77.22,76.05,77.1,53.2877,3008000,0,1,MMM
2005-06-27,75.68,76.32,75.5,75.79,52.3824,2282700,0,1,MMM
2005-06-24,75.75,76.31,75.3,75.48,52.1681,4004000,0,1,MMM
2005-06-23,78.21,78.25,75.58,75.87,52.4376,4737000,0,1,MMM
2005-06-22,77.85,78.5108,77.32,77.88,53.8268,3977800,0,1,MMM
2005-06-21,77.4,77.9902,77,77.19,53.3499,2822300,0,1,MMM
2005-06-20,77.5,77.89,77.09,77.19,53.3499,2281200,0,1,MMM
2005-06-17,77.28,78.55,76.85,76.92,53.1633,3939400,0,1,MMM
2005-06-16,76.13,76.98,75.7521,76.67,52.9906,2295700,0,1,MMM
2005-06-15,76.9,77.05,75.8,76.13,52.6173,2612400,0,1,MMM
2005-06-14,76.61,77.04,76.35,76.66,52.9836,2363200,0,1,MMM
2005-06-13,75.96,76.95,75.6,76.09,52.5897,2556500,0,1,MMM
2005-06-10,76,76.58,75.4,75.79,52.3824,2776900,0,1,MMM
2005-06-09,76.56,77.0317,75.8,76.18,52.6519,2720900,0,1,MMM
2005-06-08,76.92,76.97,76.36,76.56,52.9145,2042700,0,1,MMM
2005-06-07,76.5,77.44,76.21,76.34,52.7625,2725100,0,1,MMM
2005-06-06,75.8644,76.25,75.58,76.16,52.6381,1611100,0,1,MMM
2005-06-03,76.59,76.85,75.75,76,52.5275,2305500,0,1,MMM
2005-06-02,77.01,77.12,76.34,76.57,52.9214,2219200,0,1,MMM
2005-06-01,76.78,77.8,76.46,77,53.2186,2085900,0,1,MMM
2005-05-31,77.01,77.28,76.65,76.65,52.9767,3337000,0,1,MMM
2005-05-27,76.93,77.45,76.93,76.98,53.2048,1511700,0,1,MMM
2005-05-26,77.8,77.8,76.55,76.98,53.2048,3051300,0,1,MMM
2005-05-25,78.18,78.18,76.99,77.06,53.2601,2589800,0,1,MMM
2005-05-24,78.12,78.48,77.95,78.19,54.0411,2263500,0,1,MMM
2005-05-23,77.3,79.23,77.098,78.53,54.2761,2962500,0,1,MMM
2005-05-20,77.8,77.8,76.35,77.06,53.2601,3465200,0,1,MMM
2005-05-19,78.1,78.18,77.56,77.86,53.813,2191900,0,1,MMM
2005-05-18,76.98,78.41,76.75,78.1,53.9789,2247300,0.42,1,MMM
2005-05-17,76.05,77.15,75.75,77.01,52.9353,2414300,0,1,MMM
2005-05-16,75.97,76.65,75.672,76.42,52.5297,1931800,0,1,MMM
2005-05-13,76.07,76.28,75.09,75.61,51.9729,2553700,0,1,MMM
2005-05-12,77.24,77.25,75.66,75.78,52.0898,2371700,0,1,MMM
2005-05-11,76.79,77.08,76.0034,76.99,52.9215,2806200,0,1,MMM
2005-05-10,77.58,77.58,75.99,76.61,52.6603,3866900,0,1,MMM
2005-05-09,77.18,77.73,76.8,77.73,53.4302,2310700,0,1,MMM
2005-05-06,77.58,78.24,77.17,77.33,53.1552,2286200,0,1,MMM
2005-05-05,77.35,77.95,77.1,77.47,53.2515,2600200,0,1,MMM
2005-05-04,76.7,77.63,76.18,77.35,53.169,3013100,0,1,MMM
2005-05-03,76.84,77.29,76.27,76.76,52.7634,3141600,0,1,MMM
2005-05-02,76.47,77.14,76.2522,76.88,52.8459,2834500,0,1,MMM
2005-04-29,75.71,76.6,74.95,76.47,52.5641,2955800,0,1,MMM
2005-04-28,75.9,76.02,75.11,75.23,51.7117,3213400,0,1,MMM
2005-04-27,75.87,76.839,75.27,76.6,52.6534,2750200,0,1,MMM
2005-04-26,77.5178,77.83,76.13,76.13,52.3304,2724900,0,1,MMM
2005-04-25,77.67,78.23,77.21,77.51,53.2789,2461300,0,1,MMM
2005-04-22,77.91,77.92,76.38,77.06,52.9696,2715800,0,1,MMM
2005-04-21,76.9,78.22,76.3036,77.89,53.5402,3657800,0,1,MMM
2005-04-20,77.17,77.6,75.5,75.9,52.1723,4921700,0,1,MMM
2005-04-19,76.6,78.2,76.5,76.93,52.8803,7149900,0,1,MMM
2005-04-18,79.6,80.01,75.38,75.9,52.1723,13236700,0,1,MMM
2005-04-15,82.39,82.48,80.51,80.86,55.5817,4636300,0,1,MMM
2005-04-14,83.9,83.93,82.16,82.38,56.6265,3206600,0,1,MMM
2005-04-13,84.97,85.35,83.8,84.22,57.8913,2294600,0,1,MMM
2005-04-12,84.24,85.47,83.53,85.25,58.5993,2307000,0,1,MMM
2005-04-11,84.75,84.88,84.192,84.47,58.0632,1588000,0,1,MMM
2005-04-08,85,85.35,84.5,84.55,58.1181,1660700,0,1,MMM
2005-04-07,85.1,85.4,84.79,85.16,58.5374,2131900,0,1,MMM
2005-04-06,85,85.6179,84.76,84.82,58.3037,2333500,0,1,MMM
2005-04-05,84.68,85,83.85,84.47,58.0632,2863200,0,1,MMM
2005-04-04,85.23,85.42,84.57,84.7,58.2212,2448700,0,1,MMM
2005-04-01,86,86.21,85.07,85.12,58.5099,2293700,0,1,MMM
2005-03-31,85.95,86.5968,85.57,85.69,58.9017,2609400,0,1,MMM
2005-03-30,84.85,86.079,84.85,85.98,59.1011,1999000,0,1,MMM
2005-03-29,85.18,86.06,84.6,84.65,58.1869,2752700,0,1,MMM
2005-03-28,85.29,85.76,85.12,85.17,58.5443,1561300,0,1,MMM
2005-03-24,85.25,85.65,84.89,85.28,58.6199,1843600,0,1,MMM
2005-03-23,85.15,85.5,84.62,85.07,58.4756,2366300,0,1,MMM
2005-03-22,85.48,86.6882,85.341,85.38,58.6886,2086700,0,1,MMM
2005-03-21,86,86.2,85.31,85.67,58.888,1695300,0,1,MMM
2005-03-18,86.4,87.05,85.56,86.16,59.2248,5264900,0,1,MMM
2005-03-17,85.87,86.46,85.43,85.97,59.0942,1995800,0,1,MMM
2005-03-16,85.65,86.89,85.65,86,59.1148,2758900,0,1,MMM
2005-03-15,86,86.76,85.86,85.86,59.0186,2199300,0,1,MMM
2005-03-14,85.75,86.5,85.26,85.9,59.0461,2579700,0,1,MMM
2005-03-11,86.65,86.99,85.51,85.63,58.8605,2396200,0,1,MMM
2005-03-10,86.1,86.78,85.24,86.65,59.5616,2523500,0,1,MMM
2005-03-09,86.2,86.8266,86.05,86.12,59.1973,2563800,0,1,MMM
2005-03-08,86.41,86.87,86.1,86.38,59.376,2697000,0,1,MMM
2005-03-07,86.46,87.4509,86.35,86.71,59.6029,3619900,0,1,MMM
2005-03-04,85.8,86.68,85.11,86.46,59.431,2906800,0,1,MMM
2005-03-03,84.97,84.969,83.52,84.9,58.3587,2412900,0,1,MMM
2005-03-02,84.4,85.1,84.02,84.56,58.125,2182400,0,1,MMM
2005-03-01,83.95,85,83.6599,84.47,58.0632,2289900,0,1,MMM
2005-02-28,84.6,84.64,83.74,83.94,57.6988,2163300,0,1,MMM
2005-02-25,84.2,84.89,83.69,84.6,58.1525,2252100,0,1,MMM
2005-02-24,83.78,84.27,82.97,84.27,57.9256,2692200,0,1,MMM
2005-02-23,83.68,84.29,83.409,83.92,57.685,3078400,0.42,1,MMM
2005-02-22,85.4,85.85,83.8467,84.06,57.4926,2989400,0,1,MMM
2005-02-18,85.78,86.5,85.5,85.55,58.5117,2957100,0,1,MMM
2005-02-17,86.48,86.8,85.71,85.71,58.6211,2913700,0,1,MMM
2005-02-16,85.5,86.98,85.3689,86.8,59.3666,2962300,0,1,MMM
2005-02-15,85,86.07,84.72,85.99,58.8126,3753600,0,1,MMM
2005-02-14,84.47,84.95,84.15,84.61,57.8688,2012500,0,1,MMM
2005-02-11,83.98,84.52,83.24,84.04,57.4789,2578100,0,1,MMM
2005-02-10,83.39,84.08,83.3473,83.9,57.3832,1915300,0,1,MMM
2005-02-09,84.34,84.37,83.2,83.35,57.007,1780800,0,1,MMM
2005-02-08,83.55,84.6,83.27,84.34,57.6841,2020000,0,1,MMM
2005-02-07,84.05,84.5,83.76,83.88,57.3695,1715200,0,1,MMM
2005-02-04,83.55,84.21,83.42,84.08,57.5063,2451300,0,1,MMM
2005-02-03,83.4,83.68,82.95,83.34,57.0001,2314400,0,1,MMM
2005-02-02,83.77,83.79,83.21,83.34,57.0001,2908000,0,1,MMM
2005-02-01,84.35,84.7,83.8,84.08,57.5063,3010200,0,1,MMM
2005-01-31,83.6,84.5,83.6,84.36,57.6978,2800700,0,1,MMM
2005-01-28,82.8917,83.4,82.79,83.25,56.9386,2046600,0,1,MMM
2005-01-27,83,83.5,82.44,82.89,56.6924,2564100,0,1,MMM
2005-01-26,82.97,83.91,82.97,83.42,57.0549,2919500,0,1,MMM
2005-01-25,82.15,83.02,82.01,82.82,56.6445,3480400,0,1,MMM
2005-01-24,81.4912,81.96,80.79,81.62,55.8238,4046300,0,1,MMM
2005-01-21,82.75,83.12,81.18,81.27,55.5844,4259500,0,1,MMM
2005-01-20,82.7,83.55,82.08,82.95,56.7334,3234000,0,1,MMM
2005-01-19,82.5,82.79,82.1,82.17,56.1999,4878000,0,1,MMM
2005-01-18,83.99,85,81.62,82.02,56.0973,7161400,0,1,MMM
2005-01-14,83.79,84.2487,83.1,83.97,57.4311,3082200,0,1,MMM
2005-01-13,84.66,85.5,83.51,83.79,57.3079,4172400,0,1,MMM
2005-01-12,84.58,85,84,84.96,58.1082,4183500,0,1,MMM
2005-01-11,83.95,84.99,83.85,84.71,57.9372,4757100,0,1,MMM
2005-01-10,82.3,84.3,82.3,83.94,57.4105,4343700,0,1,MMM
2005-01-07,81.5,82.8,81.2504,82.3,56.2888,3293000,0,1,MMM
2005-01-06,80.88,82.4,80.82,81.46,55.7143,3014500,0,1,MMM
2005-01-05,81.7,81.95,80.73,80.73,55.2151,2895300,0,1,MMM
2005-01-04,82.4,83.0255,81.67,81.73,55.899,3644600,0,1,MMM
2005-01-03,82.17,83.4,82.05,82.4,56.3573,3192000,0,1,MMM
2004-12-31,82.73,82.77,82.07,82.07,56.1316,1440800,0,1,MMM
2004-12-30,82.7,83.03,82.65,82.75,56.5967,1271700,0,1,MMM
2004-12-29,82.75,82.99,82.49,82.74,56.5898,1695200,0,1,MMM
2004-12-28,82.4026,83,82.3,82.99,56.7608,2120900,0,1,MMM
2004-12-27,82.59,82.99,82.15,82.15,56.1863,2216000,0,1,MMM
2004-12-23,81.86,82.9792,81.86,82.55,56.4598,3031100,0,1,MMM
2004-12-22,81,81.67,80.76,81.51,55.7486,2881000,0,1,MMM
2004-12-21,80.77,81.18,80.6,81.1,55.4681,2810700,0,1,MMM
2004-12-20,80.21,81.33,80.21,80.75,55.2287,3540900,0,1,MMM
2004-12-17,80.4,80.9,80.04,80.62,55.1398,6293200,0,1,MMM
2004-12-16,79.14,80.6,79,79.9,54.6474,4854100,0,1,MMM
2004-12-15,78.87,79.44,78.7,79.09,54.0934,4183900,0,1,MMM
2004-12-14,78.5015,79.2,78.45,78.5,53.6899,3409800,0,1,MMM
2004-12-13,79.05,79.45,78.13,78.48,53.6762,3889700,0,1,MMM
2004-12-10,78.6017,79.18,78.55,78.8,53.895,2666400,0,1,MMM
2004-12-09,79.06,79.29,78.53,78.97,54.0113,3855500,0,1,MMM
2004-12-08,79,79.61,78.95,79.24,54.196,2412800,0,1,MMM
2004-12-07,80.62,80.99,78.85,78.87,53.9429,3506100,0,1,MMM
2004-12-06,80.75,80.84,80.26,80.37,54.9688,2408200,0,1,MMM
2004-12-03,80.12,81.82,79.86,81.08,55.4544,4940900,0,1,MMM
2004-12-02,80.2,80.75,79.6,79.91,54.6542,2981900,0,1,MMM
2004-12-01,79.5,80.45,79.5,80.45,55.0235,3833800,0,1,MMM
2004-11-30,80,80.51,79.45,79.59,54.4353,4306700,0,1,MMM
2004-11-29,80.2,80.65,79.36,80,54.7158,3116900,0,1,MMM
2004-11-26,80,80.44,79.999,80.16,54.8252,1138600,0,1,MMM
2004-11-24,80.17,80.48,80.05,80.25,54.8868,2616000,0,1,MMM
2004-11-23,80.74,80.75,80.05,80.24,54.8799,2964100,0,1,MMM
2004-11-22,80.95,80.95,80.37,80.74,55.2219,2812000,0,1,MMM
2004-11-19,82.17,82.25,80.77,80.95,55.3655,2571000,0,1,MMM
2004-11-18,82,82.54,82,82.37,56.3367,2186000,0,1,MMM
2004-11-17,81.98,82.9,81.7,82.23,56.241,2819900,0.36,1,MMM
2004-11-16,82.2,82.21,81.57,81.77,55.6801,2825400,0,1,MMM
2004-11-15,82.8,82.9,82.03,82.28,56.0274,3054600,0,1,MMM
2004-11-12,82,82.6791,81.9,82.68,56.2998,2676900,0,1,MMM
2004-11-11,81.35,82.02,80.9099,81.88,55.7551,2547500,0,1,MMM
2004-11-10,81.13,81.31,80.54,80.85,55.0537,2871200,0,1,MMM
2004-11-09,81.63,81.85,80.81,81.19,55.2852,2108300,0,1,MMM
2004-11-08,81.4,81.79,80.83,81.38,55.4146,2969000,0,1,MMM
2004-11-05,78.5,81.62,78.5,81.4,55.4282,6746600,0,1,MMM
2004-11-04,75.54,78.15,75.06,78.08,53.1675,6238000,0,1,MMM
2004-11-03,76,77.7,75.1,75.29,51.2677,5547300,0,1,MMM
2004-11-02,76.35,77.75,75.6031,75.88,51.6694,3892700,0,1,MMM
2004-11-01,77.5,77.503,76.1343,76.91,52.3708,2905400,0,1,MMM
2004-10-29,76.95,77.73,76.95,77.57,52.8202,2112400,0,1,MMM
2004-10-28,77.03,77.81,76.9,77.15,52.5342,2252700,0,1,MMM
2004-10-27,75.81,77.8088,75.48,77.57,52.8202,3534100,0,1,MMM
2004-10-26,75.4,76.26,75.26,76.22,51.9009,3642800,0,1,MMM
2004-10-25,75.37,76.0552,75.05,75.57,51.4583,2926600,0,1,MMM
2004-10-22,77.85,78,75.6,75.88,51.6694,4004600,0,1,MMM
2004-10-21,76.95,77.77,76.56,77.6,52.8406,4062600,0,1,MMM
2004-10-20,75.53,77.11,74.84,76.8,52.2959,5347100,0,1,MMM
2004-10-19,76.8,77.01,75.25,75.39,51.3358,4897600,0,1,MMM
2004-10-18,75,76.62,73.31,76.1,51.8192,14470200,0,1,MMM
2004-10-15,77.65,78.55,77.65,77.98,53.0994,3205500,0,1,MMM
2004-10-14,78.15,78.33,77.3048,77.6,52.8406,3030000,0,1,MMM
2004-10-13,79.45,79.6,77.09,77.98,53.0994,3746300,0,1,MMM
2004-10-12,79.15,79.2,78.5306,78.63,53.542,2240500,0,1,MMM
2004-10-11,79.5,79.88,79.22,79.22,53.9438,1559800,0,1,MMM
2004-10-08,79.76,79.77,78.83,79.26,53.971,2614900,0,1,MMM
2004-10-07,81.97,81.97,79.65,79.66,54.2434,2663900,0,1,MMM
2004-10-06,79.63,81.25,79.25,81.14,55.2512,3455000,0,1,MMM
2004-10-05,78.95,78.9705,78.1,78.76,53.6305,2951200,0,1,MMM
2004-10-04,80.15,80.35,78.94,78.94,53.7531,2985500,0,1,MMM
2004-10-01,80,80.75,79.69,79.69,54.2638,3581800,0,1,MMM
2004-09-30,78.68,80.34,78.5156,79.97,54.4545,4114500,0,1,MMM
2004-09-29,78.85,79.1,78.3,78.78,53.6441,2694200,0,1,MMM
2004-09-28,78.26,79.25,77.9131,79.07,53.8416,4120700,0,1,MMM
2004-09-27,78.68,78.68,77.69,77.69,52.9019,3306900,0,1,MMM
2004-09-24,78.87,79.4,78.68,78.68,53.576,3184600,0,1,MMM
2004-09-23,80.02,80.14,78.7,78.7,53.5897,3975200,0,1,MMM
2004-09-22,81.2,81.2,80.03,80.23,54.6315,2955500,0,1,MMM
2004-09-21,81.27,81.8,80.4,81.57,55.5439,3028100,0,1,MMM
2004-09-20,82.15,82.25,80.85,80.94,55.115,2788500,0,1,MMM
2004-09-17,82.05,82.76,81.73,82.32,56.0547,3567700,0,1,MMM
2004-09-16,82.2,82.72,81.91,82.05,55.8708,2335700,0,1,MMM
2004-09-15,83.92,83.92,82,82,55.8368,3714000,0,1,MMM
2004-09-14,84.65,84.68,83.85,83.92,57.1442,2235600,0,1,MMM
2004-09-13,84.69,84.96,84.27,84.65,57.6413,2281700,0,1,MMM
2004-09-10,83.9,84.71,83.53,84.69,57.6685,1843500,0,1,MMM
2004-09-09,84.1,84.28,83.75,83.85,57.0965,1782000,0,1,MMM
2004-09-08,84.22,84.22,83.35,83.85,57.0965,2254700,0,1,MMM
2004-09-07,84.2,84.59,83.7642,84.22,57.3484,2185000,0,1,MMM
2004-09-03,83.57,84.17,83.36,83.94,57.1578,1778800,0,1,MMM
2004-09-02,82.76,83.6,82.3,83.54,56.8854,2259900,0,1,MMM
2004-09-01,82.12,83.1,82.12,82.86,56.4224,2054400,0,1,MMM
2004-08-31,81.38,82.46,81.16,82.36,56.0819,2508100,0,1,MMM
2004-08-30,81.5,81.78,81.11,81.3,55.3601,1481000,0,1,MMM
2004-08-27,80.95,81.7,80.7715,81.48,55.4827,1134600,0,1,MMM
2004-08-26,81.23,81.98,81.04,81.27,55.3397,1616700,0,1,MMM
2004-08-25,80.35,81.35,79.7,81.2,55.292,2094800,0,1,MMM
2004-08-24,80.7,80.94,80.18,80.58,54.8699,1336600,0,1,MMM
2004-08-23,80.19,80.95,80,80.36,54.72,1563400,0,1,MMM
2004-08-20,79.6,80.45,79.55,80.27,54.6587,1785100,0,1,MMM
2004-08-19,79.7534,80.16,79.57,79.98,54.4613,2239200,0,1,MMM
2004-08-18,78.2,80,77.81,80,54.4749,2757200,0.36,1,MMM
2004-08-17,78.15,79,78.152,78.68,53.3309,2878100,0,1,MMM
2004-08-16,78.1555,78.53,77.75,78.23,53.0259,2903800,0,1,MMM
2004-08-13,78.15,78.5,77.2,77.66,52.6395,2100700,0,1,MMM
2004-08-12,79.02,79.19,77.75,77.79,52.7276,3187000,0,1,MMM
2004-08-11,79.3,79.49,78.2,79.23,53.7037,3401200,0,1,MMM
2004-08-10,80,80.14,78.34,79.61,53.9613,3981300,0,1,MMM
2004-08-09,79.8,80.67,79.36,79.45,53.8528,2556600,0,1,MMM
2004-08-06,80.76,81.19,79.65,79.87,54.1375,3228600,0,1,MMM
2004-08-05,82.83,83.67,81.488,81.57,55.2898,2577400,0,1,MMM
2004-08-04,82.4,83.65,82.12,83.18,56.3811,2018300,0,1,MMM
2004-08-03,83.26,83.345,82.41,82.93,56.2117,1776600,0,1,MMM
2004-08-02,82.3,83.85,81.9,83.55,56.6319,2412000,0,1,MMM
2004-07-30,82.12,82.6,81.93,82.36,55.8253,1885300,0,1,MMM
2004-07-29,82.69,82.69,81.6,82.12,55.6626,2822700,0,1,MMM
2004-07-28,83.05,83.05,80.75,81.99,55.5745,4493900,0,1,MMM
2004-07-27,81.9828,83.46,81.6,83.05,56.293,2789300,0,1,MMM
2004-07-26,82.62,83,81.37,81.63,55.3305,3350400,0,1,MMM
2004-07-23,83.7,83.7482,82.3,82.62,56.0015,2739600,0,1,MMM
2004-07-22,83.02,84.1,83,83.7,56.7336,3765900,0,1,MMM
2004-07-21,85.2064,85.2,83.45,83.58,56.6522,3557100,0,1,MMM
2004-07-20,83.45,85,83.26,85,57.6147,4972700,0,1,MMM
2004-07-19,85.5,85.51,82.2,83.05,56.293,10521700,0,1,MMM
2004-07-16,89.3,89.3,87.78,87.84,59.5398,2545000,0,1,MMM
2004-07-15,88.19,89.19,88.18,88.62,60.0684,2074100,0,1,MMM
2004-07-14,86.57,88.68,86.57,88.19,59.777,2044800,0,1,MMM
2004-07-13,87.72,87.88,87.15,87.38,59.2279,2278900,0,1,MMM
2004-07-12,87.77,88,86.95,87.9,59.5804,1605900,0,1,MMM
2004-07-09,88.2,88.69,87.3,87.65,59.411,1781300,0,1,MMM
2004-07-08,88.43,89,87.64,87.74,59.472,2343600,0,1,MMM
2004-07-07,87.55,88.44,87.37,88.43,59.9397,2454300,0,1,MMM
2004-07-06,87.07,87.97,87,87.55,59.3432,2305900,0,1,MMM
2004-07-02,88.3293,88.39,87.41,87.5,59.3093,1711900,0,1,MMM
2004-07-01,90,90.11,87.79,88.17,59.7634,2627200,0,1,MMM
2004-06-30,89.98,90.29,89.16,90.01,61.0106,3069800,0,1,MMM
2004-06-29,88.69,90,88.5129,89.8,60.8683,2577700,0,1,MMM
2004-06-28,89.05,89.56,88.29,88.69,60.1159,1865500,0,1,MMM
2004-06-25,88.6,89.35,88.072,88.66,60.0956,2939100,0,1,MMM
2004-06-24,89.15,89.32,88.47,88.58,60.0413,1875800,0,1,MMM
2004-06-23,89.0192,89.7,88.55,89.55,60.6988,2989400,0,1,MMM
2004-06-22,87.79,89.5,87.29,89.5,60.6649,3797100,0,1,MMM
2004-06-21,86.9,87.89,86.9,87.28,59.1602,2429200,0,1,MMM
2004-06-18,85.93,87.59,85.93,87.09,59.0314,3702400,0,1,MMM
2004-06-17,85,86.2394,85,85.93,58.2451,1497900,0,1,MMM
2004-06-16,85.55,85.74,85.04,85.25,57.7842,2371600,0,1,MMM
2004-06-15,85.95,86.02,85.03,85.55,57.9875,1927200,0,1,MMM
2004-06-14,85.6,85.95,84.88,85.15,57.7164,1975500,0,1,MMM
2004-06-10,85.44,86.27,85.44,86.22,58.4417,1655500,0,1,MMM
2004-06-09,86,86.31,85.41,85.41,57.8926,1766000,0,1,MMM
2004-06-08,84.8,86.19,84.79,86.13,58.3807,1950300,0,1,MMM
2004-06-07,84.86,85.5,84.65,85.18,57.7368,2443100,0,1,MMM
2004-06-04,85.3,85.65,84.75,84.86,57.5198,1738000,0,1,MMM
2004-06-03,85.46,85.89,84.77,84.77,57.4589,1630900,0,1,MMM
2004-06-02,85.45,85.86,84.8,85.61,58.0282,1832700,0,1,MMM
2004-06-01,84.13,85.3205,84.01,84.83,57.4995,2365200,0,1,MMM
2004-05-28,85,85.25,84.261,84.56,57.3165,1650600,0,1,MMM
2004-05-27,84.55,85.77,84.41,84.95,57.5808,2742900,0,1,MMM
2004-05-26,83.72,84.3,83.52,84,56.9369,1837100,0,1,MMM
2004-05-25,82.54,83.9,81.67,83.64,56.6929,3102700,0,1,MMM
2004-05-24,82.93,83.95,82.44,82.55,55.9541,2246700,0,1,MMM
2004-05-21,82.45,83.6,82.42,82.92,56.2049,1974800,0,1,MMM
2004-05-20,82.45,82.76,82.03,82.2,55.7168,2439700,0,1,MMM
2004-05-19,83,84.4341,82.21,82.31,55.7914,2578000,0.36,1,MMM
2004-05-18,83.32,83.6,82.7,83.12,56.0964,2958200,0,1,MMM
2004-05-17,82.76,83.8906,82.75,83.22,56.1639,2774500,0,1,MMM
2004-05-14,84.01,84.58,83.36,83.81,56.5621,2735800,0,1,MMM
2004-05-13,85,85.5,84.24,84.51,57.0345,2509700,0,1,MMM
2004-05-12,83.6,85.4,83.51,85.35,57.6014,2814700,0,1,MMM
2004-05-11,84.47,85.19,83.58,84.15,56.7915,2745500,0,1,MMM
2004-05-10,83.6554,83.95,82.89,83.54,56.3799,3089400,0,1,MMM
2004-05-07,84.45,85.67,84.11,84.43,56.9805,2243300,0,1,MMM
2004-05-06,85.12,85.55,84.0345,84.77,57.21,2819500,0,1,MMM
2004-05-05,86.5,86.85,85.71,85.75,57.8714,2443100,0,1,MMM
2004-05-04,86.43,87.25,86.02,86.5,58.3775,2872700,0,1,MMM
2004-05-03,86.5,87.65,86.2741,87.03,58.7352,2296300,0,1,MMM
2004-04-30,86.05,87.34,86.02,86.48,58.364,2990900,0,1,MMM
2004-04-29,86.72,87.5,85.94,86.12,58.1211,3166400,0,1,MMM
2004-04-28,87.9,88.05,86.61,86.72,58.526,2698200,0,1,MMM
2004-04-27,87.28,88.57,87.28,88.38,59.6463,3211000,0,1,MMM
2004-04-26,87.51,88.26,87.5,87.75,59.2211,2909000,0,1,MMM
2004-04-23,86.3,88.7,86,87.9,59.3224,5057200,0,1,MMM
2004-04-22,83.78,87.18,83.7872,86.95,58.6812,4789600,0,1,MMM
2004-04-21,83.2,84.38,82.9,83.92,56.6566,2185900,0,1,MMM
2004-04-20,84,84.9015,83.18,83.2,56.1504,2724800,0,1,MMM
2004-04-19,83.95,85.12,82.76,83.76,56.5283,5273200,0,1,MMM
2004-04-16,83.3,83.832,82.58,83.73,56.5081,2234400,0,1,MMM
2004-04-15,82.66,83.12,82.1,82.85,55.9142,2077700,0,1,MMM
2004-04-14,81.64,82.97,81.6,82.66,55.786,1861400,0,1,MMM
2004-04-13,83.52,83.65,82.31,82.39,55.6038,2397800,0,1,MMM
2004-04-12,82.63,83.62,82.6,83.62,56.4339,1512900,0,1,MMM
2004-04-08,82.95,83.24,82.09,82.43,55.6307,2340800,0,1,MMM
2004-04-07,82.6205,82.99,82.28,82.75,55.8467,2952600,0,1,MMM
2004-04-06,82.35,82.89,82.1,82.83,55.9007,1653000,0,1,MMM
2004-04-05,81.9,82.77,81.82,82.75,55.8467,2237300,0,1,MMM
2004-04-02,82,82.15,81.2,81.78,55.1921,2888900,0,1,MMM
2004-04-01,81.87,82,80.9,81.05,54.6994,2866000,0,1,MMM
2004-03-31,81.9342,81.98,81,81.87,55.2528,2986400,0,1,MMM
2004-03-30,80.57,81.7835,80.39,81.68,55.1246,3000700,0,1,MMM
2004-03-29,80,80.89,79.99,80.8,54.5307,2651500,0,1,MMM
2004-03-26,80.6,80.84,79.5,79.98,53.9773,2615700,0,1,MMM
2004-03-25,80,81.02,79.21,81.02,54.6792,3210300,0,1,MMM
2004-03-24,79.6004,80.15,79.12,79.43,53.6061,2619400,0,1,MMM
2004-03-23,80,80.5,79.5,79.6,53.7208,3209800,0,1,MMM
2004-03-22,79.1,79.9855,79.02,79.71,53.7951,3858100,0,1,MMM
2004-03-19,79.88,80.59,79.7,79.76,53.8288,3577300,0,1,MMM
2004-03-18,79.2186,80.25,78.7,79.88,53.9098,3553800,0,1,MMM
2004-03-17,79.45,79.78,78.82,79.56,53.6938,3714400,0,1,MMM
2004-03-16,77.31,79.34,77.31,78.81,53.1877,7482900,0,1,MMM
2004-03-15,76.1,76.1,74.35,74.87,50.5286,3473600,0,1,MMM
2004-03-12,75.35,76.3,75,76.22,51.4397,3324500,0,1,MMM
2004-03-11,75.2705,76.9,75.13,75.35,50.8526,4397500,0,1,MMM
2004-03-10,77.77,78.11,75.8,76,51.2912,4185500,0,1,MMM
2004-03-09,77.67,78.15,77.25,77.85,52.5398,2604200,0,1,MMM
2004-03-08,78.62,78.77,77.56,77.67,52.4183,2377000,0,1,MMM
2004-03-05,78.8,79.5,78.4,78.66,53.0864,2852900,0,1,MMM
2004-03-04,79.01,79.35,78.39,78.89,53.2417,1951300,0,1,MMM
2004-03-03,78.32,79.41,78.31,78.95,53.2822,2837900,0,1,MMM
2004-03-02,78.95,79.28,78.31,78.31,52.8502,2216800,0,1,MMM
2004-03-01,78.47,79.1,78.09,78.78,53.1674,2364800,0,1,MMM
2004-02-27,78.25,78.84,77.6,78.02,52.6545,2946600,0,1,MMM
2004-02-26,78.32,79.042,78,78.18,52.7625,3521800,0,1,MMM
2004-02-25,79.05,79.7,78.19,78.57,53.0257,3097500,0,1,MMM
2004-02-24,80.25,80.71,79.1449,79.48,53.6399,2422300,0,1,MMM
2004-02-23,79.75,80.63,79.6,80.44,54.2877,2259800,0,1,MMM
2004-02-20,79.38,80.25,79.15,79.7,53.7883,2397500,0,1,MMM
2004-02-19,79.98,80.26,78.93,79.1,53.3834,2413500,0,1,MMM
2004-02-18,80.2,80.3198,79.2,79.66,53.7613,2285300,0.36,1,MMM
2004-02-17,80.4,80.7226,79.75,80.32,53.9638,2695200,0,1,MMM
2004-02-13,81.05,81.08,79.68,79.68,53.5338,2839300,0,1,MMM
2004-02-12,81.4,81.41,80.87,80.98,54.4072,2058700,0,1,MMM
2004-02-11,80.75,81.46,80.74,81.4,54.6894,2842000,0,1,MMM
2004-02-10,79.55,81.4,79.1,81.25,54.5886,3347900,0,1,MMM
2004-02-09,79.8,80.24,79.23,79.39,53.339,2076800,0,1,MMM
2004-02-06,79,80.1,79,79.81,53.6212,2718700,0,1,MMM
2004-02-05,79.1,79.48,78.69,79,53.0769,2605400,0,1,MMM
2004-02-04,78.9,79.82,78.45,79.45,53.3793,3458200,0,1,MMM
2004-02-03,79.1,79.28,77.6,78.9,53.0097,3753000,0,1,MMM
2004-02-02,78.89,79.6,77.57,78,52.4051,3959200,0,1,MMM
2004-01-30,79.2,79.35,78.41,79.09,53.1374,3389700,0,1,MMM
2004-01-29,80.02,80.25,79.161,79.52,53.4263,4690800,0,1,MMM
2004-01-28,82.25,82.64,79.56,80,53.7488,4283400,0,1,MMM
2004-01-27,82.67,83.11,82,82.1,55.1597,2877300,0,1,MMM
2004-01-26,81.96,82.65,81.9,82.47,55.4083,2925700,0,1,MMM
2004-01-23,82.65,82.68,81.75,81.96,55.0656,2633600,0,1,MMM
2004-01-22,81.9862,82.76,81.75,82.11,55.1664,3805400,0,1,MMM
2004-01-21,80.95,82.63,80.1,81.75,54.9245,7712200,0,1,MMM
2004-01-20,86.2,86.2,80.1,80.41,54.0243,9737300,0,1,MMM
2004-01-16,84.95,85.87,84.81,85.48,57.4306,3635900,0,1,MMM
2004-01-15,83.7,84.53,83.1,84.3,56.6378,2599600,0,1,MMM
2004-01-14,83.13,83.97,83.1,83.7,56.2347,2088300,0,1,MMM
2004-01-13,83.05,83.45,82.51,82.88,55.6837,2159700,0,1,MMM
2004-01-12,82.54,83.31,82.2365,83.17,55.8786,2841300,0,1,MMM
2004-01-09,82.35,83.2,82.021,82.4,55.3613,3310600,0,1,MMM
2004-01-08,83.24,83.25,82.38,82.68,55.5494,3489300,0,1,MMM
2004-01-07,84.12,84.249,82.7,83.24,55.9256,4293600,0,1,MMM
2004-01-06,84.4999,84.96,84.4,84.7,56.9065,2983100,0,1,MMM
2004-01-05,83.58,85,83.32,84.96,57.0812,2985200,0,1,MMM
2004-01-02,85,85.19,83.11,83.37,56.013,2591700,0,1,MMM
2003-12-31,84.48,85.08,84.3996,85.03,57.1282,1626300,0,1,MMM
2003-12-30,84.4,84.61,84.02,84.28,56.6243,1459700,0,1,MMM
2003-12-29,84.1164,84.6,83.57,84.5,56.7721,2346300,0,1,MMM
2003-12-26,84.33,84.63,84.09,84.21,56.5773,874200,0,1,MMM
2003-12-24,84.61,84.69,84.21,84.24,56.5975,767400,0,1,MMM
2003-12-23,85.15,85.16,84.08,84.61,56.8461,2447300,0,1,MMM
2003-12-22,84.38,85.4,84.35,85.25,57.276,2860200,0,1,MMM
2003-12-19,83.55,84.74,83.55,84.07,56.4833,4551700,0,1,MMM
2003-12-18,83.5,83.5,82.9,83.43,56.0533,2912200,0,1,MMM
2003-12-17,82.99,83.51,82.52,83.46,56.0734,2022300,0,1,MMM
2003-12-16,82,83.13,82,82.98,55.7509,2464600,0,1,MMM
2003-12-15,82.54,83.44,81.75,82,55.0925,3560100,0,1,MMM
2003-12-12,81.56,82.1,80.8,81.47,54.7364,2238600,0,1,MMM
2003-12-11,81.19,81.7,80.8,81.24,54.5819,2675500,0,1,MMM
2003-12-10,82.1,82.11,80.67,80.94,54.3803,2213900,0,1,MMM
2003-12-09,82.1,82.8,81.76,82.02,55.106,2831600,0,1,MMM
2003-12-08,80.8,81.98,80.7422,81.95,55.0589,2396300,0,1,MMM
2003-12-05,80.88,81.44,80.67,80.74,54.246,2030600,0,1,MMM
2003-12-04,80.72,81.37,80.65,81.3,54.6222,2118800,0,1,MMM
2003-12-03,80.95,81.64,80.7566,80.99,54.4139,2901400,0,1,MMM
2003-12-02,81.38,81.49,80.78,80.95,54.3871,2658800,0,1,MMM
2003-12-01,79.5008,81.65,79.4,81.62,54.8372,3392100,0,1,MMM
2003-11-28,78.65,79.24,78.55,79.04,53.1038,710300,0,1,MMM
2003-11-26,79.45,79.5,78.65,79.28,53.265,1558500,0,1,MMM
2003-11-25,79.5,79.5,78.6,79.17,53.1911,2139100,0,1,MMM
2003-11-24,77.95,79.65,77.82,79.56,53.4531,2812400,0,1,MMM
2003-11-21,76.98,77.73,76.75,77.51,52.0759,2050200,0,1,MMM
2003-11-20,76.1,77.47,76,76.8,51.5988,2846000,0,1,MMM
2003-11-19,76.95,76.99,76.35,76.85,51.6324,3187500,0.33,1,MMM
2003-11-18,78.19,78.72,77.06,77.21,51.6526,2881500,0,1,MMM
2003-11-17,78.53,78.53,77.35,78.19,52.3082,2495500,0,1,MMM
2003-11-14,79.89,80.16,78.21,78.53,52.5356,2460400,0,1,MMM
2003-11-13,78.775,79.74,78.39,79.65,53.2849,1929300,0,1,MMM
2003-11-12,78.5,78.99,78.06,78.9,52.7832,2035800,0,1,MMM
2003-11-11,78.8546,78.97,78.21,78.5,52.5156,2248000,0,1,MMM
2003-11-10,79.04,79.25,78.65,78.84,52.743,1740400,0,1,MMM
2003-11-07,79.65,79.89,78.86,79.04,52.8768,2107900,0,1,MMM
2003-11-06,78.52,79.74,78.52,79.6,53.2515,2367600,0,1,MMM
2003-11-05,79.5,80,78.62,79.17,52.9638,2727200,0,1,MMM
2003-11-04,78.65,79.79,78.49,79.5,53.1846,2903000,0,1,MMM
2003-11-03,78.96,79.333,78.47,78.79,52.7096,2807900,0,1,MMM
2003-10-31,78.06,79.3,78.03,78.87,52.7631,3065000,0,1,MMM
2003-10-30,77.57,78.47,77.57,78.06,52.2212,2576500,0,1,MMM
2003-10-29,77.25,77.84,76.7,77.57,51.8934,2411300,0,1,MMM
2003-10-28,76.23,77.35,75.9,77.25,51.6793,3359900,0,1,MMM
2003-10-27,75.68,76.13,75.53,75.74,50.6692,2247900,0,1,MMM
2003-10-24,75.93,76.13,75.14,75.68,50.629,2162800,0,1,MMM
2003-10-23,75.82,76.1336,75.27,75.93,50.7963,2335300,0,1,MMM
2003-10-22,75.48,76.18,75.12,75.82,50.7227,3724100,0,1,MMM
2003-10-21,75.97,76.05,75.27,75.5,50.5086,3233700,0,1,MMM
2003-10-20,75.7,75.7,73.46,75.48,50.4952,5653900,0,1,MMM
2003-10-17,73.69,74.13,73.29,74.05,49.5386,3074500,0,1,MMM
2003-10-16,73.8,74.2974,73.27,73.59,49.2308,3149000,0,1,MMM
2003-10-15,74.75,74.76,73.52,73.7,49.3044,2771500,0,1,MMM
2003-10-14,74.33,74.6722,73.73,74.67,49.9533,2112200,0,1,MMM
2003-10-13,74.55,74.85,74.14,74.52,49.853,1941100,0,1,MMM
2003-10-10,74,74.6496,73.9,74.04,49.5319,2845000,0,1,MMM
2003-10-09,73.4,74.2876,73.26,74.14,49.5988,3751700,0,1,MMM
2003-10-08,73.31,73.31,72.46,72.7,48.6354,2040300,0,1,MMM
2003-10-07,72.8385,73.32,72.5,73.3,49.0368,2216000,0,1,MMM
2003-10-06,73.03,73.5,72.52,72.94,48.796,2782800,0,1,MMM
2003-10-03,73.15,74.05,72.92,73.03,48.8562,5580200,0,1,MMM
2003-10-02,71,71.49,70.55,71.28,47.6855,2874100,0,1,MMM
2003-10-01,69.94,70.95,69.8,70.9,47.4312,4448900,0,1,MMM
2003-09-30,69.9,70.27,68.94,69.07,46.207,5201200,0,2,MMM
2003-09-29,143.2,143.21,140,140.54,47.0098,17487400,0,1,MMM
2003-09-26,143.15,144.35,142.85,143.45,47.9832,6336000,0,1,MMM
2003-09-25,141.15,142.18,141,141.61,47.3677,3614600,0,1,MMM
2003-09-24,142.65,142.73,140.96,141.15,47.2139,3189400,0,1,MMM
2003-09-23,142,142.99,141.92,142.75,47.7491,2897600,0,1,MMM
2003-09-22,141.05,142.6162,141.05,142.12,47.5383,3975000,0,1,MMM
2003-09-19,141.85,142.95,140.55,141.98,47.4915,5031400,0,1,MMM
2003-09-18,140.5,142.15,140.27,141.85,47.448,2997200,0,1,MMM
2003-09-17,140.81,141.55,140.2,140.27,46.9195,3514400,0,1,MMM
2003-09-16,138.68,140.8,138.65,140.8,47.0968,3249000,0,1,MMM
2003-09-15,138.55,139.122,137.46,138.43,46.304,3579400,0,1,MMM
2003-09-12,138.35,139.24,137.75,138.23,46.2371,4366000,0,1,MMM
2003-09-11,136.67,139.63,136.67,138.89,46.4579,4233800,0,1,MMM
2003-09-10,137.41,137.9,136.31,136.6,45.6919,3919000,0,1,MMM
2003-09-09,137.6,139.31,137.29,137.41,45.9628,4290400,0,1,MMM
2003-09-08,139.2,139.2,137.15,137.98,46.1535,5128400,0,1,MMM
2003-09-05,139.45,139.7,137.64,138.68,46.3876,5267000,0,1,MMM
2003-09-04,142.62,142.75,139.76,140,46.8292,5643200,0,1,MMM
2003-09-03,140.15,142.82,139.92,142.61,47.7022,5978400,0,1,MMM
2003-09-02,141,141.59,139.93,140.15,46.8793,6536400,0,1,MMM
2003-08-29,142.25,142.74,141.6,142.47,47.6554,2250600,0,1,MMM
2003-08-28,142.7,143,141.38,142.25,47.5818,2768800,0,1,MMM
2003-08-27,143.8994,144.1,142.92,142.95,47.8159,2502800,0,1,MMM
2003-08-26,143.38,144.4,142.6115,144.14,48.214,2360200,0,1,MMM
2003-08-25,143.67,143.93,142.88,143.37,47.9564,2286600,0,1,MMM
2003-08-22,145.7,145.7,143.51,143.52,48.0066,4036800,0,1,MMM
2003-08-21,144.05,145.4,144,144.69,48.3979,3226800,0,1,MMM
2003-08-20,144.45,144.45,143.11,143.82,48.1069,2944000,0.33,1,MMM
2003-08-19,144.35,144.65,143.21,144.45,48.0969,3261400,0,1,MMM
2003-08-18,142.5,144.85,142.5,144.34,48.0603,3627400,0,1,MMM
2003-08-15,142.85,142.85,141.4,142.66,47.5009,2503600,0,1,MMM
2003-08-14,143.3,143.3012,140.59,142.14,47.3278,6521600,0,1,MMM
2003-08-13,143.98,144.85,143.98,144.5,48.1136,5373000,0,1,MMM
2003-08-12,142,144.05,141.57,143.97,47.9371,5247400,0,1,MMM
2003-08-11,139.95,141.9,139.62,141.9,47.2478,5559800,0,1,MMM
2003-08-08,138.86,139.95,138.5,139.95,46.5986,2708400,0,1,MMM
2003-08-07,137.96,139.03,137.7679,138.85,46.2323,3327600,0,1,MMM
2003-08-06,138.7,139.29,138.03,138.21,46.0192,3449600,0,1,MMM
2003-08-05,139.92,140.34,138.8,138.95,46.2656,3298000,0,1,MMM
2003-08-04,139.0133,140.4,138.031,140.12,46.6552,3579000,0,1,MMM
2003-08-01,139.4,140.2509,138.9,139.01,46.2856,3661400,0,1,MMM
2003-07-31,139.6,141.64,139.59,140.2,46.6818,4318000,0,1,MMM
2003-07-30,139.5602,139.95,138.66,139.4,46.4154,3855200,0,1,MMM
2003-07-29,140.55,140.87,139.29,139.55,46.4654,4026600,0,1,MMM
2003-07-28,140.8,141.25,140.26,140.98,46.9415,5760400,0,1,MMM
2003-07-25,139.36,141.5,138.92,141.4,47.0813,5304800,0,1,MMM
2003-07-24,139,140.05,138.63,139.35,46.3988,6890600,0,1,MMM
2003-07-23,137.65,138.75,136.04,138.75,46.199,4040800,0,1,MMM
2003-07-22,136.36,137.78,135.26,137.65,45.8327,7348600,0,1,MMM
2003-07-21,132.4528,136.74,132.45,136.35,45.3999,13116800,0,1,MMM
2003-07-18,128.5,130.1783,127.55,130.18,43.3455,6146200,0,1,MMM
2003-07-17,127,127.95,126.8,127.32,42.3932,3848600,0,1,MMM
2003-07-16,128.2,128.37,126.95,127.62,42.4931,2839800,0,1,MMM
2003-07-15,129.96,129.9587,127.56,128.09,42.6496,4260600,0,1,MMM
2003-07-14,130.32,130.94,128.62,128.96,42.9393,3886200,0,1,MMM
2003-07-11,128.9,129.82,128.64,129.24,43.0325,2292000,0,1,MMM
2003-07-10,129,129.85,128.52,128.9,42.9193,3500400,0,1,MMM
2003-07-09,129.85,130.06,128.57,129.32,43.0591,2872200,0,1,MMM
2003-07-08,129.87,130.25,128.39,129.8,43.219,3922000,0,1,MMM
2003-07-07,129.37,130.99,129.3,130.12,43.3255,5117800,0,1,MMM
2003-07-03,129,129.518,128,128.38,42.7462,2067600,0,1,MMM
2003-07-02,128.8967,129.9,128.68,129.89,43.2489,2362600,0,1,MMM
2003-07-01,128.98,128.98,127.03,128.88,42.9126,3436200,0,1,MMM
2003-06-30,128.75,129.5,127.8,128.98,42.9459,3609600,0,1,MMM
2003-06-27,130.25,130.35,128.27,128.61,42.8227,2756400,0,1,MMM
2003-06-26,129.05,130.53,128.92,130.3,43.3854,2862600,0,1,MMM
2003-06-25,129.93,131.24,129.01,129.3,43.0525,3813000,0,1,MMM
2003-06-24,129.57,130.55,129.5,129.92,43.2589,3020200,0,1,MMM
2003-06-23,130.78,130.78,129.05,129.57,43.1424,3666200,0,1,MMM
2003-06-20,132.05,132.28,130.2,130.78,43.5453,6912000,0,1,MMM
2003-06-19,131.75,133.9,130.84,131.41,43.755,6436600,0,1,MMM
2003-06-18,130.48,131.95,129.53,131.74,43.8649,6107400,0,1,MMM
2003-06-17,130.48,130.48,129.01,130.08,43.3122,3959600,0,1,MMM
2003-06-16,128.42,130.4754,128.35,130.48,43.4454,4161800,0,1,MMM
2003-06-13,128.5,128.63,127.52,127.8,42.553,3947800,0,1,MMM
2003-06-12,128.5,128.9,126.5,128.36,42.7395,3433200,0,1,MMM
2003-06-11,126.03,127.96,126,127.96,42.6063,2917800,0,1,MMM
2003-06-10,126.95,127,125.05,126.21,42.0236,2985800,0,1,MMM
2003-06-09,126.41,127.46,125.06,126.21,42.0236,2966400,0,1,MMM
2003-06-06,127.25,128.5,126.4,126.4,42.0869,5573000,0,1,MMM
2003-06-05,125.81,126.71,124.5,125.66,41.8405,3997600,0,1,MMM
2003-06-04,126,127.6,125.41,127,42.2867,3890400,0,1,MMM
2003-06-03,125.1,126.34,124.99,126.18,42.0136,3053000,0,1,MMM
2003-06-02,127.25,127.6666,124.86,125,41.6207,4307200,0,1,MMM
2003-05-30,124,126.51,123.91,126.47,42.1102,5376000,0,1,MMM
2003-05-29,125.26,125.99,123.05,123.32,41.0614,4450200,0,1,MMM
2003-05-28,126.74,126.74,124.55,125.01,41.6241,4205600,0,1,MMM
2003-05-27,123.5,126.38,122.64,126.1,41.987,3930400,0,1,MMM
2003-05-23,125.02,125.02,123.38,123.5,41.1213,2602400,0,1,MMM
2003-05-22,123.5,125.27,123.45,124.77,41.5441,4662400,0,1,MMM
2003-05-21,124.12,124.44,122.4955,123.27,41.0447,4121600,0.33,1,MMM
2003-05-20,124.85,124.96,123.47,124.77,41.3244,4507200,0,1,MMM
2003-05-19,125.2,125.46,123.91,123.98,41.0627,3639200,0,1,MMM
2003-05-16,125.86,126.3,125.1,125.45,41.5496,5100800,0,1,MMM
2003-05-15,123.22,125.97,123.22,125.85,41.6821,5331400,0,1,MMM
2003-05-14,124,124.0924,122.27,123.16,40.7912,3886600,0,1,MMM
2003-05-13,123.56,124.51,122.89,123.47,40.8938,3742200,0,1,MMM
2003-05-12,122.8214,124.9,121.62,124.45,41.2184,4550800,0,1,MMM
2003-05-09,123.2495,123.74,122.498,122.81,40.6752,5528000,0,1,MMM
2003-05-08,121.52,124.09,120.51,123.08,40.7647,6604400,0,1,MMM
2003-05-07,122.83,122.83,121.05,121.51,40.2447,6594800,0,1,MMM
2003-05-06,124.81,124.81,121.85,122.82,40.6785,7668000,0,1,MMM
2003-05-05,126.15,126.55,124.14,124.81,41.3376,3858600,0,1,MMM
2003-05-02,124,126.36,123.98,126.15,41.7814,4067200,0,1,MMM
2003-05-01,126.04,126.0289,124.19,124.9,41.3674,4541000,0,1,MMM
2003-04-30,126.97,126.97,125.3,126.04,41.745,6427400,0,1,MMM
2003-04-29,126.8,127.61,126.04,126.97,42.053,4441800,0,1,MMM
2003-04-28,123.13,127.05,122.64,126.8,41.9967,6930000,0,1,MMM
2003-04-25,125.18,125.73,122.59,122.9,40.705,7243400,0,1,MMM
2003-04-24,127.8,127.8,125.51,125.72,41.639,7519400,0,1,MMM
2003-04-23,129.6066,129.67,127.52,127.8,42.3279,5964400,0,1,MMM
2003-04-22,128.95,129.81,127.61,129.75,42.9738,7232400,0,1,MMM
2003-04-21,130.03,131.181,129.26,129.83,43.0003,6073400,0,1,MMM
2003-04-17,129.01,130.45,127.99,129.98,43.05,7316200,0,1,MMM
2003-04-16,133.6404,133.64,128.14,129,42.7254,10524600,0,1,MMM
2003-04-15,133,133.75,131.72,133.64,44.2622,5021800,0,1,MMM
2003-04-14,132.92,133.73,131.92,133.24,44.1297,4219600,0,1,MMM
2003-04-11,132.79,134.49,132.31,132.91,44.0204,4490400,0,1,MMM
2003-04-10,131.61,133.28,131.52,132.78,43.9773,3534800,0,1,MMM
2003-04-09,133.48,134.73,131.5479,131.61,43.5898,4636600,0,1,MMM
2003-04-08,132.57,133.9,132.21,133.48,44.2092,4860200,0,1,MMM
2003-04-07,134.95,136.75,132.26,132.56,43.9045,7657200,0,1,MMM
2003-04-04,133.86,134.58,132.58,133.98,44.3748,5309200,0,1,MMM
2003-04-03,133.67,134.92,133.14,133.85,44.3317,4681000,0,1,MMM
2003-04-02,132.3,134.5,132.24,133.66,44.2688,5502200,0,1,MMM
2003-04-01,130.04,131.64,129.6,130.84,43.3348,5949800,0,1,MMM
2003-03-31,127.92,130.99,127.92,130.03,43.0665,5498800,0,1,MMM
2003-03-28,131.66,131.92,130.05,130.51,43.2255,3907800,0,1,MMM
2003-03-27,130.55,132.62,129.88,131.66,43.6064,4418600,0,1,MMM
2003-03-26,132.31,132.37,130.76,131.73,43.6296,4827200,0,1,MMM
2003-03-25,130.58,133.39,130.29,132.3,43.8183,6462400,0,1,MMM
2003-03-24,132.1,132.62,130.29,130.58,43.2487,7008000,0,1,MMM
2003-03-21,131.45,134.95,130.61,134.37,44.5039,9234600,0,1,MMM
2003-03-20,129.7337,131.23,127.77,130.61,43.2586,7166800,0,1,MMM
2003-03-19,129.97,129.97,127.97,129.73,42.9672,5885200,0,1,MMM
2003-03-18,128.46,129.97,128.25,129.97,43.0467,6156400,0,1,MMM
2003-03-17,125.3,129.65,124.53,129.5,42.891,7795200,0,1,MMM
2003-03-14,125.7,126.67,124.72,125.55,41.5827,5838400,0,1,MMM
2003-03-13,123,125.51,122.51,125.43,41.543,6831800,0,1,MMM
2003-03-12,121.17,121.74,119.46,121.46,40.2281,5866200,0,1,MMM
2003-03-11,121.68,122.83,120.96,121.01,40.0791,4989400,0,1,MMM
2003-03-10,123.6,124.04,121.48,121.68,40.301,4439000,0,1,MMM
2003-03-07,123,124.8644,122.33,124.5,41.235,5674600,0,1,MMM
2003-03-06,124.8462,125.14,123.03,123.48,40.8971,4685000,0,1,MMM
2003-03-05,123.8395,125.12,123.17,125.1,41.4337,4691400,0,1,MMM
2003-03-04,124.85,125.06,123.2,123.7,40.97,4286200,0,1,MMM
2003-03-03,125.85,127,124.7752,124.76,41.3211,3150400,0,1,MMM
2003-02-28,126.41,127.05,124.25,125.37,41.5231,4763600,0,1,MMM
2003-02-27,125.6,126.68,124.84,126.18,41.7914,4367400,0,1,MMM
2003-02-26,125.7,126,124.5564,124.8,41.3343,3870000,0,1,MMM
2003-02-25,125.03,125.7,123.0624,125.7,41.6324,5993600,0,1,MMM
2003-02-24,126.86,126.86,124.83,125.02,41.4072,3945000,0,1,MMM
2003-02-21,125.5,126.85,124.65,126.85,42.0133,5295200,0,1,MMM
2003-02-20,126,126.09,124.5,124.85,41.3509,3551200,0,1,MMM
2003-02-19,126.62,126.74,124.81,125.87,41.6887,3434400,0.33,1,MMM
2003-02-18,125.13,127.49,125.13,126.61,41.7152,5251800,0,1,MMM
2003-02-14,123.19,125.12,122.33,125.09,41.2144,6224000,0,1,MMM
2003-02-13,122.5,123.17,120.25,122.41,40.3314,5132000,0,1,MMM
2003-02-12,123.45,124.05,122.24,122.25,40.2787,3754000,0,1,MMM
2003-02-11,124.49,124.96,123,123.08,40.5522,3663000,0,1,MMM
2003-02-10,122.48,123.98,121.67,123.67,40.7465,3698600,0,1,MMM
2003-02-07,123.5,123.94,122.07,122.48,40.3545,3598600,0,1,MMM
2003-02-06,123.38,123.85,122.39,123.02,40.5324,3813000,0,1,MMM
2003-02-05,123.98,125.11,123,123.14,40.5719,4242800,0,1,MMM
2003-02-04,124.3,124.5,122.45,123.1,40.5587,5291400,0,1,MMM
2003-02-03,125.61,125.99,124.53,124.99,41.1815,5096000,0,1,MMM
2003-01-31,123.66,126.42,123.6085,124.55,41.0365,5861800,0,1,MMM
2003-01-30,126.35,126.89,123.91,123.91,40.8256,5023800,0,1,MMM
2003-01-29,125.325,127.1,123.3565,126.6,41.7119,4736000,0,1,MMM
2003-01-28,125.2485,126.05,124.85,125.83,41.4582,3648200,0,1,MMM
2003-01-27,125.9,127.18,125.06,125.08,41.2111,4903400,0,1,MMM
2003-01-24,128.25,128.58,126.25,126.35,41.6296,4780000,0,1,MMM
2003-01-23,127.5,129.14,127.1,128.97,42.4928,5275200,0,1,MMM
2003-01-22,125.65,128.12,125.65,127.5,42.0084,6220800,0,1,MMM
2003-01-21,126.9,127.23,125.26,125.64,41.3956,4441400,0,1,MMM
2003-01-17,125.6,126.46,125.18,126.32,41.6197,4052600,0,1,MMM
2003-01-16,127.65,127.971,126.22,126.65,41.7284,3131600,0,1,MMM
2003-01-15,127.99,128.3,126.32,127.02,41.8503,3286200,0,1,MMM
2003-01-14,126.7,128.25,126.35,127.98,42.1666,4068200,0,1,MMM
2003-01-13,126.6,127.9779,125.51,126.54,41.6922,3172800,0,1,MMM
2003-01-10,126.4,127.38,125.85,126.62,41.7185,3984000,0,1,MMM
2003-01-09,126,127.8,125.56,127.69,42.071,3804000,0,1,MMM
2003-01-08,126.8,126.8,125.16,125.7,41.4154,4605600,0,1,MMM
2003-01-07,126.3,127.85,126.3,127.07,41.8668,4320600,0,1,MMM
2003-01-06,125.7,127.39,125.52,127.19,41.9063,3824600,0,1,MMM
2003-01-03,126.25,126.74,125.73,126.27,41.6032,2754400,0,1,MMM
2003-01-02,123.32,126.75,123.05,126.75,41.7613,4358200,0,1,MMM
2002-12-31,123.2,123.37,121.55,123.3,40.6246,3104200,0,1,MMM
2002-12-30,121.3606,123.477,121.02,122.95,40.5093,3033200,0,1,MMM
2002-12-27,123.24,123.43,121.25,121.34,39.9789,2322200,0,1,MMM
2002-12-26,123.44,125.18,122.66,123.23,40.6016,2062000,0,1,MMM
2002-12-24,123.2,124.1,123.15,123.43,40.6675,1021800,0,1,MMM
2002-12-23,123.9,124.25,123,123.56,40.7103,2425000,0,1,MMM
2002-12-20,121.19,124.4,121.1,124.13,40.8981,6973000,0,1,MMM
2002-12-19,120.61,122.3,120.3,120.3,39.6362,5632400,0,1,MMM
2002-12-18,120.75,121.4,119.9813,120.86,39.8207,4440000,0,1,MMM
2002-12-17,123.45,123.5833,121.37,121.5,40.0316,4177800,0,1,MMM
2002-12-16,121.91,123.67,121.91,123.65,40.7399,4889800,0,1,MMM
2002-12-13,123.27,123.2935,121.52,121.77,40.1205,3490800,0,1,MMM
2002-12-12,125.3,125.3,123.52,123.65,40.7399,3134200,0,1,MMM
2002-12-11,125.1,125.73,124,124.71,41.0892,3180200,0,1,MMM
2002-12-10,124.35,125.3,123.37,125.1,41.2177,3715400,0,1,MMM
2002-12-09,126.11,126.15,124.02,124.05,40.8717,3277800,0,1,MMM
2002-12-06,124.95,126.58,124.55,126.1,41.5472,3184200,0,1,MMM
2002-12-05,128.18,128.6,125.55,125.9,41.4813,3771400,0,1,MMM
2002-12-04,128.02,128.92,127.1,128,42.1732,3522600,0,1,MMM
2002-12-03,127.6021,129.08,127.55,128.2,42.2391,3117000,0,1,MMM
2002-12-02,130.3,130.48,126.85,128.35,42.2885,4538400,0,1,MMM
2002-11-29,129.5,130.09,128.8935,129.85,42.7827,1588000,0,1,MMM
2002-11-27,126.89,129.75,126.2006,129.63,42.7102,4127000,0,1,MMM
2002-11-26,126.75,127.9,125.4,125.4,41.3165,5330800,0,1,MMM
2002-11-25,129.1,130.35,127.76,128.65,42.3873,4967800,0,1,MMM
2002-11-22,130.98,131.55,129.4,129.73,42.7432,4577000,0,1,MMM
2002-11-21,128.72,130.98,128.6,130.98,43.155,6488600,0,1,MMM
2002-11-20,127.45,128.74,126.65,128.71,42.4071,3757400,0.31,1,MMM
2002-11-19,127.74,128.9032,126.821,128.02,41.9755,3734600,0,1,MMM
2002-11-18,129.51,130.23,127.15,127.5,41.805,4322400,0,1,MMM
2002-11-15,128.9959,129.5,128.14,129.5,42.4608,7480800,0,1,MMM
2002-11-14,129.025,130.38,129.02,130,42.6247,6005800,0,1,MMM
2002-11-13,126.81,129.3,126.66,128.68,42.1919,4947400,0,1,MMM
2002-11-12,126.56,129.39,126.56,127.81,41.9066,5242800,0,1,MMM
2002-11-11,128.3112,128.3,126.14,126.36,41.4312,3246400,0,1,MMM
2002-11-08,128.37,129.29,127.2635,128.29,42.064,4199600,0,1,MMM
2002-11-07,130.5,130.5,128.03,128.6,42.1657,3916000,0,1,MMM
2002-11-06,128.98,130.8,127.6,130.49,42.7854,4764800,0,1,MMM
2002-11-05,128.38,129.28,127.7,128.84,42.2444,3343800,0,1,MMM
2002-11-04,129.1,130.89,128.05,128.3,42.0673,6080600,0,1,MMM
2002-11-01,126.69,128.6,125.55,128.05,41.9853,3834400,0,1,MMM
2002-10-31,127.33,127.95,125.82,126.94,41.6214,3923400,0,1,MMM
2002-10-30,125.75,127.84,125,127.33,41.7493,4005000,0,1,MMM
2002-10-29,125,126.105,123,125.75,41.2312,5026800,0,1,MMM
2002-10-28,128.31,128.75,125,125.37,41.1066,4039000,0,1,MMM
2002-10-25,125.2609,127.8,124.9,127.73,41.8804,4409600,0,1,MMM
2002-10-24,129.75,129.8,125.15,125.73,41.2246,6542600,0,1,MMM
2002-10-23,127.8,129.59,127.05,129.36,42.4149,5557400,0,1,MMM
2002-10-22,128,128.99,126.0869,128.79,42.228,6616400,0,1,MMM
2002-10-21,124.12,129,123.43,129,42.2968,8997000,0,1,MMM
2002-10-18,124,125.5,123.2596,125.31,41.0869,4869600,0,1,MMM
2002-10-17,125.28,126.5,124.05,125.08,41.0115,5205400,0,1,MMM
2002-10-16,125,125,122.58,123.31,40.4312,6082600,0,1,MMM
2002-10-15,121.99,125.25,121.99,125.25,41.0673,7960000,0,1,MMM
2002-10-14,119.9,121.8913,119.55,120.95,39.6574,4810200,0,1,MMM
2002-10-11,117.6,120.6,117.6,120.6,39.5426,7082800,0,1,MMM
2002-10-10,112.33,116.99,111.85,116.55,38.2147,7862200,0,1,MMM
2002-10-09,112.79,114.35,111.35,112.32,37.0441,8268000,0,1,MMM
2002-10-08,112.25,115.48,110.89,113.77,37.3032,9842000,0,1,MMM
2002-10-07,114.51,115.99,110.87,110.88,36.3556,7135200,0,1,MMM
2002-10-04,115.02,116.18,112.81,114.5,37.5425,6564800,0,1,MMM
2002-10-03,114.48,117.3,113.64,115.02,37.713,6002800,0,1,MMM
2002-10-02,116.29,116.29,114.25,114.47,37.5327,7531600,0,1,MMM
2002-10-01,110.75,116.61,110.75,116.28,38.1262,8194000,0,1,MMM
2002-09-30,112.55,112.55,108.45,109.97,36.0572,9548800,0,1,MMM
2002-09-27,115.76,115.76,111.811,112.55,36.9032,6098200,0,1,MMM
2002-09-26,113.3118,116.4,113.3,115.75,37.9524,10742200,0,1,MMM
2002-09-25,114.5,114.91,111.7,113.3,37.1491,10163400,0,1,MMM
2002-09-24,116.01,117.0571,112.8,113.13,37.0933,7701400,0,1,MMM
2002-09-23,117.9,118.48,116,117.49,38.5229,4712400,0,1,MMM
2002-09-20,118.196,119.999,117.35,119.46,39.1688,7759400,0,1,MMM
2002-09-19,116.75,119.98,116.7,117.19,38.4245,6402000,0,1,MMM
2002-09-18,116.66,119.749,115.55,118.35,38.8049,5877000,0,1,MMM
2002-09-17,120.32,120.6,116.12,116.67,38.254,5560800,0,1,MMM
2002-09-16,120.0414,120.25,118.55,119.06,39.0377,4202400,0,1,MMM
2002-09-13,122.34,122.34,119.07,119.83,39.2901,6484200,0,1,MMM
2002-09-12,123.74,123.74,121.95,122.33,40.1098,4624400,0,1,MMM
2002-09-11,127.15,127.15,123.7,123.9,40.6246,3480400,0,1,MMM
2002-09-10,124.06,125.25,123.24,125.19,41.0476,3130000,0,1,MMM
2002-09-09,122.38,124.43,121.51,124.06,40.6771,2770400,0,1,MMM
2002-09-06,121.0461,123.54,121.05,122.63,40.2082,2982400,0,1,MMM
2002-09-05,119.0031,121.37,118.42,120.73,39.5852,4726000,0,1,MMM
2002-09-04,120.1,121.4128,118.31,120.65,39.559,5602200,0,1,MMM
2002-09-03,123.65,123.79,119.93,120.03,39.3557,5086600,0,1,MMM
2002-08-30,124.6,126.32,124.31,124.95,40.9689,2891400,0,1,MMM
2002-08-29,124.2,125.84,123.351,124.65,40.8705,3817400,0,1,MMM
2002-08-28,126.15,126.49,124.4,124.98,40.9787,3087000,0,1,MMM
2002-08-27,128.5,128.88,126.05,126.88,41.6017,3979000,0,1,MMM
2002-08-26,126.51,127.7,125.01,127.25,41.723,2829600,0,1,MMM
2002-08-23,125.96,127.85,125.5,126.28,41.405,3203000,0,1,MMM
2002-08-22,128.48,128.83,125.79,127.23,41.7165,4742800,0,1,MMM
2002-08-21,129,129.48,127.1,128.79,42.228,4123800,0.31,1,MMM
2002-08-20,128.5,129.29,127.25,128.89,42.0575,4478600,0,1,MMM
2002-08-19,126.3384,129.4,126.11,129.3,42.1912,4467200,0,1,MMM
2002-08-16,126.55,127.65,125.3,126.58,41.3037,4568200,0,1,MMM
2002-08-15,126.5,127.9504,125.11,126.8,41.3755,6212200,0,1,MMM
2002-08-14,124,126.69,121.01,126.53,41.2874,8334000,0,1,MMM
2002-08-13,125,126.87,123.5553,124,40.4618,6027600,0,1,MMM
2002-08-12,125,125.99,123.16,125.63,40.9937,4786400,0,1,MMM
2002-08-09,125.4455,127.1,124.08,126.15,41.1634,4169600,0,1,MMM
2002-08-08,122.34,126.25,122.1,126.2,41.1797,5526200,0,1,MMM
2002-08-07,122.99,124.25,119.91,123.8,40.3966,6282800,0,1,MMM
2002-08-06,118.4,123.09,117.5,121.31,39.5841,7741800,0,1,MMM
2002-08-05,118.5,119.8,116.5,116.7,38.0798,4950400,0,1,MMM
2002-08-02,121.6,122.951,117.89,119.87,39.1142,6358800,0,1,MMM
2002-08-01,125.2494,125.55,121.81,122.13,39.8516,5790200,0,1,MMM
2002-07-31,124.45,126.07,122.8,125.83,41.059,7425600,0,1,MMM
2002-07-30,126.61,127.55,123.5,125.49,40.948,7853000,0,1,MMM
2002-07-29,121.7,127,121.61,126.66,41.3298,6632800,0,1,MMM
2002-07-26,119.95,121.5,119,120.85,39.434,5789000,0,1,MMM
2002-07-25,119.51,121.99,116.5,119.95,39.1403,10389800,0,1,MMM
2002-07-24,111.77,119.95,110.66,119.72,39.0652,11071000,0,1,MMM
2002-07-23,111,113.75,110.0412,111.76,36.4679,10135000,0,1,MMM
2002-07-22,109.79,113.15,108.2,109,35.5673,12608600,0,1,MMM
2002-07-19,116.65,116.6545,108.88,108.88,35.5281,9727000,0,1,MMM
2002-07-18,117.35,118.4,115.98,116.65,38.0635,6325400,0,1,MMM
2002-07-17,117.8,118.47,115.6,117.46,38.3278,5661200,0,1,MMM
2002-07-16,117.4978,118.86,115,115.9,37.8188,6432000,0,1,MMM
2002-07-15,119.9,119.91,114.86,118.89,38.7944,9856600,0,1,MMM
2002-07-12,122.4,123.3515,120.1,120.87,39.4405,6010800,0,1,MMM
2002-07-11,122.2,124.02,120.26,121.4,39.6134,7696600,0,1,MMM
2002-07-10,128,128.46,123.98,124,40.4618,6210600,0,1,MMM
2002-07-09,129.15,130.09,127.68,128,41.7671,4564600,0,1,MMM
2002-07-08,129.6,129.95,128.35,129.15,42.1423,4487600,0,1,MMM
2002-07-05,127.5,129.87,126.6,129.87,42.3772,1833000,0,1,MMM
2002-07-03,125.77,127,123.1,126.1,41.1471,4477400,0,1,MMM
2002-07-02,127.3975,127.5,125.36,125.77,41.0394,5736600,0,1,MMM
2002-07-01,125.75,128.72,125.5,127.4,41.5713,7480800,0,1,MMM
2002-06-28,124.15,125.2,123,123,40.1355,4014400,0,1,MMM
2002-06-27,122.6203,125.17,121.9,125.17,40.8436,3947200,0,1,MMM
2002-06-26,120.75,122.87,119.38,122.42,39.9463,4717400,0,1,MMM
2002-06-25,124.98,125.85,122.4,122.61,40.0083,3504400,0,1,MMM
2002-06-24,124.01,124.99,122.2226,124.12,40.501,4076200,0,1,MMM
2002-06-21,125.7,127,123.5,124,40.4618,5587400,0,1,MMM
2002-06-20,127.35,128.9,126.35,126.81,41.3787,3165800,0,1,MMM
2002-06-19,128.02,129.6,127.2972,127.75,41.6855,3921000,0,1,MMM
2002-06-18,127.37,128.5,126.56,128.5,41.9302,2182600,0,1,MMM
2002-06-17,126,127.18,125.05,127.1,41.4734,2909800,0,1,MMM
2002-06-14,125,126.19,122.9,126.05,41.1308,4126800,0,1,MMM
2002-06-13,127.3,127.5,125.12,125.8,41.0492,2358800,0,1,MMM
2002-06-12,125.25,127.5478,124.35,127.55,41.6202,3430200,0,1,MMM
2002-06-11,126,127.5,125.32,125.48,40.9448,3389200,0,1,MMM
2002-06-10,124.41,126.35,124,126,41.1144,2967400,0,1,MMM
2002-06-07,121.9,124.84,121.9,124.44,40.6054,2961200,0,1,MMM
2002-06-06,125.98,126.1,123.33,123.55,40.315,3202000,0,1,MMM
2002-06-05,125,126.6983,124.79,125.73,41.0263,2892800,0,1,MMM
2002-06-04,124.45,125.18,123.65,125.08,40.8142,3229000,0,1,MMM
2002-06-03,125.18,126.48,124.03,124.45,40.6087,3623600,0,1,MMM
2002-05-31,125.6,127,125.43,125.43,40.9285,2961400,0,1,MMM
2002-05-30,125,126.39,124.8339,125.1,40.8208,3245600,0,1,MMM
2002-05-29,127.49,127.98,125,125,40.7881,4740000,0,1,MMM
2002-05-28,129,129.2,126.7645,126.78,41.369,2714800,0,1,MMM
2002-05-24,129.07,129.39,127.92,127.95,41.7507,2980600,0,1,MMM
2002-05-23,128.5,129.19,127.82,128.49,41.9269,6152400,0,1,MMM
2002-05-22,126.95,127.97,126.2,127.54,41.617,2089400,0.31,1,MMM
2002-05-21,128.3,129.19,126.65,126.98,41.2319,2843400,0,1,MMM
2002-05-20,129.82,129.82,127.78,128.24,41.6411,2666600,0,1,MMM
2002-05-17,128.97,130.14,128.61,130.07,42.2353,2933200,0,1,MMM
2002-05-16,129.5,130.6,128.71,129.41,42.021,2618800,0,1,MMM
2002-05-15,129.51,130.09,128.8,129.5,42.0502,3493400,0,1,MMM
2002-05-14,129.15,129.9865,128,129.99,42.2093,4717800,0,1,MMM
2002-05-13,126.98,128.75,126.37,128.5,41.7255,3922800,0,1,MMM
2002-05-10,126.4,127.95,126.4,126.9,41.2059,4127800,0,1,MMM
2002-05-09,125.93,127.23,125.77,126.3,41.0111,3004200,0,1,MMM
2002-05-08,125.6,127.2,125.55,126.18,40.9722,3936000,0,1,MMM
2002-05-07,123.9658,125.9,123.29,124.29,40.3584,4415000,0,1,MMM
2002-05-06,126.1,126.99,124.22,124.22,40.3357,3217800,0,1,MMM
2002-05-03,126.2,127,125.05,127,41.2384,3572200,0,1,MMM
2002-05-02,125.98,127.4,125.98,127.16,41.2904,3714600,0,1,MMM
2002-05-01,125.8,126.8,123,126,40.9137,3874200,0,1,MMM
2002-04-30,122.64,126.54,122.64,125.8,40.8488,3116000,0,1,MMM
2002-04-29,123.72,124.35,122.5,122.64,39.8227,3056400,0,1,MMM
2002-04-26,126.95,127.099,124.3047,124.4,40.3942,3666600,0,1,MMM
2002-04-25,125,126.95,124.91,126.95,41.2222,3454600,0,1,MMM
2002-04-24,124.2,126.85,123.99,125.5,40.7513,4755800,0,1,MMM
2002-04-23,124.76,125.5,123.58,124.28,40.3552,3782200,0,1,MMM
2002-04-22,125.22,128.1,123.4,125.01,40.5922,7387800,0,1,MMM
2002-04-19,124.25,124.95,122.9,124.89,40.5533,2415200,0,1,MMM
2002-04-18,123.4,124.25,122.21,123.68,40.1604,2331600,0,1,MMM
2002-04-17,124,125,122.7,123.52,40.1084,2379600,0,1,MMM
2002-04-16,122.5,124.85,122.48,124.41,40.3974,3754000,0,1,MMM
2002-04-15,122.8,123.6,121.42,121.55,39.4687,2929800,0,1,MMM
2002-04-12,124.5,124.5,121.9441,122.22,39.6863,3803600,0,1,MMM
2002-04-11,125.14,125.8,123.6146,123.84,40.2123,5051600,0,1,MMM
2002-04-10,124.11,125.5,123.1,125.14,40.6344,5183000,0,1,MMM
2002-04-09,123.63,125.25,122.9,124.92,40.563,5830400,0,1,MMM
2002-04-08,120.93,123.98,120.81,123.63,40.1441,5231600,0,1,MMM
2002-04-05,120.4,121.95,119,121.93,39.5921,15237200,0,1,MMM
2002-04-04,113.05,114.79,112.66,114.12,37.0561,3048600,0,1,MMM
2002-04-03,113.35,114.2,112.3,112.91,36.6632,3654000,0,1,MMM
2002-04-02,115.27,115.8,113.7,114.99,37.3386,2408400,0,1,MMM
2002-04-01,115.15,115.55,113.3,115.26,37.4263,2370000,0,1,MMM
2002-03-28,115.85,116.4,112.9,115.01,37.3451,4141000,0,1,MMM
2002-03-27,116.85,117.93,116.34,116.96,37.9783,2440800,0,1,MMM
2002-03-26,115.55,117.29,115.55,116.65,37.8776,2819800,0,1,MMM
2002-03-25,116.87,117.1,115.4,115.7,37.5692,2450000,0,1,MMM
2002-03-22,117.95,117.98,115.7211,116.39,37.7932,3768600,0,1,MMM
2002-03-21,120,120.2,117,118.3,38.4134,2802000,0,1,MMM
2002-03-20,121.6,121.61,119.9076,119.9,38.933,2752600,0,1,MMM
2002-03-19,122.6,122.99,121.51,121.7,39.5174,3806200,0,1,MMM
2002-03-18,122.5,122.63,121.41,122.2,39.6798,2578800,0,1,MMM
2002-03-15,120.65,121.6,120,121.4,39.42,5668200,0,1,MMM
2002-03-14,120.15,120.99,119.3,120.59,39.157,3033800,0,1,MMM
2002-03-13,121.39,121.97,119.5,119.5,38.8031,3308400,0,1,MMM
2002-03-12,119,122.5,119,121.3,39.3876,3821200,0,1,MMM
2002-03-11,121,121.01,119.61,120.5,39.1278,3187600,0,1,MMM
2002-03-08,121.38,122.8,120.4,121.5,39.4525,3139200,0,1,MMM
2002-03-07,121.32,121.36,119.4,121.13,39.3324,3769600,0,1,MMM
2002-03-06,120.9,121.9958,120.8,121.57,39.4752,3747000,0,1,MMM
2002-03-05,121.7,123.7,119.8,120.15,39.0141,4847400,0,1,MMM
2002-03-04,119.97,123.49,119.25,123.01,39.9428,5199600,0,1,MMM
2002-03-01,117.2,120.95,117.2,120.32,39.0693,3850200,0,1,MMM
2002-02-28,119.1,119.68,117.7979,117.93,38.2933,3455800,0,1,MMM
2002-02-27,119.45,120.39,118.4,119,38.6407,4093400,0,1,MMM
2002-02-26,119.9,120.2,117.95,119.3,38.7381,5105600,0,1,MMM
2002-02-25,119,120.8,118.18,120.45,39.1115,5658200,0,1,MMM
2002-02-22,116.01,119.33,116,119,38.6407,4747200,0,1,MMM
2002-02-21,117.25,118.5,116,116,37.6666,4535000,0,1,MMM
2002-02-20,114.1,117.7,113.55,117.1,38.0237,3624000,0.31,1,MMM
2002-02-19,115.45,115.74,113.8,113.99,36.8126,3964400,0,1,MMM
2002-02-15,117.36,117.69,115.18,115.52,37.3067,4486600,0,1,MMM
2002-02-14,116,117.12,115.02,116.9,37.7523,3168200,0,1,MMM
2002-02-13,114.7,117,114.7,115.81,37.4003,2968000,0,1,MMM
2002-02-12,114,115,113.3,114.17,36.8707,2706600,0,1,MMM
2002-02-11,110.5,114.3264,110.45,114.01,36.819,4416600,0,1,MMM
2002-02-08,109.1,111.5,108.001,111.21,35.9148,7498400,0,1,MMM
2002-02-07,110.2543,111.3,109.1,109.51,35.3658,2598200,0,1,MMM
2002-02-06,109.25,110.5,108.6,109.69,35.4239,3949800,0,1,MMM
2002-02-05,109.9,110.84,108.1,108.68,35.0978,4725800,0,1,MMM
2002-02-04,112.6,112.6,109.5,109.5,35.3625,3363800,0,1,MMM
2002-02-01,111,113.36,110.5,113.27,36.5801,4746200,0,1,MMM
2002-01-31,109.87,112.96,109.65,111,35.847,4525600,0,1,MMM
2002-01-30,107.9,110.25,105.5,109.87,35.482,7653800,0,1,MMM
2002-01-29,110.5,111.24,108.28,108.65,35.0881,3756800,0,1,MMM
2002-01-28,110.55,110.95,109.46,110.54,35.6984,3059800,0,1,MMM
2002-01-25,109.3,112.53,108.7,111.23,35.9213,5438000,0,1,MMM
2002-01-24,107.3,110.1,107.3,109.46,35.3496,4580200,0,1,MMM
2002-01-23,106.65,108.2309,105.02,107.46,34.7038,4060800,0,1,MMM
2002-01-22,107.65,108.83,105.85,106.42,34.3679,4692200,0,1,MMM
2002-01-18,104.45,107.99,103.55,106.8,34.4906,8667600,0,1,MMM
2002-01-17,104.7,104.89,100,104.52,33.7543,15854000,0,1,MMM
2002-01-16,108.5,108.5,100.2,103.7,33.4895,22779600,0,1,MMM
2002-01-15,111.76,112.4,109.0921,109.5,35.3625,5943800,0,1,MMM
2002-01-14,113.79,114.1,111.4,111.76,36.0924,5101800,0,1,MMM
2002-01-11,113.2,114.47,112.51,113.79,36.748,4191400,0,1,MMM
2002-01-10,113.9521,114.7,111.11,113.2,36.5575,6459600,0,1,MMM
2002-01-09,115.3,117.08,114.42,114.65,37.0257,3140800,0,1,MMM
2002-01-08,115.9,116.07,114.5,115.05,37.1549,3065800,0,1,MMM
2002-01-07,117,117.7,115.5,115.7,37.3648,3521000,0,1,MMM
2002-01-04,116.66,117.98,116.5,117.1,37.8169,4065400,0,1,MMM
2002-01-03,116.8942,117.5,116.47,116.75,37.7039,3695800,0,1,MMM
2002-01-02,117.03,117.99,116.15,117.14,37.8299,4287000,0,1,MMM
2001-12-31,119.92,119.92,118.2,118.21,38.1754,3447800,0,1,MMM
2001-12-28,120,120.16,119.3,119.92,38.7277,2044200,0,1,MMM
2001-12-27,120.65,121.19,119.6435,120.16,38.8052,1653000,0,1,MMM
2001-12-26,119.42,121.9,119.21,120.63,38.957,2089400,0,1,MMM
2001-12-24,119.2,119.89,118.84,119.42,38.5662,929600,0,1,MMM
2001-12-21,118.5,119.35,117.903,119.2,38.4951,4210000,0,1,MMM
2001-12-20,119.7,119.75,118.15,118.48,38.2626,3302000,0,1,MMM
2001-12-19,118.4,119.88,118.05,119.8,38.6889,2367200,0,1,MMM
2001-12-18,117.5,119.92,117.5,119.5,38.592,3605600,0,1,MMM
2001-12-17,115.3,118.3,115.3,117.3,37.8815,3464400,0,1,MMM
2001-12-14,115.03,115.97,113.95,115.8,37.3971,2744200,0,1,MMM
2001-12-13,115.75,115.85,114.75,115.04,37.1517,2617400,0,1,MMM
2001-12-12,115.87,116.5,115.12,116,37.4617,3045600,0,1,MMM
2001-12-11,116.3,116.666,115.25,115.84,37.41,2426600,0,1,MMM
2001-12-10,117.76,117.99,115.0968,115.59,37.3293,3076000,0,1,MMM
2001-12-07,118.3,118.79,117.38,118.3,38.2045,2409200,0,1,MMM
2001-12-06,118.2,119.66,118,118.83,38.3756,2181200,0,1,MMM
2001-12-05,117,119.48,117,118.86,38.3853,3158000,0,1,MMM
2001-12-04,114.5,116.59,114.04,116.43,37.6006,2541200,0,1,MMM
2001-12-03,114.4,114.4,112.6912,113.87,36.7738,2315200,0,1,MMM
2001-11-30,115.2,115.611,114.55,114.58,37.0031,2455800,0,1,MMM
2001-11-29,114.5966,115.77,114.15,115.23,37.213,2707600,0,1,MMM
2001-11-28,115.25,115.84,114.2621,114.59,37.0063,2895800,0,1,MMM
2001-11-27,116.8,116.89,115.3,116.23,37.536,2774200,0,1,MMM
2001-11-26,117.24,117.25,116.04,116.95,37.7685,2420000,0,1,MMM
2001-11-23,115.55,117.47,115.43,117.25,37.8654,1178800,0,1,MMM
2001-11-21,116.14,116.3,114.85,115.35,37.2518,2526400,0,1,MMM
2001-11-20,115.35,116.99,115.35,116.15,37.5101,3083600,0.3,1,MMM
2001-11-19,115.75,117.69,115.31,116.72,37.5004,3208200,0,1,MMM
2001-11-16,115.75,116.5,114,115,36.9478,4258600,0,1,MMM
2001-11-15,114.86,115.9718,114.31,114.62,36.8258,2882000,0,1,MMM
2001-11-14,114.98,115.85,113.5212,114.86,36.9029,3650800,0,1,MMM
2001-11-13,111.55,113.95,111.5,113.41,36.437,3097200,0,1,MMM
2001-11-12,111.02,112.21,109.7,110.95,35.6466,3910000,0,1,MMM
2001-11-09,111.15,112.48,110.64,111.54,35.8362,2595200,0,1,MMM
2001-11-08,110.4811,113.05,110.5,111.4,35.7912,3475200,0,1,MMM
2001-11-07,109.38,112.19,109.29,110.45,35.486,3299000,0,1,MMM
2001-11-06,110.5,110.5,107.58,109.38,35.1422,6284600,0,1,MMM
2001-11-05,109.9,111.18,109.7,110.5,35.5021,3513400,0,1,MMM
2001-11-02,106.48,109.305,106.01,108.2,34.7631,3054600,0,1,MMM
2001-11-01,104.6342,106.57,103.4,106.27,34.143,3289200,0,1,MMM
2001-10-31,106.4,106.99,104.33,104.38,33.5358,3176400,0,1,MMM
2001-10-30,106.3,106.39,104,105.36,33.8506,4158000,0,1,MMM
2001-10-29,108.6,109.25,106.27,106.53,34.2266,4189600,0,1,MMM
2001-10-26,108.6,110,107.6,109.83,35.2868,2491400,0,1,MMM
2001-10-25,106.55,108.89,106.02,108.7,34.9238,3485800,0,1,MMM
2001-10-24,106.8,107.24,106,106.7,34.2812,3121200,0,1,MMM
2001-10-23,107.99,107.99,105.85,106.4,34.1848,4075000,0,1,MMM
2001-10-22,101,108,101,107.39,34.5029,6962200,0,1,MMM
2001-10-19,102.43,102.79,101.16,102.17,32.8258,4515800,0,1,MMM
2001-10-18,103.16,103.9,101.4,102.95,33.0764,4013800,0,1,MMM
2001-10-17,107.3,107.6,102.98,103.16,33.1438,4404600,0,1,MMM
2001-10-16,105.81,106.7656,104.9,106.2,34.1205,3437600,0,1,MMM
2001-10-15,103.69,106,103.62,105.81,33.9952,2792800,0,1,MMM
2001-10-12,105.45,106.5,103.84,104.49,33.5711,4195200,0,1,MMM
2001-10-11,103.4,107,103.297,106.14,34.1013,6248400,0,1,MMM
2001-10-10,98.58,102.9,98,101.84,32.7197,4500200,0,1,MMM
2001-10-09,98.46,99.8,97.45,98.44,31.6274,2936400,0,1,MMM
2001-10-08,99.4,99.75,97.7,98.45,31.6306,3651000,0,1,MMM
2001-10-05,99.4,100,97.64,99.74,32.045,3257200,0,1,MMM
2001-10-04,99.59,100.5,98.8,99.64,32.0129,4342600,0,1,MMM
2001-10-03,96.9,99.8,96.1,99.59,31.9968,4597800,0,1,MMM
2001-10-02,96.86,97.7,96.3,97.21,31.2322,4148000,0,1,MMM
2001-10-01,98,98.3,95.2,96.86,31.1197,5230600,0,1,MMM
2001-09-28,98,98.77,96.8,98.4,31.6145,4894000,0,1,MMM
2001-09-27,93.38,96.5,91.7,96.31,30.943,4472800,0,1,MMM
2001-09-26,93.5,93.94,92.66,93.38,30.0017,4282800,0,1,MMM
2001-09-25,91,94,90.51,93.13,29.9213,5168800,0,1,MMM
2001-09-24,86.98,92.48,86.98,91.67,29.4523,6966000,0,1,MMM
2001-09-21,90.33,92,85.86,86.98,27.9454,12220600,0,1,MMM
2001-09-20,92.45,92.8,89.5,90.32,29.0185,6416200,0,1,MMM
2001-09-19,94.5,95.3,88.5,92.45,29.7029,6716200,0,1,MMM
2001-09-18,95.5,97.2,93.35,94.14,30.2458,6034800,0,1,MMM
2001-09-17,101.57,101.58,94.42,95.45,30.6667,7105000,0,1,MMM
2001-09-10,100.78,103.9,100.41,102.2,32.8354,5046200,0,1,MMM
2001-09-07,102.81,103.3,100.77,100.78,32.3792,4707600,0,1,MMM
2001-09-06,105,105.17,103,103.9,33.3816,3272000,0,1,MMM
2001-09-05,105.04,106.3,103.46,105,33.735,4040600,0,1,MMM
2001-09-04,104.1,107.59,104.05,104.55,33.5904,4309400,0,1,MMM
2001-08-31,104.45,105.75,103.6,104.1,33.4458,2352200,0,1,MMM
2001-08-30,106.08,107.65,103.1,104.2,33.4779,3987600,0,1,MMM
2001-08-29,109.4038,110,106.21,106.75,34.2972,3602200,0,1,MMM
2001-08-28,110.05,110.2,108.4,109.3,35.1165,2438800,0,1,MMM
2001-08-27,111.48,111.52,110.4,110.55,35.5181,1800600,0,1,MMM
2001-08-24,108.45,111.82,107.51,110.61,35.5374,2782400,0,1,MMM
2001-08-23,109.82,109.82,108,108.35,34.8113,2964800,0,1,MMM
2001-08-22,108.5,110.35,107.05,109.81,35.2804,4081000,0.3,1,MMM
2001-08-21,109.24,111.5,107.55,107.75,34.4257,3683600,0,1,MMM
2001-08-20,108.68,109.48,107.73,108.6,34.6973,2216400,0,1,MMM
2001-08-17,110.9,110.9,108.47,108.68,34.7229,4144400,0,1,MMM
2001-08-16,110,110,107.5,109.02,34.8315,3492400,0,1,MMM
2001-08-15,109.35,111.5,108.75,109.65,35.0328,2851600,0,1,MMM
2001-08-14,110.26,110.9395,108.68,109.1,34.8571,2318600,0,1,MMM
2001-08-13,109.25,110.62,108.92,110.5,35.3044,2225800,0,1,MMM
2001-08-10,107.7567,109.98,107.32,109.85,35.0967,3292200,0,1,MMM
2001-08-09,107.67,108.4,106.6,107.52,34.3523,3115400,0,1,MMM
2001-08-08,110.85,111.27,107.6,108.19,34.5663,2580200,0,1,MMM
2001-08-07,109.8,110.88,109.52,110.85,35.4162,2257000,0,1,MMM
2001-08-06,111.1,111.55,109.2,109.37,34.9433,1872200,0,1,MMM
2001-08-03,111.54,112,109.99,111.73,35.6973,2241200,0,1,MMM
2001-08-02,111.65,112.5,111.15,111.29,35.5568,2204000,0,1,MMM
2001-08-01,111.5052,112.5,110.51,111,35.4641,3209200,0,1,MMM
2001-07-31,110.15,112.68,109.84,111.88,35.7453,3270200,0,1,MMM
2001-07-30,111.49,112,109,109.25,34.905,2091400,0,1,MMM
2001-07-27,111.46,112.19,110.75,111.48,35.6175,2186200,0,1,MMM
2001-07-26,110.4,111.9,108.68,111.46,35.6111,3007400,0,1,MMM
2001-07-25,107.31,110.5,107.29,110.36,35.2596,3752200,0,1,MMM
2001-07-24,111.5,111.5,106.78,107.06,34.2053,5238200,0,1,MMM
2001-07-23,114.25,114.6,111.0034,111.32,35.5664,2763200,0,1,MMM
2001-07-20,114.65,114.65,112.21,113,36.1031,3592600,0,1,MMM
2001-07-19,114.74,116,113.13,114.65,36.6303,4547400,0,1,MMM
2001-07-18,112.86,113.75,112,113.75,36.3427,3767200,0,1,MMM
2001-07-17,110.05,113.99,110.0509,112.86,36.0584,4070400,0,1,MMM
2001-07-16,111.35,112.48,110.05,110.05,35.1606,3138800,0,1,MMM
2001-07-13,112.9966,113.5,111.4,112.23,35.8571,2790400,0,1,MMM
2001-07-12,112,114,111.65,113.53,36.2724,3116000,0,1,MMM
2001-07-11,111.1,112.48,110.0002,111.74,35.7005,3926200,0,1,MMM
2001-07-10,114.6,115.4,111.4947,111.65,35.6718,3834200,0,1,MMM
2001-07-09,114,114.99,112.75,114.85,36.6942,3938200,0,1,MMM
2001-07-06,115.9,116.1906,113.7,114.6,36.6143,3345600,0,1,MMM
2001-07-05,116.15,117.23,115.35,116.44,37.2022,2476000,0,1,MMM
2001-07-03,116.02,117.5,115.51,116.83,37.3268,2464200,0,1,MMM
2001-07-02,109.25,117.4,109.25,117.26,37.4642,11605600,0,1,MMM
2001-06-29,115.86,117.6,114.1,114.1,36.4546,4077400,0,1,MMM
2001-06-28,115.85,117.95,115.55,115.86,37.0169,2937800,0,1,MMM
2001-06-27,115.9,116.9,113.9899,114.3,36.5185,3741000,0,1,MMM
2001-06-26,114.9965,116.66,114.65,115,36.7421,4600200,0,1,MMM
2001-06-25,117,118.68,115.69,115.69,36.9626,3780800,0,1,MMM
2001-06-22,116.85,117.98,116.5,116.78,37.3108,2918400,0,1,MMM
2001-06-21,117.7,118.5824,115.5,116.34,37.1702,7828600,0,1,MMM
2001-06-20,120.36,120.36,117.01,118.6,37.8923,6549400,0,1,MMM
2001-06-19,122.23,123,120.25,120.36,38.4546,3400400,0,1,MMM
2001-06-18,121,123.63,121,122.23,39.0521,3260600,0,1,MMM
2001-06-15,120.95,122.75,119.75,120.88,38.6207,5069200,0,1,MMM
2001-06-14,121.94,122.4,120.13,120.76,38.5824,2752800,0,1,MMM
2001-06-13,122.4,124,121.71,121.95,38.9626,2817000,0,1,MMM
2001-06-12,120.34,122.43,119.9027,122.08,39.0041,4083600,0,1,MMM
2001-06-11,120.15,120.87,119.05,120.34,38.4482,1700200,0,1,MMM
2001-06-08,121.5,121.5,119.85,120.11,38.3747,1930800,0,1,MMM
2001-06-07,121.45,123.09,120.9,121.8,38.9147,2293800,0,1,MMM
2001-06-06,121.95,122,120.86,121.59,38.8476,3007600,0,1,MMM
2001-06-05,120.2,121.88,119.0942,121.5,38.8188,3104800,0,1,MMM
2001-06-04,119.0446,121.05,118.53,120,38.3396,2398000,0,1,MMM
2001-06-01,118.05,119.8,115.84,119.41,38.1511,4273800,0,1,MMM
2001-05-31,117.36,119.4,117.36,118.58,37.8859,3122800,0,1,MMM
2001-05-30,118.75,119.4933,116.71,117.35,37.4929,3375000,0,1,MMM
2001-05-29,119,120.73,118,119.75,38.2597,3110800,0,1,MMM
2001-05-25,119.25,120.1017,118.77,118.77,37.9466,2095000,0,1,MMM
2001-05-24,120.88,121.49,118.01,118.98,38.0137,5119800,0,1,MMM
2001-05-23,120.5963,121.09,120.11,120.64,38.5441,2805600,0,1,MMM
2001-05-22,123.3,123.41,120.52,121,38.6591,4311600,0,1,MMM
2001-05-21,123.1,123.85,122.2524,123.09,39.3268,2800000,0,1,MMM
2001-05-18,123.83,124.4,122,123.05,39.3141,3933200,0,1,MMM
2001-05-17,125.01,127,122.7,123.71,39.5249,8058800,0,1,MMM
2001-05-16,118.1,125.55,117.55,125.5,40.0968,7170600,0.3,1,MMM
2001-05-15,118.3,119.75,117.81,118.15,37.5568,2843200,0,1,MMM
2001-05-14,117.38,118.4,117.25,118.3,37.6045,1640800,0,1,MMM
2001-05-11,118.04,118.75,116.45,117.38,37.3121,2259800,0,1,MMM
2001-05-10,117.35,118.96,117.3,118.04,37.5219,2344000,0,1,MMM
2001-05-09,116.36,118.1,116.3,116.93,37.169,2607800,0,1,MMM
2001-05-08,117.88,118.65,115.77,116.36,36.9878,3610000,0,1,MMM
2001-05-07,119.25,120.7,117.55,117.9,37.4774,2934200,0,1,MMM
2001-05-04,116.75,120,116.1,119.99,38.1417,4185400,0,1,MMM
2001-05-03,116.75,118.8053,115.35,117.75,37.4297,4016800,0,1,MMM
2001-05-02,118.4796,118.5,115.68,116.55,37.0482,4315800,0,1,MMM
2001-05-01,119.01,119.01,116.38,117.51,37.3534,3515800,0,1,MMM
2001-04-30,118.97,121.92,118.35,119.01,37.8302,5043400,0,1,MMM
2001-04-27,117.5,119.65,117.3,118.98,37.8207,3171000,0,1,MMM
2001-04-26,117.34,118.68,115.5,117.83,37.4551,2607000,0,1,MMM
2001-04-25,116.11,117.4,114.56,117.03,37.2008,3360200,0,1,MMM
2001-04-24,116.2,119.68,115.52,116.11,36.9084,6300200,0,1,MMM
2001-04-23,112.6,116.69,111.02,116.3,36.9688,5980200,0,1,MMM
2001-04-20,114.52,115.1,112.15,112.5,35.7608,4346000,0,1,MMM
2001-04-19,115.75,116.5,114.03,116.5,37.0323,3849400,0,1,MMM
2001-04-18,110.6,117.25,108.9,116,36.8734,6839600,0,1,MMM
2001-04-17,109.48,110.65,108.2,108.9,34.6165,3664400,0,1,MMM
2001-04-16,107.72,110.71,107.72,110.48,35.1187,4091600,0,1,MMM
2001-04-12,106,108.24,105.4,107.73,34.2446,3257600,0,1,MMM
2001-04-11,111,111.2,106.25,106.81,33.9521,4574400,0,1,MMM
2001-04-10,105.4913,111.8,105.25,108.57,34.5116,7774400,0,1,MMM
2001-04-09,103.8,105.2,103.06,104.58,33.2433,3954400,0,1,MMM
2001-04-06,102.35,102.9,100.77,102,32.4232,3722600,0,1,MMM
2001-04-05,101,103.8469,100.98,103.23,32.8141,5920400,0,1,MMM
2001-04-04,99.9,101.9991,97.16,98.62,31.3487,8049800,0,1,MMM
2001-04-03,101.35,102,98.51,99.91,31.7588,6518000,0,1,MMM
2001-04-02,103.6,106.1,101.5,102.05,32.4391,4640600,0,1,MMM
2001-03-30,103.05,105.25,102.05,103.9,33.0271,3696200,0,1,MMM
2001-03-29,104.02,104.0152,100.55,102.8,32.6774,4987000,0,1,MMM
2001-03-28,103.65,104.95,102.46,104.83,33.3227,4470600,0,1,MMM
2001-03-27,104,106.3047,102.76,105.41,33.5071,6526400,0,1,MMM
2001-03-26,101.5,106.5,101.491,104.03,33.0684,5447400,0,1,MMM
2001-03-23,102.25,103.45,99.5,101.75,32.3437,7820400,0,1,MMM
2001-03-22,101,103.5,98.5,101.81,32.3627,13475400,0,1,MMM
2001-03-21,105.23,105.8,102.02,103.63,32.9413,8985600,0,1,MMM
2001-03-20,107.98,109.5,105.23,105.24,33.4531,5505000,0,1,MMM
2001-03-19,106.01,108.65,105.23,107.98,34.3241,4714400,0,1,MMM
2001-03-16,110.3,110.3,105.5,106.01,33.6978,6756800,0,1,MMM
2001-03-15,109.4,109.92,108,109.24,34.7246,4221600,0,1,MMM
2001-03-14,105,109.9907,104.51,107.51,34.1746,11314000,0,1,MMM
2001-03-13,112.9,112.9,106.5,107.7,34.235,9926000,0,1,MMM
2001-03-12,116,116.8,111,111.8,35.5383,5499600,0,1,MMM
2001-03-09,116.9,119.75,115.0498,116.41,37.0037,6008200,0,1,MMM
2001-03-08,113.9,117.5,113.259,117.19,37.2517,4856800,0,1,MMM
2001-03-07,112.3,113.23,112.16,112.93,35.8975,2920800,0,1,MMM
2001-03-06,113.5,113.5,111.88,112.25,35.6814,3172200,0,1,MMM
2001-03-05,112.2,113.1,111.45,112.2,35.6655,2659000,0,1,MMM
2001-03-02,109.5457,112.98,108.52,111.33,35.3889,5335400,0,1,MMM
2001-03-01,112.75,112.9505,109.3,109.6,34.839,5021800,0,1,MMM
2001-02-28,113.01,114.07,112.03,112.75,35.8403,4183200,0,1,MMM
2001-02-27,112.3,113.4984,110.7,113,35.9198,3815800,0,1,MMM
2001-02-26,111,111.9,110.07,111.35,35.3953,3368000,0,1,MMM
2001-02-23,110.95,111.4,109.87,110.4,35.0933,5620400,0,1,MMM
2001-02-22,112.35,112.5,108.635,110.25,35.0456,4349600,0,1,MMM
2001-02-21,113,114.24,111.25,111.26,35.3667,3193800,0.3,1,MMM
2001-02-20,113.23,114.74,113.15,113.84,35.9961,3459400,0,1,MMM
2001-02-16,114.75,114.95,111.47,113.22,35.8,3509600,0,1,MMM
2001-02-15,110.85,114.9,110.05,114.75,36.2838,2804200,0,1,MMM
2001-02-14,114.14,114.14,109.01,110.97,35.0886,4208000,0,1,MMM
2001-02-13,112.48,115.4,112.2,114.14,36.0909,3377200,0,1,MMM
2001-02-12,110.48,112.48,110.38,112.48,35.566,2721800,0,1,MMM
2001-02-09,112.3,112.31,110.44,110.66,34.9905,1741800,0,1,MMM
2001-02-08,112.87,112.95,111.19,112.05,35.4301,2102400,0,1,MMM
2001-02-07,111.1,114.15,111.1,111.88,35.3763,2803600,0,1,MMM
2001-02-06,111.1,113.25,110.22,111.66,35.3067,3080600,0,1,MMM
2001-02-05,108.3,111.64,108.3,109.77,34.7091,3290600,0,1,MMM
2001-02-02,110.8,111.7,107.6,108.73,34.3803,3324200,0,1,MMM
2001-02-01,110.9,113.49,109.51,111.55,35.2719,3784600,0,1,MMM
2001-01-31,111.41,112.9,110.41,110.65,34.9874,4077800,0,1,MMM
2001-01-30,106.7514,112,106.45,111.4,35.2245,4625200,0,1,MMM
2001-01-29,107.31,107.8,105.87,107.29,33.925,3075400,0,1,MMM
2001-01-26,109.563,110.563,106.875,107.313,33.9321,2956000,0,1,MMM
2001-01-25,106.9995,109.813,104.063,109.5,34.6238,4224000,0,1,MMM
2001-01-24,109.5,110.625,105.75,107.125,33.8728,3703000,0,1,MMM
2001-01-23,108.875,111.6823,108.438,111,35.098,3528800,0,1,MMM
2001-01-22,106.563,108.9988,105.438,108.875,34.4261,4052400,0,1,MMM
2001-01-19,108.938,108.938,106.188,106.75,33.7542,4061600,0,1,MMM
2001-01-18,110,110,107.75,109,34.4657,5365800,0,1,MMM
2001-01-17,106.5,110,105.875,110,34.7819,11552200,0,1,MMM
2001-01-16,110.625,113.5,110.063,113.5,35.8885,4247400,0,1,MMM
2001-01-12,112.125,112.188,108.5,109.688,34.683,3655800,0,1,MMM
2001-01-11,112.375,113.938,109.563,112.125,35.4538,4190600,0,1,MMM
2001-01-10,110.625,112.4994,109,112.313,35.5131,4344400,0,1,MMM
2001-01-09,114.938,115.188,112.125,113.438,35.8688,3962800,0,1,MMM
2001-01-08,113,115.375,109.563,115.25,36.4419,5486600,0,1,MMM
2001-01-05,117,117,110.563,114.563,36.2245,8367000,0,1,MMM
2001-01-04,117.875,119.5,115.563,119,37.6276,4060400,0,1,MMM
2001-01-03,118,119.875,116.375,117.813,37.2521,4754400,0,1,MMM
2001-01-02,118.125,121.5,117.5,119.188,37.6869,4651200,0,1,MMM
2000-12-29,121.9355,122.938,119.625,120.5,38.102,2754200,0,1,MMM
2000-12-28,118.5,122.938,116.2511,121.938,38.5565,4287200,0,1,MMM
2000-12-27,115.875,119.375,114.375,119.188,37.6869,2565600,0,1,MMM
2000-12-26,113.375,115,112.188,115,36.3629,1999600,0,1,MMM
2000-12-22,112.438,113.438,110.875,112.75,35.6514,3660000,0,1,MMM
2000-12-21,111.5,113.9347,109.5,112.688,35.6316,4810600,0,1,MMM
2000-12-20,110.25,113.688,110.25,112.938,35.7107,3838800,0,1,MMM
2000-12-19,114.625,116,112.625,113.75,35.9676,4642000,0,1,MMM
2000-12-18,113.875,114.9374,113.125,114.625,36.2443,4021800,0,1,MMM
2000-12-15,113.25,113.75,111.25,112.188,35.4735,5946400,0,1,MMM
2000-12-14,113.063,114.375,110.188,111,35.098,4081200,0,1,MMM
2000-12-13,114,115,112.5,113.813,35.9874,2852600,0,1,MMM
2000-12-12,114.375,114.75,113.625,113.875,36.0071,4116400,0,1,MMM
2000-12-11,115.813,116.313,114.5,115.25,36.4419,3296600,0,1,MMM
2000-12-08,114.875,117.188,113.563,116.938,36.9755,6358600,0,1,MMM
2000-12-07,114.313,114.813,112.4905,114.688,36.264,7502400,0,1,MMM
2000-12-06,115.438,116.75,114.563,115.125,36.4024,12515200,0,1,MMM
2000-12-05,107.25,119,107.25,116.625,36.8767,29116000,0,1,MMM
2000-12-04,99.875,106.625,99.438,105,33.2009,12211000,0,1,MMM
2000-12-01,99.25,100.313,99.25,99.625,31.5013,2528600,0,1,MMM
2000-11-30,100.1337,100.25,98.375,99.875,31.5803,2936400,0,1,MMM
2000-11-29,99.125,100.125,99.063,100.125,31.6594,2641200,0,1,MMM
2000-11-28,98.5,101.25,98.125,98.875,31.2641,3735800,0,1,MMM
2000-11-27,96.063,100,95.125,99.25,31.3827,4653800,0,1,MMM
2000-11-24,95.813,96.063,95.125,95.813,30.2958,990800,0,1,MMM
2000-11-22,95.063,97,95.063,95.813,30.2958,2156600,0,1,MMM
2000-11-21,94.25,95.875,94.25,95.688,30.2563,2340400,0.29,1,MMM
2000-11-20,96.438,96.688,94.25,94.625,29.7369,3055400,0,1,MMM
2000-11-17,96,97,95.188,96,30.169,3314400,0,1,MMM
2000-11-16,97.25,97.375,93.688,95.313,29.953,3067600,0,1,MMM
2000-11-15,94.063,96.688,94.063,95.375,29.9726,2950600,0,1,MMM
2000-11-14,94.063,95.438,92.75,95,29.8548,2655000,0,1,MMM
2000-11-13,94.125,95.75,94.063,94.813,29.7958,2245400,0,1,MMM
2000-11-10,97.625,98.438,94.625,95,29.8548,1960000,0,1,MMM
2000-11-09,96.375,98.5,95.125,97.375,30.6011,2205800,0,1,MMM
2000-11-08,97.563,99.75,95.75,97.313,30.5815,2876400,0,1,MMM
2000-11-07,98.25,98.25,96,96.938,30.4636,1812200,0,1,MMM
2000-11-06,94.75,98.25,94.25,97.375,30.6011,3368000,0,1,MMM
2000-11-03,94.6866,95.063,93.813,94.875,29.8155,2503000,0,1,MMM
2000-11-02,95.1852,95.938,94.438,94.938,29.8351,2785800,0,1,MMM
2000-11-01,96.25,97.9427,94.813,95.125,29.894,2673200,0,1,MMM
2000-10-31,94.25,96.75,92.563,96.625,30.3654,4168000,0,1,MMM
2000-10-30,93.25,95.75,92.063,95,29.8548,2955200,0,1,MMM
2000-10-27,92.313,93.5,90.625,93.5,29.3834,2140800,0,1,MMM
2000-10-26,89.938,93.125,89.813,92.188,28.9709,2265000,0,1,MMM
2000-10-25,89.25,90.188,89.063,90.125,28.3227,2882400,0,1,MMM
2000-10-24,90.875,92,89.563,90.063,28.3031,2279400,0,1,MMM
2000-10-23,92,94,88.5,89.813,28.2245,5694200,0,1,MMM
2000-10-20,88,88.875,83.938,87.25,27.4192,10243000,0,1,MMM
2000-10-19,91.25,91.25,88.438,89,27.9692,4775400,0,1,MMM
2000-10-18,90.25,91.375,90.25,91.125,28.637,4213400,0,1,MMM
2000-10-17,92.5,93.375,90.938,91.125,28.637,4001600,0,1,MMM
2000-10-16,91.625,94.875,91.6268,92.188,28.9709,2857000,0,1,MMM
2000-10-13,90.625,91.313,90.625,91,28.5977,6227800,0,1,MMM
2000-10-12,93.125,93.188,90.5,90.875,28.5584,4886800,0,1,MMM
2000-10-11,94.5,95.438,93.063,93.25,29.3048,2367200,0,1,MMM
2000-10-10,92.188,94.875,92.1833,93.125,29.2655,2328800,0,1,MMM
2000-10-09,92.313,94.3058,91.75,91.75,28.8334,1789600,0,1,MMM
2000-10-06,93.75,94.75,92.188,92.188,28.9709,2792000,0,1,MMM
2000-10-05,95.0004,95,93.063,93.25,29.3048,2555200,0,1,MMM
2000-10-04,93.313,96.0103,93.313,95.5,30.0119,4045800,0,1,MMM
2000-10-03,91.5,94.938,91.5,94,29.5405,2911600,0,1,MMM
2000-10-02,91.938,92.688,90.813,91.688,28.8138,2493400,0,1,MMM
2000-09-29,91.375,93.375,91,91.125,28.637,3258200,0,1,MMM
2000-09-28,90.188,93.438,90.063,91.625,28.7941,3306000,0,1,MMM
2000-09-27,89.9365,91.25,89.188,89.938,28.2638,5071600,0,1,MMM
2000-09-26,90,91,88.438,89.875,28.2442,5865800,0,1,MMM
2000-09-25,88,90.063,87.75,90,28.2834,4293800,0,1,MMM
2000-09-22,87.5,89.5,86.25,88.25,27.7335,5092400,0,1,MMM
2000-09-21,84.625,87.813,84.5,86.438,27.1639,5820200,0,1,MMM
2000-09-20,83.75,84.688,80.5,81.75,25.6908,4520000,0,1,MMM
2000-09-19,84.188,84.688,83.063,83.875,26.3586,3305400,0,1,MMM
2000-09-18,84.375,84.625,82,83.188,26.1425,4220200,0,1,MMM
2000-09-15,86.25,86.25,84.125,85.125,26.7514,4802000,0,1,MMM
2000-09-14,86.25,86.438,84.125,85,26.7121,3947600,0,1,MMM
2000-09-13,88.625,89.938,86.188,86.5,27.1835,2644000,0,1,MMM
2000-09-12,88.438,89.688,88,88.063,27.6746,2537400,0,1,MMM
2000-09-11,90.5,90.563,88.375,88.938,27.9495,2630800,0,1,MMM
2000-09-08,90.25,91.375,89,89.938,28.2638,3726800,0,1,MMM
2000-09-07,93,93.25,91.625,91.625,28.7941,3829800,0,1,MMM
2000-09-06,93.563,95.938,93.5,94.125,29.5798,2737800,0,1,MMM
2000-09-05,92.438,92.875,91.563,92.25,28.9905,2271600,0,1,MMM
2000-09-01,93.938,94.563,92.5,92.5,29.0691,3204400,0,1,MMM
2000-08-31,93.188,95.563,93,93.019,29.2311,2093200,0,1,MMM
2000-08-30,94.625,95.125,93.25,93.375,29.3441,1784400,0,1,MMM
2000-08-29,95.375,95.625,94.635,94.625,29.7369,1900600,0,1,MMM
2000-08-28,95.996,97.438,95.125,95.125,29.894,1608000,0,1,MMM
2000-08-25,95.063,95.75,95.063,95.75,30.0904,1572800,0,1,MMM
2000-08-24,95.688,95.875,94.5,94.813,29.7958,1656600,0,1,MMM
2000-08-23,96.188,96.813,95.313,95.938,30.1494,1747200,0.29,1,MMM
2000-08-22,94.875,97,94.75,96.313,30.085,1498800,0,1,MMM
2000-08-21,95.375,95.813,94.563,94.938,29.6555,1057200,0,1,MMM
2000-08-18,95.5,95.5,94.75,95.125,29.714,1513000,0,1,MMM
2000-08-17,94.8131,95.625,94.313,95.25,29.7531,1728200,0,1,MMM
2000-08-16,95,95,94,94.563,29.5383,1871000,0,1,MMM
2000-08-15,95.813,95.875,94.25,94.875,29.6359,1630800,0,1,MMM
2000-08-14,96.25,96.25,93.813,95.688,29.8897,2292200,0,1,MMM
2000-08-11,94.938,97.438,94.938,96.75,30.2216,3663800,0,1,MMM
2000-08-10,92.938,95.5,92.938,94.875,29.6359,3862000,0,1,MMM
2000-08-09,92.25,93.438,91.625,92.5,28.894,3140600,0,1,MMM
2000-08-08,90.938,92.188,90.188,91.375,28.5426,2862400,0,1,MMM
2000-08-07,90,90.938,90.0042,90.875,28.3865,1593400,0,1,MMM
2000-08-04,89.9385,90.688,89.625,90,28.1131,2032800,0,1,MMM
2000-08-03,90.688,90.938,89.938,89.938,28.0936,2093400,0,1,MMM
2000-08-02,89.563,90.625,88.875,90.25,28.1912,2003400,0,1,MMM
2000-08-01,90.4971,91.188,89.25,89.375,27.9179,2711400,0,1,MMM
2000-07-31,90.938,91.3158,90.063,90.063,28.1326,2240400,0,1,MMM
2000-07-28,89.25,91.625,88.875,91,28.4255,2395000,0,1,MMM
2000-07-27,89.75,90.3782,88.563,89,27.8008,2069400,0,1,MMM
2000-07-26,88.9322,91.438,88.563,88.563,27.6641,3960400,0,1,MMM
2000-07-25,88.5,89.688,88.188,88.313,27.586,2013800,0,1,MMM
2000-07-24,86,90.375,86,89.063,27.8203,2589800,0,1,MMM
2000-07-21,86.313,86.375,85.313,86.375,26.9808,1425800,0,1,MMM
2000-07-20,86.75,86.875,86,86.5,27.0198,2226600,0,1,MMM
2000-07-19,89,89.063,86.25,86.5,27.0198,3098800,0,1,MMM
2000-07-18,87.125,88.5677,87.063,88,27.4884,1502000,0,1,MMM
2000-07-17,87,87.5,86.188,87.25,27.2541,1871400,0,1,MMM
2000-07-14,89.313,89.3117,86.625,87.875,27.4493,2259000,0,1,MMM
2000-07-13,90.875,90.875,89.5,89.563,27.9765,1662400,0,1,MMM
2000-07-12,90.25,90.563,89.063,90.063,28.1326,3123000,0,1,MMM
2000-07-11,87.188,89.938,86.75,88.938,27.7812,3193600,0,1,MMM
2000-07-10,85.25,87.625,85.125,87.188,27.2346,2613800,0,1,MMM
2000-07-07,86.625,87.75,86,86.125,26.9027,2649200,0,1,MMM
2000-07-06,87.438,88.125,86.5,86.563,27.0394,2555800,0,1,MMM
2000-07-05,85.938,89.375,84.875,88.5,27.6446,3385400,0,1,MMM
2000-07-03,83,84.375,83,84.063,26.2584,1629400,0,1,MMM
2000-06-30,85.313,86,82.484,83,25.9266,3603600,0,1,MMM
2000-06-29,84.5,86.813,84.188,85.563,26.727,2552800,0,1,MMM
2000-06-28,86.688,86.875,85.438,86.07,26.8881,2110400,0,1,MMM
2000-06-27,86.5,87.875,86.188,86.625,27.0589,3072800,0,1,MMM
2000-06-26,84.375,85.938,84.313,85.5,26.7075,2224800,0,1,MMM
2000-06-23,84.875,84.875,84.063,84.438,26.3756,1579600,0,1,MMM
2000-06-22,86.313,87.75,84.938,86.063,26.8832,2798200,0,1,MMM
2000-06-21,84.5,86.5,84.063,86.25,26.9418,3272600,0,1,MMM
2000-06-20,83.625,85,81.063,82.188,25.6728,2799400,0,1,MMM
2000-06-19,84.875,85.5,82.938,83.5,26.0827,2423400,0,1,MMM
2000-06-16,86.438,86.438,84.438,84.438,26.3756,3842800,0,1,MMM
2000-06-15,84.313,87.375,84.25,86.438,27.0003,4171400,0,1,MMM
2000-06-14,84,84.938,83.5,84.188,26.2975,2748600,0,1,MMM
2000-06-13,81.625,83.313,81.625,81.875,25.5751,2151200,0,1,MMM
2000-06-12,82,83.813,81.875,81.961,25.6044,2021400,0,1,MMM
2000-06-09,81.938,82.188,81.188,81.938,25.5947,2146200,0,1,MMM
2000-06-08,81.938,82,80.438,81.75,25.5361,2483200,0,1,MMM
2000-06-07,82.313,83.185,81.5,81.75,25.5361,3176600,0,1,MMM
2000-06-06,85,85,82.063,82.313,25.7118,3139200,0,1,MMM
2000-06-05,84.625,85.063,84.125,85.063,26.5708,2704600,0,1,MMM
2000-06-02,86.5,86.75,84,84.313,26.3365,3331600,0,1,MMM
2000-06-01,86.063,86.063,84.3735,84.875,26.5122,2034000,0,1,MMM
2000-05-31,86.125,87.313,85.75,85.75,26.7856,2137000,0,1,MMM
2000-05-30,84.6295,86.563,84.438,85.125,26.5903,1573200,0,1,MMM
2000-05-26,85.188,86.375,84,84,26.2389,1784600,0,1,MMM
2000-05-25,87.313,88.25,84,84.938,26.5318,2512800,0,1,MMM
2000-05-24,85,88.75,85,88.188,27.5469,3241000,0,1,MMM
2000-05-23,84.1938,84.688,83.25,84.125,26.278,1528400,0,1,MMM
2000-05-22,84.75,85.375,83.3702,84.188,26.2975,2568600,0,1,MMM
2000-05-19,86.188,86.625,83.75,84.5,26.3951,2749400,0,1,MMM
2000-05-18,88.188,88.625,87,87.063,27.1955,1599600,0,1,MMM
2000-05-17,88.375,89.125,87.625,88,27.4884,2193000,0.29,1,MMM
2000-05-16,86.188,91.313,85.563,90.063,27.9515,4051400,0,1,MMM
2000-05-15,85.375,86.938,85.313,85.938,26.6712,2635000,0,1,MMM
2000-05-12,85.25,86,84.5,84.875,26.3415,1838400,0,1,MMM
2000-05-11,86.313,86.875,85.563,85.938,26.6712,2347400,0,1,MMM
2000-05-10,86.25,86.5,84.813,85.938,26.6712,1998400,0,1,MMM
2000-05-09,87,87.875,85.5,86,26.6907,1949200,0,1,MMM
2000-05-08,87.75,87.75,85.5,87.313,27.098,1760000,0,1,MMM
2000-05-05,85.188,87.2502,84.813,86.688,26.904,2376400,0,1,MMM
2000-05-04,86.188,87.688,84.75,85.438,26.5161,2766200,0,1,MMM
2000-05-03,86.938,88.25,85.313,85.813,26.6325,2445200,0,1,MMM
2000-05-02,86,87.563,85.625,86.938,26.9816,2459200,0,1,MMM
2000-05-01,86.688,88.563,85.063,86.938,26.9816,3476400,0,1,MMM
2000-04-28,87.438,87.563,86,86.625,26.8846,2947000,0,1,MMM
2000-04-27,88.5,89.875,85.313,87.438,27.1368,4835200,0,1,MMM
2000-04-26,93.5,93.5,87.375,88.938,27.6023,6956600,0,1,MMM
2000-04-25,96.125,96.313,88.5,93.813,29.1153,9044200,0,1,MMM
2000-04-24,91.25,97.625,91.25,97.375,30.2209,3558200,0,1,MMM
2000-04-20,90.438,92.313,90,92.25,28.6304,1983800,0,1,MMM
2000-04-19,89.625,91.875,89.125,90.438,28.0679,1665200,0,1,MMM
2000-04-18,90.125,90.125,88,89.875,27.8933,2419200,0,1,MMM
2000-04-17,89.1847,90.563,88.063,89.875,27.8933,2893600,0,1,MMM
2000-04-14,94.063,94.313,88.313,90.813,28.1842,6141600,0,1,MMM
2000-04-13,94.625,96.375,91.75,94.75,29.4063,4152200,0,1,MMM
2000-04-12,97.313,98.313,94.625,94.625,29.3675,2454600,0,1,MMM
2000-04-11,92.7538,97.063,92.75,95.438,29.6197,2952200,0,1,MMM
2000-04-10,91.875,94.875,91.75,92.75,28.7856,2110600,0,1,MMM
2000-04-07,93.625,95.125,91.625,91.625,28.4364,2501200,0,1,MMM
2000-04-06,91.313,94.875,91.313,93.375,28.9795,1756400,0,1,MMM
2000-04-05,92.875,94.8142,91.063,91.125,28.2812,2875800,0,1,MMM
2000-04-04,92,95.563,89.5,92.938,28.8438,4841000,0,1,MMM
2000-04-03,89.375,92.375,89.2474,91.875,28.514,2871400,0,1,MMM
2000-03-31,90.375,92,88.563,88.563,27.4859,2459200,0,1,MMM
2000-03-30,88.063,91.75,87.625,89,27.6217,3155800,0,1,MMM
2000-03-29,89,89,87.375,87.625,27.195,3280800,0,1,MMM
2000-03-28,88,90.563,87.625,88.875,27.5829,2448000,0,1,MMM
2000-03-27,90.938,91.938,88.125,88.625,27.5053,3254200,0,1,MMM
2000-03-24,90,93.25,89.688,90.875,28.2036,5925000,0,1,MMM
2000-03-23,84.75,87.25,84.75,87,27.001,4972000,0,1,MMM
2000-03-22,89,89.375,85,86,26.6907,4404800,0,1,MMM
2000-03-21,86.813,91.5,86.563,90.438,28.0679,3827600,0,1,MMM
2000-03-20,85.938,87.813,85.375,87,27.001,2727600,0,1,MMM
2000-03-17,86.938,89.188,85.875,85.875,26.6519,4068200,0,1,MMM
2000-03-16,84.75,89.25,83.9365,88.063,27.3308,4804800,0,1,MMM
2000-03-15,78.188,83.75,78.188,82.5,25.6044,4240000,0,1,MMM
2000-03-14,79.188,80,78.563,79.125,24.557,3156600,0,1,MMM
2000-03-13,79,80.5,78.75,79,24.5182,3787800,0,1,MMM
2000-03-10,80.625,82.7025,80.375,81.5,25.2941,5751600,0,1,MMM
2000-03-09,80.813,81.938,80.5,80.938,25.1195,3258200,0,1,MMM
2000-03-08,82.875,84.25,81,82.563,25.6238,4693200,0,1,MMM
2000-03-07,88.25,88.875,82,82.75,25.682,5195600,0,1,MMM
2000-03-06,89.313,91.25,87.25,87.25,27.0786,2052600,0,1,MMM
2000-03-03,87.75,94.625,87.5,89.5,27.7769,4581000,0,1,MMM
2000-03-02,86.125,87.75,85.688,86.063,26.7101,2186000,0,1,MMM
2000-03-01,87.188,87.75,85.063,86.125,26.7294,2891600,0,1,MMM
2000-02-29,85.313,89.188,84.6274,88.188,27.3696,2765400,0,1,MMM
2000-02-28,86.938,88.875,85,86.438,26.8264,3076600,0,1,MMM
2000-02-25,88.125,89.313,85.188,85.75,26.6131,3627200,0,1,MMM
2000-02-24,91.875,92.125,89.563,91,28.2424,3800200,0,1,MMM
2000-02-23,91.375,93.938,90.813,92.313,28.6498,4460800,0.29,1,MMM
2000-02-22,87.75,90.438,86.5,90.125,27.7909,2884600,0,1,MMM
2000-02-18,89.875,90.688,86.375,87.563,27.0007,2864200,0,1,MMM
2000-02-17,89,91.875,88.938,89.625,27.6367,3405400,0,1,MMM
2000-02-16,88.375,90.375,87.563,88.313,27.232,2581800,0,1,MMM
2000-02-15,83.75,90.563,83.5,89.125,27.4825,3736000,0,1,MMM
2000-02-14,83.25,84.75,82.375,82.875,25.5553,3356400,0,1,MMM
2000-02-11,85.375,86.5,81.313,82.938,25.5745,4491600,0,1,MMM
2000-02-10,87.25,87.25,85.313,86,26.5189,4020000,0,1,MMM
2000-02-09,88.625,89,87.5,87.625,27.02,2600400,0,1,MMM
2000-02-08,87.625,90.188,87.438,87.688,27.0392,2884000,0,1,MMM
2000-02-07,89.25,89.375,86.625,87.625,27.02,3935400,0,1,MMM
2000-02-04,91.9447,92.438,89.063,89.063,27.4632,3293400,0,1,MMM
2000-02-03,91.938,92.125,90,91.688,28.2727,3520600,0,1,MMM
2000-02-02,93.188,94,92,92.5,28.5232,2924200,0,1,MMM
2000-02-01,94.375,96.1917,93.75,94.125,29.0243,2642200,0,1,MMM
2000-01-31,92.25,97.3704,92.063,93.625,28.8701,3282800,0,1,MMM
2000-01-28,95.75,95.813,92.25,92.25,28.4461,3747400,0,1,MMM
2000-01-27,97.188,98.313,96.063,96.25,29.6796,2914800,0,1,MMM
2000-01-26,95.875,97.5,95.313,96.313,29.6989,7020800,0,1,MMM
2000-01-25,94.875,94.875,90.25,91.375,28.1763,3691200,0,1,MMM
2000-01-24,95.813,95.813,91.625,92.75,28.6003,2971000,0,1,MMM
2000-01-21,95.25,96.563,94.563,94.938,29.2748,4491800,0,1,MMM
2000-01-20,99.063,99.375,94.5,95.125,29.3327,3104600,0,1,MMM
2000-01-19,97.75,99.938,97.75,98.813,30.4697,2628200,0,1,MMM
2000-01-18,97.25,99.25,97.125,97.125,29.9494,2114800,0,1,MMM
2000-01-14,100.75,100.938,98.938,99.313,30.6239,2541800,0,1,MMM
2000-01-13,101.313,101.875,100.375,100.75,31.0672,2244400,0,1,MMM
2000-01-12,101.938,103.6197,100.75,100.75,31.0672,2868400,0,1,MMM
2000-01-11,100.75,102.5,100.5,100.5,30.9901,2357600,0,1,MMM
2000-01-10,100.438,103.5,100,102.25,31.5297,3863800,0,1,MMM
2000-01-07,101.125,103.813,99.938,102.75,31.6839,4101200,0,1,MMM
2000-01-06,94.313,102.5,94.313,100.75,31.0672,5975800,0,1,MMM
2000-01-05,91.125,96.25,91.125,93.25,28.7545,3699400,0,1,MMM
2000-01-04,92.8693,94.813,90.625,90.625,27.945,2713800,0,1,MMM
2000-01-03,96.063,96.5052,94.063,94.375,29.1014,2173400,0,1,MMM
1999-12-31,96.813,98.75,96,97.875,30.1806,1021200,0,1,MMM
1999-12-30,97.375,98.813,96.375,96.375,29.7181,1706400,0,1,MMM
1999-12-29,96.625,97.75,95.813,97.5,30.065,1942000,0,1,MMM
1999-12-28,93.813,96.875,93.5,96.875,29.8723,1786400,0,1,MMM
1999-12-27,92.063,95,92.063,93.75,28.9086,1861000,0,1,MMM
1999-12-23,93,93.563,92.875,93.063,28.6967,1703600,0,1,MMM
1999-12-22,92.125,94.625,92.125,92.313,28.4654,2295800,0,1,MMM
1999-12-21,93.25,94.25,91.875,92,28.369,2796000,0,1,MMM
1999-12-20,93.5,94.5648,92.063,93.465,28.8219,2131800,0,1,MMM
1999-12-17,95,95.753,94.5,95.125,29.3327,4574800,0,1,MMM
1999-12-16,94.5,94.688,93.563,93.688,28.8894,1622800,0,1,MMM
1999-12-15,94,96.063,94.0038,95.254,29.3712,2979800,0,1,MMM
1999-12-14,94,96.875,93.938,94.188,29.0436,2668600,0,1,MMM
1999-12-13,93.75,94.5,92.9403,93.738,28.9039,1752000,0,1,MMM
1999-12-10,93.375,94.375,92.9911,93.938,28.9665,1440800,0,1,MMM
1999-12-09,95.25,96.063,93.5,93.688,28.8894,1541400,0,1,MMM
1999-12-08,93.8729,95.438,93.125,94,28.9858,2124600,0,1,MMM
1999-12-07,97.5,97.5,93,93,28.6774,2190400,0,1,MMM
1999-12-06,98.5,99.063,97.375,97.813,30.1614,1282200,0,1,MMM
1999-12-03,97.5,100.813,97.5,99.313,30.6239,3060600,0,1,MMM
1999-12-02,95,98.438,94.938,97.188,29.9687,2617400,0,1,MMM
1999-12-01,94.688,95.25,93.563,94.438,29.1207,2062600,0,1,MMM
1999-11-30,94.6201,95.813,93.813,95.563,29.4676,3230800,0,1,MMM
1999-11-29,94.25,95,93.188,94.938,29.2748,2673000,0,1,MMM
1999-11-26,96.063,96.063,95.4412,95.5,29.4483,818400,0,1,MMM
1999-11-24,96.5,98.375,96,96.063,29.6218,2883800,0,1,MMM
1999-11-23,98.688,98.688,96.375,96.684,29.8145,2535600,0,1,MMM
1999-11-22,100.5,100.938,98.938,98.938,30.5083,2019000,0,1,MMM
1999-11-19,102.875,103.063,101.938,102.313,31.549,2365400,0,1,MMM
1999-11-18,101.563,103.3755,101.313,102.813,31.7032,2718000,0,1,MMM
1999-11-17,100,102.313,100,101.5,31.2985,2313000,0.28,1,MMM
1999-11-16,97.5,101.188,97.5,101.125,31.0101,3260200,0,1,MMM
1999-11-15,95.251,98.375,95.188,97.438,29.8794,1604800,0,1,MMM
1999-11-12,94.25,95.813,93.813,95.688,29.3427,2871400,0,1,MMM
1999-11-11,94.5,95.188,93.938,94,28.8252,1372400,0,1,MMM
1999-11-10,93.5,94.938,93.125,94.75,29.0552,1695200,0,1,MMM
1999-11-09,95.25,95.375,94,94.063,28.8444,1645800,0,1,MMM
1999-11-08,95.313,96.188,94.688,95,29.1319,1788200,0,1,MMM
1999-11-05,95.5,96.25,95.25,95.688,29.3427,1512800,0,1,MMM
1999-11-04,94.875,95.875,94.563,94.75,29.0552,2422400,0,1,MMM
1999-11-03,94.625,95.688,94.313,94.5,28.9786,2461800,0,1,MMM
1999-11-02,94.75,96.125,94.438,94.875,29.0936,2790600,0,1,MMM
1999-11-01,95.125,96.188,93.75,94,28.8252,2182000,0,1,MMM
2019-10-31,50.42,50.42,49.21,49.68,49.68,2141595,0,1,AOS
2019-10-30,48.69,50.6,48.48,50.38,50.38,1725400,0.24,1,AOS
2019-10-29,49.5,50.67,48.82,49.23,48.99,3869600,0,1,AOS
2019-10-28,51.09,51.48,50.37,51.35,51.0997,2195900,0,1,AOS
2019-10-25,50.71,51.64,50.71,51.07,50.821,1166800,0,1,AOS
2019-10-24,51.03,51.16,50.35,50.92,50.6718,723100,0,1,AOS
2019-10-23,51.57,51.7,50.52,50.85,50.6021,1195400,0,1,AOS
2019-10-22,51.15,52.03,50.4,51.74,51.4878,1351000,0,1,AOS
2019-10-21,51.41,51.78,50.82,51.1,50.8509,1467100,0,1,AOS
2019-10-18,50.1,51.05,49.76,51.01,50.7613,1783800,0,1,AOS
2019-10-17,49.25,50.19,49.25,50.02,49.7761,1002200,0,1,AOS
2019-10-16,48.28,48.98,48.28,48.81,48.572,1405000,0,1,AOS
2019-10-15,47.73,48.59,47.47,48.45,48.2138,925200,0,1,AOS
2019-10-14,47.63,48.02,47.35,47.73,47.4973,751300,0,1,AOS
2019-10-11,47.08,48.52,47.04,47.99,47.756,1266100,0,1,AOS
2019-10-10,45.46,46.67,45.46,46.34,46.1141,1041500,0,1,AOS
2019-10-09,45.59,45.69,44.95,45.46,45.2384,1004900,0,1,AOS
2019-10-08,44.82,45.76,44.75,45.24,45.0195,1321600,0,1,AOS
2019-10-07,45.26,45.98,45.07,45.13,44.91,1288500,0,1,AOS
2019-10-04,45.04,45.6,44.99,45.51,45.2881,1447900,0,1,AOS
2019-10-03,45,45.1,44.11,45,44.7806,1554600,0,1,AOS
2019-10-02,46.23,46.38,44.88,45.19,44.9697,1664400,0,1,AOS
2019-10-01,48.1,48.87,46.77,46.81,46.5818,719300,0,1,AOS
2019-09-30,47.95,48.1,47.52,47.71,47.4774,971400,0,1,AOS
2019-09-27,47.69,47.96,47.04,47.66,47.4277,916900,0,1,AOS
2019-09-26,47.82,47.92,47.16,47.49,47.2585,1017700,0,1,AOS
2019-09-25,47.37,48.03,47.13,47.98,47.7461,776100,0,1,AOS
2019-09-24,47.95,48.24,46.9,47.36,47.1291,912100,0,1,AOS
2019-09-23,47,47.96,46.86,47.77,47.5371,845500,0,1,AOS
2019-09-20,48.59,48.73,47.36,47.48,47.2485,1968000,0,1,AOS
2019-09-19,48.89,49.07,48.36,48.49,48.2536,971400,0,1,AOS
2019-09-18,48.98,49.25,48.09,48.8,48.5621,946000,0,1,AOS
2019-09-17,48.5,49.31,48.08,49.16,48.9203,1476500,0,1,AOS
2019-09-16,49.94,50.01,48.62,48.75,48.5123,2263500,0,1,AOS
2019-09-13,51.92,51.94,50.18,50.24,49.9951,2247500,0,1,AOS
2019-09-12,51.53,51.78,50.43,51.71,51.4579,1648200,0,1,AOS
2019-09-11,49.92,50.87,49.36,50.84,50.5922,2260400,0,1,AOS
2019-09-10,49,49.83,48.85,49.72,49.4776,2429600,0,1,AOS
2019-09-09,48.09,49.24,47.9,49.1,48.8606,1223700,0,1,AOS
2019-09-06,47.86,48.13,47.56,47.81,47.5769,1015000,0,1,AOS
2019-09-05,46.83,47.89,46.7,47.62,47.3878,1085500,0,1,AOS
2019-09-04,46.12,46.46,45.82,46.3,46.0743,637500,0,1,AOS
2019-09-03,46.12,46.19,45.32,45.6,45.3777,780600,0,1,AOS
2019-08-30,46.48,46.91,46.38,46.52,46.2932,648900,0,1,AOS
2019-08-29,45.59,46.3,45.34,46.13,45.9051,802000,0,1,AOS
2019-08-28,44.33,45.21,44.07,45.09,44.8702,691500,0,1,AOS
2019-08-27,45.35,45.46,44.47,44.48,44.2632,1279000,0,1,AOS
2019-08-26,45.42,45.5,44.73,45.2,44.9796,1061500,0,1,AOS
2019-08-23,46.26,46.26,44.79,45.01,44.7906,1543200,0,1,AOS
2019-08-22,46.99,47.14,46.12,46.46,46.2335,877600,0,1,AOS
2019-08-21,46.73,46.92,46.55,46.82,46.5918,829700,0,1,AOS
2019-08-20,46.48,46.69,46.12,46.18,45.9549,1022700,0,1,AOS
2019-08-19,46.84,47.36,46.29,46.6,46.3728,2248300,0,1,AOS
2019-08-16,46.42,46.89,44.86,46.27,46.0444,1981000,0,1,AOS
2019-08-15,45.22,46.26,44.86,46.1,45.8753,2826600,0,1,AOS
2019-08-14,44.96,45.09,44.54,44.85,44.6314,2931100,0,1,AOS
2019-08-13,45.52,46.83,45.37,45.57,45.3478,1602700,0,1,AOS
2019-08-12,45.38,45.63,45.1397,45.5,45.2782,1846300,0,1,AOS
2019-08-09,45.8594,45.96,45.3,45.53,45.308,1230500,0,1,AOS
2019-08-08,45.47,46.07,44.81,45.91,45.6862,2669800,0,1,AOS
2019-08-07,44.45,45.57,44.1071,45.41,45.1886,3431400,0,1,AOS
2019-08-06,43.8,44.92,43.61,44.9,44.6811,2390300,0,1,AOS
2019-08-05,42.91,43.67,42.54,43.65,43.4372,4015200,0,1,AOS
2019-08-02,43.5,44.14,43.17,43.74,43.5268,1433400,0,1,AOS
2019-08-01,45.45,45.78,43.3827,43.69,43.477,2526800,0,1,AOS
2019-07-31,45.4,46.44,44.46,45.45,45.2284,5941500,0,1,AOS
2019-07-30,41.86,45.3524,41.01,45.29,45.0692,6616300,0.22,1,AOS
2019-07-29,44.75,45.08,43.68,43.82,43.3874,3026800,0,1,AOS
2019-07-26,45.12,45.12,44.36,44.88,44.437,2323600,0,1,AOS
2019-07-25,45.16,45.74,44.95,45.08,44.635,1488900,0,1,AOS
2019-07-24,44.5969,45.23,44.51,45.14,44.6944,1529100,0,1,AOS
2019-07-23,43.74,44.76,43.67,44.67,44.2291,1966800,0,1,AOS
2019-07-22,43.59,44.09,43.27,43.41,42.9815,1246800,0,1,AOS
2019-07-19,44.33,44.47,43.57,43.58,43.1498,1550600,0,1,AOS
2019-07-18,44.45,44.58,43.89,43.99,43.5558,1427500,0,1,AOS
2019-07-17,45.21,45.23,44.4415,44.45,44.0112,1851500,0,1,AOS
2019-07-16,44.68,45.28,44.29,45.2,44.7538,1584500,0,1,AOS
2019-07-15,45.23,45.28,43.77,44.6,44.1597,1646900,0,1,AOS
2019-07-12,44.39,45.5,44.1177,45.19,44.7439,1379400,0,1,AOS
2019-07-11,44.9,45.05,44.14,44.32,43.8825,1590400,0,1,AOS
2019-07-10,45.19,45.25,44.1396,44.77,44.3281,1830700,0,1,AOS
2019-07-09,45.21,45.5,44.65,45.06,44.6152,2025600,0,1,AOS
2019-07-08,46.63,46.7,45.05,45.21,44.7637,1971500,0,1,AOS
2019-07-05,46.5,47.07,46.1,47.01,46.546,825200,0,1,AOS
2019-07-03,47.11,47.11,46.535,46.79,46.3281,816700,0,1,AOS
2019-07-02,46.77,47.12,46.35,46.99,46.5262,1525900,0,1,AOS
2019-07-01,47.997,48.01,46.681,46.93,46.4667,1596500,0,1,AOS
2019-06-28,46.27,47.31,46.09,47.16,46.6945,3325500,0,1,AOS
2019-06-27,46.3274,46.68,45.95,46.08,45.6251,1309700,0,1,AOS
2019-06-26,46.18,46.4,45.85,46.18,45.7241,1311500,0,1,AOS
2019-06-25,45.84,46.24,45.72,46.09,45.635,1023400,0,1,AOS
2019-06-24,46.07,46.515,45.83,45.87,45.4172,1526700,0,1,AOS
2019-06-21,45.84,46.19,45.49,45.97,45.5162,2274100,0,1,AOS
2019-06-20,45.9,45.93,45.06,45.82,45.3677,1525600,0,1,AOS
2019-06-19,45.35,45.41,44.72,45.33,44.8825,1210300,0,1,AOS
2019-06-18,45.67,46.326,45.1801,45.25,44.8033,2038800,0,1,AOS
2019-06-17,45.55,45.7995,45.33,45.41,44.9618,1691600,0,1,AOS
2019-06-14,45.14,45.73,44.99,45.53,45.0806,1582700,0,1,AOS
2019-06-13,45.16,45.661,44.99,45.3,44.8528,1963700,0,1,AOS
2019-06-12,44.4597,45.24,44.29,44.92,44.4766,2170500,0,1,AOS
2019-06-11,44.87,44.93,44.28,44.59,44.1498,2520000,0,1,AOS
2019-06-10,44,44.745,44,44.38,43.9419,1818400,0,1,AOS
2019-06-07,43.31,44.02,43.02,43.83,43.3974,1735100,0,1,AOS
2019-06-06,43.06,43.425,42.08,43.24,42.8132,1953000,0,1,AOS
2019-06-05,43.44,43.62,42.3,43.37,42.9419,2052100,0,1,AOS
2019-06-04,42,43.21,41.755,43.16,42.734,2468800,0,1,AOS
2019-06-03,40.89,41.64,40.68,41.33,40.922,1773400,0,1,AOS
2019-05-31,40.7,41.11,40.38,40.5,40.1002,2394300,0,1,AOS
2019-05-30,41.24,41.8,41.03,41.19,40.7834,2441600,0,1,AOS
2019-05-29,42.7,42.7,41.09,41.19,40.7834,5460000,0,1,AOS
2019-05-28,44.12,44.31,43.05,43.05,42.625,1864700,0,1,AOS
2019-05-24,44,44.24,43.8127,44.03,43.5954,1156300,0,1,AOS
2019-05-23,43.37,44.07,43.07,43.69,43.2587,2158300,0,1,AOS
2019-05-22,44.4,44.71,43.83,43.98,43.5459,2069300,0,1,AOS
2019-05-21,43.84,44.6,43.77,44.6,44.1597,3063100,0,1,AOS
2019-05-20,43.6,43.72,42.81,43.26,42.833,3084100,0,1,AOS
2019-05-17,44.5,44.835,42.5582,43.85,43.4171,8016300,0,1,AOS
2019-05-16,48.19,48.19,42.74,45.12,44.6746,13528800,0,1,AOS
2019-05-15,47.98,48.35,47.65,48.14,47.6648,1773000,0,1,AOS
2019-05-14,48.25,48.86,48.07,48.3,47.8232,1798500,0,1,AOS
2019-05-13,49.33,49.56,47.96,48.1,47.6252,1712100,0,1,AOS
2019-05-10,50.19,50.43,49.3,50.22,49.7243,1090500,0,1,AOS
2019-05-09,49.87,50.54,49.21,50.47,49.9718,1391400,0,1,AOS
2019-05-08,51.38,51.44,50.27,50.3,49.8035,1399300,0,1,AOS
2019-05-07,51.41,51.554,50.74,51.39,50.8827,1176000,0,1,AOS
2019-05-06,52.8,52.81,51.87,51.88,51.3679,1569800,0,1,AOS
2019-05-03,52.81,53.72,52.7695,53.64,53.1105,775600,0,1,AOS
2019-05-02,52.61,53.0215,52.03,52.52,52.0016,1127100,0,1,AOS
2019-05-01,52.43,53.31,52.05,52.5,51.9818,1846500,0,1,AOS
2019-04-30,53.5825,53.96,52.26,52.57,52.0511,4882200,0,1,AOS
2019-04-29,55.88,56.11,55.52,55.81,55.2591,1060600,0.22,1,AOS
2019-04-26,55.47,55.91,55.33,55.91,55.1403,692600,0,1,AOS
2019-04-25,56,56.04,55.27,55.34,54.5781,1054600,0,1,AOS
2019-04-24,56.28,56.49,55.89,56.23,55.4559,985400,0,1,AOS
2019-04-23,56.19,56.4395,55.82,56.28,55.5052,630100,0,1,AOS
2019-04-22,56.2,56.5,55.97,56.09,55.3178,760100,0,1,AOS
2019-04-18,56.08,56.66,55.93,56.49,55.7123,822200,0,1,AOS
2019-04-17,56.19,56.37,55.66,56,55.229,767700,0,1,AOS
2019-04-16,55.83,56.03,55.65,55.94,55.1699,623900,0,1,AOS
2019-04-15,55.54,55.755,55.288,55.59,54.8247,503500,0,1,AOS
2019-04-12,55.23,55.59,55.04,55.51,54.7458,740400,0,1,AOS
2019-04-11,54.26,54.94,54.16,54.89,54.1343,725700,0,1,AOS
2019-04-10,53.99,54.2,53.5405,54.19,53.444,1085500,0,1,AOS
2019-04-09,54.83,54.955,53.8,53.84,53.0988,1021100,0,1,AOS
2019-04-08,54.8,55.485,54.54,55.22,54.4598,1277400,0,1,AOS
2019-04-05,55.0098,55.21,54.85,55.17,54.4105,806500,0,1,AOS
2019-04-04,54.46,55.15,54.46,54.82,54.0653,879400,0,1,AOS
2019-04-03,54.44,54.9,54.1,54.5,53.7497,1065500,0,1,AOS
2019-04-02,54.08,54.225,53.77,54.05,53.3059,1030800,0,1,AOS
2019-04-01,53.85,54.59,53.69,53.99,53.2467,1299800,0,1,AOS
2019-03-29,52.89,53.57,52.76,53.32,52.5859,1612000,0,1,AOS
2019-03-28,52.25,52.76,52.11,52.52,51.7969,948600,0,1,AOS
2019-03-27,51.64,52.1,51.57,51.97,51.2545,1114200,0,1,AOS
2019-03-26,51.8774,52.15,51.47,51.55,50.8403,1159600,0,1,AOS
2019-03-25,51.83,52.44,51.6,51.68,50.9685,988300,0,1,AOS
2019-03-22,52.69,52.75,51.45,51.74,51.0277,1007100,0,1,AOS
2019-03-21,51.9,53.34,51.9,52.85,52.1224,1096800,0,1,AOS
2019-03-20,52.19,52.445,51.51,51.97,51.2545,1422800,0,1,AOS
2019-03-19,52.28,52.615,51.88,52.13,51.4123,1108800,0,1,AOS
2019-03-18,51.43,52.19,51.34,52.1,51.3827,1196700,0,1,AOS
2019-03-15,50.95,51.72,50.9466,51.32,50.6135,3047500,0,1,AOS
2019-03-14,51.3,51.49,50.9,50.97,50.2683,1307200,0,1,AOS
2019-03-13,51.72,51.7816,51.325,51.41,50.7022,1141700,0,1,AOS
2019-03-12,51.35,51.73,51.188,51.44,50.7318,869400,0,1,AOS
2019-03-11,50.8,51.32,50.54,51.15,50.4458,1634300,0,1,AOS
2019-03-08,50.3701,51,50.26,50.87,50.1697,894400,0,1,AOS
2019-03-07,51.6,51.83,50.51,50.72,50.0217,1582400,0,1,AOS
2019-03-06,52.04,52.38,51.835,51.87,51.1559,1289700,0,1,AOS
2019-03-05,52.48,52.64,51.96,52,51.2841,1225100,0,1,AOS
2019-03-04,52.76,53.0702,52.17,52.5,51.7772,1525800,0,1,AOS
2019-03-01,52.55,53.1,52.24,52.58,51.8561,1989200,0,1,AOS
2019-02-28,52.64,52.64,51.82,51.93,51.2151,1583300,0,1,AOS
2019-02-27,52.63,53.08,52.16,52.74,52.0139,1536400,0,1,AOS
2019-02-26,53.209,53.32,52.49,52.78,52.0534,1628300,0,1,AOS
2019-02-25,53.38,53.96,53.32,53.34,52.6057,2241600,0,1,AOS
2019-02-22,52.75,53.23,52.65,53.18,52.4479,1555500,0,1,AOS
2019-02-21,52.4,52.87,52.12,52.61,51.8857,1423500,0,1,AOS
2019-02-20,52,52.5494,51.91,52.47,51.7476,1423700,0,1,AOS
2019-02-19,51.42,52.225,51.1417,51.99,51.2742,1968900,0,1,AOS
2019-02-15,51.39,52.01,51.24,51.64,50.9291,2207500,0,1,AOS
2019-02-14,50.85,51.49,50.8,51.09,50.3866,1010500,0,1,AOS
2019-02-13,51.03,51.66,50.96,51.42,50.7121,1272600,0,1,AOS
2019-02-12,50.02,50.95,49.87,50.89,50.1894,1388300,0,1,AOS
2019-02-11,49.34,49.76,49.08,49.67,48.9862,760600,0,1,AOS
2019-02-08,49.12,49.26,48.18,49.26,48.5818,1214100,0,1,AOS
2019-02-07,49.68,50.11,49.08,49.31,48.6311,1006800,0,1,AOS
2019-02-06,49.54,50.195,49.42,49.75,49.0651,1702100,0,1,AOS
2019-02-05,49.36,49.75,49.13,49.57,48.8876,1903200,0,1,AOS
2019-02-04,48.13,49.53,48.0058,49.27,48.5917,1645800,0,1,AOS
2019-02-01,48,48.53,47.64,48.17,47.5068,1625600,0,1,AOS
2019-01-31,47.67,47.88,47.35,47.86,47.2011,2014300,0,1,AOS
2019-01-30,47.55,47.85,46.53,47.8,47.1419,2669100,0.22,1,AOS
2019-01-29,47.25,48.7,46.01,47.86,46.9841,4315700,0,1,AOS
2019-01-28,47.04,48.4,46.96,48.2,47.3179,1937800,0,1,AOS
2019-01-25,46.88,47.91,46.83,47.6,46.7289,2524900,0,1,AOS
2019-01-24,46.36,46.85,46.13,46.4,45.5508,1861200,0,1,AOS
2019-01-23,47.44,47.52,46.0698,46.48,45.6294,2191700,0,1,AOS
2019-01-22,47.84,47.8406,46.85,47.16,46.2969,1668700,0,1,AOS
2019-01-18,46.87,48.13,46.61,48.01,47.1314,1668900,0,1,AOS
2019-01-17,45.49,46.5914,45.4,46.48,45.6294,1106800,0,1,AOS
2019-01-16,45.9147,46.41,45.67,45.72,44.8833,2507800,0,1,AOS
2019-01-15,46.32,46.705,45.39,46.01,45.168,1065500,0,1,AOS
2019-01-14,46.35,46.72,45.99,46.4,45.5508,1167700,0,1,AOS
2019-01-11,46.18,46.65,46.11,46.34,45.4919,1026400,0,1,AOS
2019-01-10,46.55,46.62,45.97,46.55,45.6981,1405200,0,1,AOS
2019-01-09,46.36,46.9682,46.04,46.65,45.7963,2743600,0,1,AOS
2019-01-08,45.38,46.01,45.12,46.01,45.168,2195900,0,1,AOS
2019-01-07,44.12,45.35,43.585,44.91,44.0881,2013500,0,1,AOS
2019-01-04,43.09,44.2,42.88,44.12,43.3126,2864400,0,1,AOS
2019-01-03,43.1,43.14,42.13,42.42,41.6437,1700000,0,1,AOS
2019-01-02,42.21,43.4893,41.61,43.47,42.6745,1998500,0,1,AOS
2018-12-31,42.82,43.34,42.368,42.7,41.9186,2769500,0,1,AOS
2018-12-28,43.11,43.71,42.48,42.7,41.9186,1934600,0,1,AOS
2018-12-27,42.52,43.14,41.84,42.9,42.1149,2358900,0,1,AOS
2018-12-26,42.06,43.18,41.15,43.17,42.38,1260700,0,1,AOS
2018-12-24,41.77,42.77,41.603,42.01,41.2412,991200,0,1,AOS
2018-12-21,43.12,43.59,41.82,41.99,41.2216,4223500,0,1,AOS
2018-12-20,42.39,43.55,42.31,42.87,42.0854,3142100,0,1,AOS
2018-12-19,43.1,44.52,42.52,42.71,41.9284,2349400,0,1,AOS
2018-12-18,42.7,43.52,42.61,43.03,42.2425,2899600,0,1,AOS
2018-12-17,41.34,42.66,41.01,42.38,41.6044,3106700,0,1,AOS
2018-12-14,41.71,42.464,41.22,41.41,40.6522,1427500,0,1,AOS
2018-12-13,42.85,43.05,41.99,42.24,41.467,1068600,0,1,AOS
2018-12-12,43.34,43.52,42.54,42.57,41.7909,1134900,0,1,AOS
2018-12-11,43.67,43.96,42.53,42.66,41.8793,1205200,0,1,AOS
2018-12-10,43.8,44.035,42.22,42.97,42.1836,1729500,0,1,AOS
2018-12-07,44.6,45.33,43.8394,43.91,43.1064,1220700,0,1,AOS
2018-12-06,44.47,44.63,43.26,44.6,43.7838,2334500,0,1,AOS
2018-12-04,47.68,47.97,45.05,45.17,44.3434,1492900,0,1,AOS
2018-12-03,48.38,49.29,47.31,48.04,47.1608,1993200,0,1,AOS
2018-11-30,46.83,47.59,46.5,47.38,46.5129,1808800,0,1,AOS
2018-11-29,46.9781,47.175,46.29,46.84,45.9828,1000100,0,1,AOS
2018-11-28,46.3,47.22,45.45,47.22,46.3558,1500900,0,1,AOS
2018-11-27,47.3,47.477,45.85,46.11,45.2662,1338100,0,1,AOS
2018-11-26,46,46.46,45.8209,46.43,45.5803,1626000,0,1,AOS
2018-11-23,45.51,46.0558,45.42,45.64,44.8048,683200,0,1,AOS
2018-11-21,45.74,46.47,45.64,45.73,44.8931,932000,0,1,AOS
2018-11-20,45.04,46.23,44.87,45.43,44.5986,1798400,0,1,AOS
2018-11-19,45.84,46.4,45.55,45.64,44.8048,1024400,0,1,AOS
2018-11-16,46.02,46.44,45.71,46.01,45.168,1083400,0,1,AOS
2018-11-15,44.81,46.58,44.64,46.25,45.4036,1387600,0,1,AOS
2018-11-14,46.13,46.57,44.94,45.23,44.4023,2213900,0,1,AOS
2018-11-13,45.67,46.9,45.55,45.71,44.8735,1845300,0,1,AOS
2018-11-12,45.69,45.94,45.2,45.34,44.5103,2496300,0,1,AOS
2018-11-09,46.56,46.94,45.2,45.76,44.9226,3173400,0,1,AOS
2018-11-08,47.56,47.95,46.61,46.81,45.9533,2022400,0,1,AOS
2018-11-07,48,48.11,46.2,47.7,46.8271,2046000,0,1,AOS
2018-11-06,47.34,47.99,47.06,47.54,46.67,1561200,0,1,AOS
2018-11-05,48.25,48.25,47.06,47.5,46.6307,2115900,0,1,AOS
2018-11-02,48.5,48.83,47.3,48.09,47.2099,3111500,0,1,AOS
2018-11-01,45.86,48.92,45.51,48.09,47.2099,4644500,0,1,AOS
2018-10-31,46.15,47.16,45.08,45.53,44.6968,6521900,0,1,AOS
2018-10-30,40.81,45.85,40.3389,45.72,44.8833,6189400,0.22,1,AOS
2018-10-29,44.45,44.81,41.74,42.28,41.2903,4916900,0,1,AOS
2018-10-26,44.54,44.79,43.57,43.74,42.7161,3326000,0,1,AOS
2018-10-25,44.74,45.55,44.62,45.18,44.1224,1949500,0,1,AOS
2018-10-24,45,45.79,44.28,44.33,43.2923,2613700,0,1,AOS
2018-10-23,44.68,45.65,44.31,45.2,44.1419,2980400,0,1,AOS
2018-10-22,45.33,45.98,45.247,45.49,44.4251,4464600,0,1,AOS
2018-10-19,46.53,46.78,45.09,45.18,44.1224,2300700,0,1,AOS
2018-10-18,47.37,47.445,46.15,46.45,45.3627,1889400,0,1,AOS
2018-10-17,48.54,48.66,47.4,47.62,46.5053,1472100,0,1,AOS
2018-10-16,47.88,48.75,47.71,48.64,47.5014,2754500,0,1,AOS
2018-10-15,47.77,47.98,47.56,47.56,46.4467,1809900,0,1,AOS
2018-10-12,48.68,48.91,47.32,47.76,46.642,2878100,0,1,AOS
2018-10-11,48.54,49.23,47.65,47.87,46.7494,3999100,0,1,AOS
2018-10-10,49.49,49.78,48.46,48.49,47.3549,3337500,0,1,AOS
2018-10-09,51.86,51.86,49.8,49.86,48.6928,1723700,0,1,AOS
2018-10-08,51.53,51.7846,51.15,51.77,50.5581,1093900,0,1,AOS
2018-10-05,52.42,52.54,51.03,51.53,50.3237,1552500,0,1,AOS
2018-10-04,53,53.06,51.98,52.31,51.0855,1573800,0,1,AOS
2018-10-03,52.61,53.464,52.29,53.07,51.8277,1297900,0,1,AOS
2018-10-02,52.7811,53.36,52.16,52.32,51.0952,2571800,0,1,AOS
2018-10-01,53.78,54.71,53.718,53.86,52.5992,2401600,0,1,AOS
2018-09-28,54.05,54.157,53.21,53.37,52.1207,3237500,0,1,AOS
2018-09-27,55.11,55.22,53.99,54.1,52.8336,2202100,0,1,AOS
2018-09-26,56,56,54.02,55.01,53.7223,3643300,0,1,AOS
2018-09-25,57.73,57.8,55.23,55.81,54.5036,2956300,0,1,AOS
2018-09-24,59.5,59.505,58.08,58.12,56.7595,1198100,0,1,AOS
2018-09-21,60.66,61.01,59.62,59.72,58.322,2342300,0,1,AOS
2018-09-20,61.06,61.08,60.33,60.48,59.0642,1303200,0,1,AOS
2018-09-19,59.32,60.8131,59.31,60.63,59.2107,1736200,0,1,AOS
2018-09-18,59.5,59.595,58.92,59.32,57.9314,1092000,0,1,AOS
2018-09-17,59.4,59.6603,59.06,59.43,58.0388,1242400,0,1,AOS
2018-09-14,59.08,59.74,59.08,59.36,57.9704,730500,0,1,AOS
2018-09-13,59.35,59.63,58.72,59.07,57.6872,803400,0,1,AOS
2018-09-12,58.41,59.06,57.89,59,57.6189,1043100,0,1,AOS
2018-09-11,58.94,58.94,58.41,58.47,57.1013,678300,0,1,AOS
2018-09-10,58.75,59.41,58.7,59.05,57.6677,1142800,0,1,AOS
2018-09-07,57.78,58.51,57.74,58.5,57.1306,977700,0,1,AOS
2018-09-06,57.91,58.605,57.7122,57.98,56.6228,872500,0,1,AOS
2018-09-05,57.5,57.91,57.36,57.86,56.5056,1546600,0,1,AOS
2018-09-04,57.64,57.77,57.16,57.74,56.3884,1187900,0,1,AOS
2018-08-31,58.2492,58.5,57.9,58.08,56.7204,909500,0,1,AOS
2018-08-30,59.22,59.3,58.02,58.49,57.1208,899800,0,1,AOS
2018-08-29,59.31,59.49,58.89,59.36,57.9704,813600,0,1,AOS
2018-08-28,59.48,59.53,58.95,59.23,57.8435,763700,0,1,AOS
2018-08-27,58.7,59.48,58.7,59.33,57.9412,743300,0,1,AOS
2018-08-24,58.44,58.58,58.2165,58.39,57.0232,577200,0,1,AOS
2018-08-23,58.38,58.38,57.69,58.12,56.7595,1214400,0,1,AOS
2018-08-22,59.08,59.08,58.39,58.44,57.072,747800,0,1,AOS
2018-08-21,58.63,59.23,58.63,59.14,57.7556,957300,0,1,AOS
2018-08-20,58.49,59,58.49,58.63,57.2575,861500,0,1,AOS
2018-08-17,58.13,58.44,58.02,58.33,56.9646,1318700,0,1,AOS
2018-08-16,58.21,58.63,58.07,58.22,56.8571,781900,0,1,AOS
2018-08-15,57.39,58.08,56.99,57.98,56.6228,1459700,0,1,AOS
2018-08-14,56.93,57.97,56.9,57.72,56.3688,1253700,0,1,AOS
2018-08-13,57.4371,57.57,56.65,56.75,55.4215,1166700,0,1,AOS
2018-08-10,57.81,57.93,57.31,57.46,56.1149,1142500,0,1,AOS
2018-08-09,58.5467,58.96,58.04,58.13,56.7692,1335500,0,1,AOS
2018-08-08,59.09,59.09,58.3985,58.49,57.1208,852600,0,1,AOS
2018-08-07,58.99,59.74,58.842,59.13,57.7458,1150400,0,1,AOS
2018-08-06,58.79,59.13,58.41,58.66,57.2868,1533300,0,1,AOS
2018-08-03,58.96,59.12,58.12,58.75,57.3747,985700,0,1,AOS
2018-08-02,58.45,58.95,58.075,58.76,57.3845,681900,0,1,AOS
2018-08-01,59.34,59.52,58.48,58.67,57.2966,1042500,0,1,AOS
2018-07-31,58.92,59.99,58.92,59.53,58.1365,1981900,0,1,AOS
2018-07-30,59.18,59.955,58.59,58.66,57.2868,1365600,0.18,1,AOS
2018-07-27,59.57,59.98,58.81,59.13,57.57,1291700,0,1,AOS
2018-07-26,58.46,60.27,58.46,59.44,57.8719,1892100,0,1,AOS
2018-07-25,58.74,59.589,56.301,58.42,56.8788,4045100,0,1,AOS
2018-07-24,59.73,60.3593,59.285,59.61,58.0374,2007900,0,1,AOS
2018-07-23,60,60.0012,58.96,59.14,57.5798,1533900,0,1,AOS
2018-07-20,59.87,60.56,59.77,60.03,58.4463,1564800,0,1,AOS
2018-07-19,59.44,60.35,59.07,60.06,58.4755,1339900,0,1,AOS
2018-07-18,60.04,60.26,59.1,59.69,58.1153,1957900,0,1,AOS
2018-07-17,59.37,60.0138,58.86,59.84,58.2613,2256100,0,1,AOS
2018-07-16,60.05,60.14,59.085,59.47,57.9011,1288500,0,1,AOS
2018-07-13,59.91,60.64,59.81,60.23,58.641,1015300,0,1,AOS
2018-07-12,59.19,59.9831,59.02,59.79,58.2126,1144000,0,1,AOS
2018-07-11,58.38,60.89,58.38,58.85,57.2974,1495700,0,1,AOS
2018-07-10,61.29,61.4419,60.87,61.39,59.7704,959600,0,1,AOS
2018-07-09,60.28,61.4,60.02,61.2,59.5854,996000,0,1,AOS
2018-07-06,59.8987,60.17,59.5,59.87,58.2905,799400,0,1,AOS
2018-07-05,59.05,60.07,58.66,59.95,58.3684,1829300,0,1,AOS
2018-07-03,59.51,59.81,58.61,58.73,57.1806,855600,0,1,AOS
2018-07-02,58.64,59.06,58.06,58.99,57.4337,1792100,0,1,AOS
2018-06-29,58.86,59.78,58.47,59.15,57.5895,1508200,0,1,AOS
2018-06-28,59.09,59.16,57.77,58.54,56.9956,2986100,0,1,AOS
2018-06-27,59.66,60.34,58.88,59.28,57.7161,2546200,0,1,AOS
2018-06-26,59.26,59.75,58.9858,59.59,58.0179,1962300,0,1,AOS
2018-06-25,59.81,59.93,58.26,59,57.4435,1936200,0,1,AOS
2018-06-22,60.53,60.9,60.01,60.27,58.68,1488900,0,1,AOS
2018-06-21,61.46,61.59,59.93,60.06,58.4755,1342300,0,1,AOS
2018-06-20,61.7965,61.85,61.08,61.5,59.8775,840000,0,1,AOS
2018-06-19,62.2131,62.23,60.8,61.49,59.8678,1665500,0,1,AOS
2018-06-18,62.51,62.99,62.33,62.84,61.1822,1740600,0,1,AOS
2018-06-15,63.7,63.7381,62.36,62.88,61.2211,2341800,0,1,AOS
2018-06-14,64.42,64.64,63.52,63.97,62.2824,1424800,0,1,AOS
2018-06-13,65.31,65.57,64.18,64.21,62.516,1346200,0,1,AOS
2018-06-12,64.49,65.355,64.37,65.24,63.5189,973200,0,1,AOS
2018-06-11,64.86,65.15,64.39,64.47,62.7692,880900,0,1,AOS
2018-06-08,63.9,64.88,63.87,64.84,63.1294,1029500,0,1,AOS
2018-06-07,63.71,64,63.19,63.75,62.0682,895300,0,1,AOS
2018-06-06,63.08,63.61,62.46,63.6,61.9221,1260400,0,1,AOS
2018-06-05,62.83,63.16,62.5939,62.98,61.3185,1536600,0,1,AOS
2018-06-04,63.8329,64.08,62.7,62.78,61.1237,1098300,0,1,AOS
2018-06-01,63.38,64.2028,63.01,63.54,61.8637,905700,0,1,AOS
2018-05-31,64.5,64.5,62.8179,63.07,61.4061,788700,0,1,AOS
2018-05-30,64.33,64.78,63.85,64.44,62.74,687100,0,1,AOS
2018-05-29,64.03,64.65,63.4,63.88,62.1947,723800,0,1,AOS
2018-05-25,64.31,64.72,64.14,64.47,62.7692,498900,0,1,AOS
2018-05-24,63.88,64.467,63.54,64.43,62.7302,627400,0,1,AOS
2018-05-23,63.48,63.95,63.238,63.92,62.2337,358700,0,1,AOS
2018-05-22,64.6431,64.74,63.64,63.69,62.0097,603300,0,1,AOS
2018-05-21,64.13,64.5,64.04,64.5,62.7984,697200,0,1,AOS
2018-05-18,63.24,63.835,63.11,63.69,62.0097,775500,0,1,AOS
2018-05-17,63.07,63.44,62.94,63.22,61.5521,533000,0,1,AOS
2018-05-16,63.09,63.63,62.92,63.08,61.4158,642200,0,1,AOS
2018-05-15,63.3,63.41,62.64,62.98,61.3185,903700,0,1,AOS
2018-05-14,64.1,64.24,63.45,63.66,61.9805,711100,0,1,AOS
2018-05-11,64.09,64.6304,63.75,63.99,62.3018,944600,0,1,AOS
2018-05-10,63.49,64.1,63.36,64.08,62.3895,732400,0,1,AOS
2018-05-09,63.26,63.71,62.75,63.35,61.6787,827200,0,1,AOS
2018-05-08,62.6702,63.18,62.62,62.98,61.3185,853900,0,1,AOS
2018-05-07,62.51,63.03,62.35,62.71,61.0556,939400,0,1,AOS
2018-05-04,60.62,62.79,60.46,62.45,60.8025,996700,0,1,AOS
2018-05-03,60.5,61.3762,59.77,60.95,59.342,1200300,0,1,AOS
2018-05-02,61.35,61.81,60.7,60.78,59.1765,1081100,0,1,AOS
2018-05-01,61.25,61.6,60.2377,61.51,59.8872,1498400,0,1,AOS
2018-04-30,62.5525,62.94,61.35,61.35,59.7315,1131100,0,1,AOS
2018-04-27,62.58,62.61,62.03,62.37,60.7246,727500,0.18,1,AOS
2018-04-26,61.54,63.13,61.37,62.65,60.8219,1583700,0,1,AOS
2018-04-25,63.5,64.05,60.64,61.5,59.7055,3161200,0,1,AOS
2018-04-24,65.16,65.22,61.1,62.11,60.2977,2272600,0,1,AOS
2018-04-23,65.54,65.59,64.5621,64.9,63.0063,1064800,0,1,AOS
2018-04-20,65.53,65.8153,64.96,65.27,63.3655,724500,0,1,AOS
2018-04-19,65.76,65.885,64.9,65.28,63.3752,903000,0,1,AOS
2018-04-18,65.68,66.21,65.51,65.86,63.9383,719200,0,1,AOS
2018-04-17,65.1942,65.94,65.02,65.5,63.5888,721000,0,1,AOS
2018-04-16,64.47,65.03,64,64.74,62.8509,1597900,0,1,AOS
2018-04-13,64.52,64.52,63.48,63.79,61.9287,1033500,0,1,AOS
2018-04-12,64.19,64.89,63.86,63.99,62.1228,672900,0,1,AOS
2018-04-11,63.9905,64.15,63.46,63.58,61.7248,700000,0,1,AOS
2018-04-10,63.82,65.04,63.82,64.49,62.6082,818000,0,1,AOS
2018-04-09,63.75,63.99,62.97,63,61.1617,640700,0,1,AOS
2018-04-06,64.34,64.81,62.57,63.17,61.3268,997400,0,1,AOS
2018-04-05,64.81,65.52,64.51,64.98,63.084,943000,0,1,AOS
2018-04-04,62.4591,64.45,62,64.38,62.5014,1375100,0,1,AOS
2018-04-03,61.91,63.17,61.42,63.14,61.2976,1462100,0,1,AOS
2018-04-02,63.4525,63.5,60.87,61.61,59.8123,1029200,0,1,AOS
2018-03-29,63,64.11,62.64,63.59,61.7345,788300,0,1,AOS
2018-03-28,62.43,63.235,62.01,62.52,60.6957,833200,0,1,AOS
2018-03-27,64.48,64.48,62.07,62.48,60.6569,1296500,0,1,AOS
2018-03-26,63.55,64.33,62.94,64.23,62.3558,979400,0,1,AOS
2018-03-23,64.41,64.81,62.34,62.45,60.6278,1239900,0,1,AOS
2018-03-22,65.56,66.24,64.45,64.48,62.5985,1105700,0,1,AOS
2018-03-21,65.82,66.48,65.65,65.65,63.7344,680300,0,1,AOS
2018-03-20,65.38,66.04,65.38,65.71,63.7926,551000,0,1,AOS
2018-03-19,65.58,65.62,64.55,65.2,63.2975,638600,0,1,AOS
2018-03-16,65.17,65.9,65.11,65.64,63.7247,1012200,0,1,AOS
2018-03-15,65.31,65.63,64.92,65.24,63.3364,713400,0,1,AOS
2018-03-14,66.31,66.4224,65.145,65.3,63.3946,432800,0,1,AOS
2018-03-13,66.5,66.65,65.65,65.88,63.9577,654700,0,1,AOS
2018-03-12,66.85,66.85,66.1,66.28,64.346,656900,0,1,AOS
2018-03-09,65,66.6,64.73,66.49,64.5499,758800,0,1,AOS
2018-03-08,64.06,64.81,63.84,64.54,62.6568,1204300,0,1,AOS
2018-03-07,62.48,64.15,62.48,64.02,62.152,802100,0,1,AOS
2018-03-06,63,63.46,62.77,63.28,61.4335,966000,0,1,AOS
2018-03-05,61.4995,63.03,61.4,62.81,60.9773,947200,0,1,AOS
2018-03-02,61.5575,62.18,60.73,61.88,60.0744,1064400,0,1,AOS
2018-03-01,64.19,64.21,61.4,62.06,60.2491,1521800,0,1,AOS
2018-02-28,65.65,65.91,64.19,64.19,62.317,1150300,0,1,AOS
2018-02-27,66.42,66.769,65.38,65.39,63.482,1038100,0,1,AOS
2018-02-26,66.56,66.65,65.77,66.23,64.2975,906000,0,1,AOS
2018-02-23,66.16,66.58,65.68,66.41,64.4722,751700,0,1,AOS
2018-02-22,65.62,66.3,65.16,65.56,63.647,772900,0,1,AOS
2018-02-21,65.34,66.8895,65.32,65.38,63.4723,1026300,0,1,AOS
2018-02-20,65.1,66.07,65.07,65.44,63.5305,1214200,0,1,AOS
2018-02-16,64.98,66.37,64.98,65.54,63.6276,1723900,0,1,AOS
2018-02-15,64.44,65.26,63.965,65.23,63.3267,1186700,0,1,AOS
2018-02-14,62.27,64.13,62.04,64.06,62.1908,939100,0,1,AOS
2018-02-13,61.7527,62.89,61.42,62.73,60.8996,773900,0,1,AOS
2018-02-12,61.58,62.53,60.99,61.98,60.1715,1063600,0,1,AOS
2018-02-09,60.89,61.51,58.71,60.96,59.1812,1271800,0,1,AOS
2018-02-08,62.76,62.825,60.22,60.24,58.4823,1237500,0,1,AOS
2018-02-07,62.16,63.86,62.13,62.72,60.8899,1155300,0,1,AOS
2018-02-06,60.3,62.71,59.5,62.32,60.5016,2007200,0,1,AOS
2018-02-05,64.29,64.74,61.45,61.56,59.7637,1560300,0,1,AOS
2018-02-02,66.16,66.4,64.63,64.64,62.7539,1006000,0,1,AOS
2018-02-01,66.99,68.12,66.3401,66.79,64.8411,1481500,0,1,AOS
2018-01-31,67.16,67.44,66.33,66.78,64.8314,4651900,0,1,AOS
2018-01-30,64.2,67.07,63,66.42,64.4819,2342700,0.18,1,AOS
2018-01-29,67.84,68.39,66.78,66.82,64.6955,1373500,0,1,AOS
2018-01-26,67.72,68.12,67.2,67.84,65.6831,1310600,0,1,AOS
2018-01-25,67.05,67.81,66.92,67.4,65.2571,1418600,0,1,AOS
2018-01-24,67.16,67.649,66.46,66.8,64.6761,900700,0,1,AOS
2018-01-23,66.89,67.19,66.37,66.8,64.6761,655600,0,1,AOS
2018-01-22,67.03,67.065,66.42,67,64.8698,929000,0,1,AOS
2018-01-19,66.18,67.05,65.95,67.04,64.9085,635200,0,1,AOS
2018-01-18,65.43,66.11,65.43,65.91,63.8144,507700,0,1,AOS
2018-01-17,65.47,65.76,64.99,65.59,63.5046,677900,0,1,AOS
2018-01-16,65.69,66.19,64.83,65.07,63.0011,1003200,0,1,AOS
2018-01-12,64.88,65.3738,64.65,65.32,63.2432,856600,0,1,AOS
2018-01-11,63.61,64.77,63.57,64.75,62.6913,558700,0,1,AOS
2018-01-10,63.12,63.7043,63,63.41,61.3939,634400,0,1,AOS
2018-01-09,63.32,63.655,63.15,63.24,61.2293,526400,0,1,AOS
2018-01-08,62.88,63.4,62.6,63.29,61.2777,572300,0,1,AOS
2018-01-05,62.41,63,62.37,62.99,60.9873,619400,0,1,AOS
2018-01-04,62,62.4,61.8228,62.19,60.2127,934500,0,1,AOS
2018-01-03,61.6,61.99,61.2897,61.9,59.9319,766100,0,1,AOS
2018-01-02,61.45,61.61,61.04,61.53,59.5737,679200,0,1,AOS
2017-12-29,61.85,61.85,61.2786,61.28,59.3316,614500,0,1,AOS
2017-12-28,61.88,62.0827,61.17,61.61,59.6511,543600,0,1,AOS
2017-12-27,61.8412,62.07,61.71,61.88,59.9126,494600,0,1,AOS
2017-12-26,61.4,61.75,61.16,61.66,59.6996,322900,0,1,AOS
2017-12-22,61.9,61.975,61.14,61.26,59.3123,571800,0,1,AOS
2017-12-21,61.82,61.97,61.48,61.71,59.748,733700,0,1,AOS
2017-12-20,61.52,61.68,61.27,61.48,59.5253,508100,0,1,AOS
2017-12-19,61.46,61.68,61.15,61.29,59.3413,481100,0,1,AOS
2017-12-18,61.12,61.36,60.88,61.28,59.3316,621900,0,1,AOS
2017-12-15,60.48,60.99,60.3,60.73,58.7991,1133500,0,1,AOS
2017-12-14,61.04,61.255,60.03,60.04,58.1311,561200,0,1,AOS
2017-12-13,61.05,61.35,60.95,60.97,59.0315,638900,0,1,AOS
2017-12-12,61.31,61.56,61.03,61.06,59.1186,642200,0,1,AOS
2017-12-11,62.21,62.21,61.23,61.36,59.4091,642900,0,1,AOS
2017-12-08,61.71,62.26,61.34,62.22,60.2418,837700,0,1,AOS
2017-12-07,61.5,61.735,61.245,61.59,59.6318,465900,0,1,AOS
2017-12-06,61.5,61.6947,61.27,61.4,59.4478,700300,0,1,AOS
2017-12-05,62.24,62.53,61.49,61.58,59.6221,628300,0,1,AOS
2017-12-04,63.197,63.59,62.19,62.2,60.2224,998500,0,1,AOS
2017-12-01,63.52,63.66,61.79,62.81,60.813,823000,0,1,AOS
2017-11-30,62.65,63.7044,62.6,63.42,61.4036,962000,0,1,AOS
2017-11-29,62.26,62.7,61.95,62.5,60.5129,914500,0,1,AOS
2017-11-28,61.47,62.51,61.17,62.26,60.2805,1089400,0,1,AOS
2017-11-27,60.5,61.56,60.44,61.37,59.4188,1365500,0,1,AOS
2017-11-24,60.91,60.98,60.385,60.58,58.6539,429400,0,1,AOS
2017-11-22,60.76,60.96,60.44,60.86,58.925,1211900,0,1,AOS
2017-11-21,59.66,61.11,59.6,60.77,58.8379,1942400,0,1,AOS
2017-11-20,59.01,59.61,59.01,59.49,57.5986,632400,0,1,AOS
2017-11-17,58.79,59.32,58.54,58.89,57.0176,577900,0,1,AOS
2017-11-16,58.54,59.43,58.54,59.03,57.1532,838200,0,1,AOS
2017-11-15,58.56,58.82,58.2837,58.41,56.5529,675900,0,1,AOS
2017-11-14,58.79,59.28,58.58,58.82,56.9499,768600,0,1,AOS
2017-11-13,58.39,59,58.28,58.92,57.0467,536000,0,1,AOS
2017-11-10,58.36,58.76,58.27,58.56,56.6981,657500,0,1,AOS
2017-11-09,58.95,59.24,58.291,58.67,56.8046,672100,0,1,AOS
2017-11-08,59.26,59.82,59.04,59.57,57.676,669600,0,1,AOS
2017-11-07,59.67,59.825,59.09,59.5,57.6082,754500,0,1,AOS
2017-11-06,59.4,59.89,59.32,59.67,57.7728,827800,0,1,AOS
2017-11-03,59.9361,60.42,59.43,59.54,57.647,672000,0,1,AOS
2017-11-02,59.92,60.56,59.515,60.08,58.1698,1649900,0,1,AOS
2017-11-01,59.69,59.97,59.38,59.92,58.0149,1276500,0,1,AOS
2017-10-31,59.36,59.68,59.13,59.2,57.3178,1324600,0,1,AOS
2017-10-30,59.46,59.53,58.68,59.18,57.2984,932800,0.14,1,AOS
2017-10-27,59.7029,59.818,58.85,59.6,57.5695,1025800,0,1,AOS
2017-10-26,59.52,59.91,59.1259,59.67,57.6371,1451100,0,1,AOS
2017-10-25,61.26,61.29,58.21,59.11,57.0962,2337500,0,1,AOS
2017-10-24,61.55,62.1574,61.28,61.93,59.8201,1225600,0,1,AOS
2017-10-23,61.8,61.94,61.47,61.55,59.4531,769900,0,1,AOS
2017-10-20,61.14,61.8139,61.14,61.59,59.4917,673600,0,1,AOS
2017-10-19,60.55,60.955,60.2,60.8,58.7286,644000,0,1,AOS
2017-10-18,60.87,61,60.5415,60.64,58.5741,500400,0,1,AOS
2017-10-17,61.15,61.4029,60.57,60.72,58.6514,592200,0,1,AOS
2017-10-16,61.34,61.4469,60.98,61.21,59.1247,546900,0,1,AOS
2017-10-13,61.69,61.8,61.0708,61.16,59.0764,728500,0,1,AOS
2017-10-12,60.66,61.62,60.53,61.45,59.3565,546700,0,1,AOS
2017-10-11,60.73,60.835,60.41,60.65,58.5837,517300,0,1,AOS
2017-10-10,60.92,60.92,60.45,60.73,58.661,601300,0,1,AOS
2017-10-09,61.1,61.2,60.58,60.76,58.69,810200,0,1,AOS
2017-10-06,60.78,61.24,60.6538,61,58.9218,562000,0,1,AOS
2017-10-05,60.93,60.98,60.48,60.8,58.7286,660400,0,1,AOS
2017-10-04,60.56,60.94,60.36,60.86,58.7866,608400,0,1,AOS
2017-10-03,60.05,60.4,59.6473,60.39,58.3326,841500,0,1,AOS
2017-10-02,59.66,60.05,59.47,59.99,57.9462,778500,0,1,AOS
2017-09-29,58.91,59.525,58.75,59.43,57.4053,780800,0,1,AOS
2017-09-28,58.94,59.345,58.62,58.9,56.8934,537800,0,1,AOS
2017-09-27,59.2,59.42,58.65,59,56.9899,700200,0,1,AOS
2017-09-26,59.02,59.32,58.97,59.08,57.0672,559500,0,1,AOS
2017-09-25,59.46,59.7215,58.61,58.99,56.9803,591400,0,1,AOS
2017-09-22,59.0047,59.605,58.94,59.55,57.5212,745100,0,1,AOS
2017-09-21,59.2,59.24,58.82,59,56.9899,556300,0,1,AOS
2017-09-20,58.6,59.07,58.48,59.07,57.0576,859400,0,1,AOS
2017-09-19,58.38,58.55,58.03,58.48,56.4877,477700,0,1,AOS
2017-09-18,58.44,58.5,58.23,58.28,56.2945,654200,0,1,AOS
2017-09-15,58.08,58.26,57.67,58.22,56.2365,1220400,0,1,AOS
2017-09-14,57.8,58.14,57.77,58.13,56.1496,583900,0,1,AOS
2017-09-13,58.09,58.27,57.77,57.95,55.9757,616300,0,1,AOS
2017-09-12,57.65,58.24,57.46,58.17,56.1882,690100,0,1,AOS
2017-09-11,56.95,57.54,56.78,57.53,55.57,888000,0,1,AOS
2017-09-08,55.859,56.77,55.67,56.52,54.5944,658000,0,1,AOS
2017-09-07,55.63,55.93,55.172,55.88,53.9762,527200,0,1,AOS
2017-09-06,55.88,55.88,55.33,55.53,53.6382,681100,0,1,AOS
2017-09-05,55.7121,56.01,55.38,55.54,53.6478,559800,0,1,AOS
2017-09-01,55.87,56.04,55.737,55.79,53.8893,571200,0,1,AOS
2017-08-31,55.33,55.79,55.23,55.69,53.7927,714600,0,1,AOS
2017-08-30,54.368,55.09,54.29,55.07,53.1938,629300,0,1,AOS
2017-08-29,53.9016,54.51,53.62,54.33,52.4791,852900,0,1,AOS
2017-08-28,54.09,54.19,53.87,54.17,52.3245,502200,0,1,AOS
2017-08-25,53.8237,54.05,53.61,53.9,52.0637,680900,0,1,AOS
2017-08-24,54.24,54.4,53.42,53.46,51.6387,987800,0,1,AOS
2017-08-23,54.16,54.25,53.81,54.21,52.3631,919100,0,1,AOS
2017-08-22,53.89,54.45,53.73,54.42,52.566,409900,0,1,AOS
2017-08-21,53.89,53.95,53.52,53.75,51.9188,604600,0,1,AOS
2017-08-18,54.11,54.55,53.75,53.93,52.0927,966000,0,1,AOS
2017-08-17,54.7427,54.9,53.9,54.02,52.1796,819200,0,1,AOS
2017-08-16,54.48,55.0331,54.31,54.82,52.9524,845700,0,1,AOS
2017-08-15,54.16,54.56,54.03,54.34,52.4887,886800,0,1,AOS
2017-08-14,54.13,54.26,53.93,54.13,52.2859,587900,0,1,AOS
2017-08-11,53.53,54.33,53.53,53.68,51.8512,900200,0,1,AOS
2017-08-10,53.7,54.06,53.52,53.54,51.716,996900,0,1,AOS
2017-08-09,54.29,54.4689,53.79,54.03,52.1893,1268500,0,1,AOS
2017-08-08,54.51,55.02,54.33,54.4,52.5467,634600,0,1,AOS
2017-08-07,54.7975,55.2,54.42,54.55,52.6916,1311600,0,1,AOS
2017-08-04,54.93,54.93,54.93,54.93,53.0586,713000,0,1,AOS
2017-08-03,54.4,54.45,53.81,54.26,52.4114,776300,0,1,AOS
2017-08-02,53.72,54.4567,53.56,54.43,52.5756,1023900,0,1,AOS
2017-08-01,53.8,53.99,53.231,53.74,51.9091,960600,0,1,AOS
2017-07-31,54.47,54.71,53.4303,53.55,51.7256,2114400,0,1,AOS
2017-07-28,53.92,54.35,53.31,54.29,52.4404,1596600,0,1,AOS
2017-07-27,54.28,54.475,53.554,53.91,52.0734,1715500,0.14,1,AOS
2017-07-26,54.66,55.95,53.65,54.19,52.2086,2921600,0,1,AOS
2017-07-25,55.64,56.2,55.01,55.01,52.9986,32488300,0,1,AOS
2017-07-24,55.94,55.94,54.96,55.29,53.2684,1602800,0,1,AOS
2017-07-21,56.61,56.78,55.709,55.94,53.8946,1250000,0,1,AOS
2017-07-20,57.449,57.58,56.325,56.67,54.5979,2477700,0,1,AOS
2017-07-19,57.48,57.72,57.265,57.58,55.4746,319000,0,1,AOS
2017-07-18,57.44,57.69,57.19,57.31,55.2145,412200,0,1,AOS
2017-07-17,57.4,57.74,57.182,57.61,55.5035,204200,0,1,AOS
2017-07-14,57.59,57.75,57.301,57.44,55.3398,634500,0,1,AOS
2017-07-13,57.63,57.71,56.99,57.48,55.3783,418500,0,1,AOS
2017-07-12,57.56,57.97,57.2,57.47,55.3687,500300,0,1,AOS
2017-07-11,57.26,57.35,56.88,57.14,55.0507,448200,0,1,AOS
2017-07-10,57.1,57.61,57.07,57.2,55.1085,465700,0,1,AOS
2017-07-07,56.65,57.54,56.48,57.25,55.1567,408900,0,1,AOS
2017-07-06,56.97,57.29,56.35,56.58,54.5112,1091500,0,1,AOS
2017-07-05,56.67,57.33,56.55,57.2,55.1085,744900,0,1,AOS
2017-07-03,56.64,57.1,56.35,56.55,54.4823,284300,0,1,AOS
2017-06-30,55.94,56.72,55.85,56.33,54.2703,690300,0,1,AOS
2017-06-29,56.51,56.62,55.3228,55.95,53.9042,546800,0,1,AOS
2017-06-28,56.36,56.64,56.24,56.5,54.4341,551700,0,1,AOS
2017-06-27,56.7511,56.75,56.19,56.28,54.2222,600800,0,1,AOS
2017-06-26,56.57,56.89,56.245,56.75,54.675,510100,0,1,AOS
2017-06-23,56.2793,56.755,55.95,56.36,54.2992,966100,0,1,AOS
2017-06-22,56.69,56.69,56.01,56.27,54.2125,899500,0,1,AOS
2017-06-21,56.85,56.9,56.36,56.45,54.386,610300,0,1,AOS
2017-06-20,57.31,57.58,56.75,56.79,54.7135,582000,0,1,AOS
2017-06-19,57.2306,57.555,56.81,57.52,55.4168,512700,0,1,AOS
2017-06-16,56.75,57.11,56.36,56.74,54.6654,1877800,0,1,AOS
2017-06-15,56.27,56.85,56.27,56.8,54.7232,517400,0,1,AOS
2017-06-14,56.93,57.13,56.67,56.86,54.781,459400,0,1,AOS
2017-06-13,56.34,57.22,56.11,56.84,54.7617,795100,0,1,AOS
2017-06-12,55.92,56.17,55.31,56.12,54.068,633100,0,1,AOS
2017-06-09,56.42,56.87,55.54,56.04,53.9909,1015000,0,1,AOS
2017-06-08,55.84,56.43,55.48,56.37,54.3089,665700,0,1,AOS
2017-06-07,55.24,55.94,55.05,55.82,53.779,856800,0,1,AOS
2017-06-06,55.92,56.18,55.18,55.27,53.2491,1129100,0,1,AOS
2017-06-05,56.14,56.61,56.11,56.17,54.1162,730600,0,1,AOS
2017-06-02,55.5146,56.58,55.47,56.25,54.1933,1144000,0,1,AOS
2017-06-01,55.15,55.31,54.7304,55.24,53.2202,706400,0,1,AOS
2017-05-31,54.44,54.98,53.93,54.87,52.8637,1362600,0,1,AOS
2017-05-30,53.94,54.43,53.69,54.38,52.3916,561800,0,1,AOS
2017-05-26,54.29,54.43,53.99,54.07,52.093,578100,0,1,AOS
2017-05-25,54.41,54.71,54.262,54.5,52.5073,818000,0,1,AOS
2017-05-24,54.13,54.45,54.0713,54.29,52.3049,522900,0,1,AOS
2017-05-23,54.1,54.35,53.67,54.13,52.1508,578500,0,1,AOS
2017-05-22,54.04,54.31,53.8,53.86,51.8907,798500,0,1,AOS
2017-05-19,53,54.01,52.94,53.81,51.8425,993900,0,1,AOS
2017-05-18,53.18,53.63,52.9,53.02,51.0814,1281300,0,1,AOS
2017-05-17,53.78,54.18,53.38,53.43,51.4764,556200,0,1,AOS
2017-05-16,54.11,54.575,53.83,54.5,52.5073,671700,0,1,AOS
2017-05-15,53.57,54.18,53.56,54,52.0255,600200,0,1,AOS
2017-05-12,54.03,54.03,53.41,53.54,51.5824,519700,0,1,AOS
2017-05-11,54.1,54.225,53.51,54.11,52.1315,660400,0,1,AOS
2017-05-10,54.72,54.93,54.16,54.35,52.3627,763800,0,1,AOS
2017-05-09,54.97,55.23,54.6,54.84,52.8348,977700,0,1,AOS
2017-05-08,55.2,55.41,54.73,54.84,52.8348,831900,0,1,AOS
2017-05-05,54.9,55.38,54.85,55.33,53.3069,1092100,0,1,AOS
2017-05-04,54.11,54.83,54.02,54.81,52.8059,1275800,0,1,AOS
2017-05-03,53.02,54.15,53.005,54.02,52.0448,1091000,0,1,AOS
2017-05-02,53.85,54,53.05,53.21,51.2644,912500,0,1,AOS
2017-05-01,54.02,54.206,53.65,53.67,51.7076,1481100,0,1,AOS
2017-04-28,53.76,54.47,53.72,53.88,51.9099,1620800,0,1,AOS
2017-04-27,53.5,54.64,52.9,54.42,52.4302,1798000,0,1,AOS
2017-04-26,52.69,53.2,52.43,52.97,51.0332,1149500,0.14,1,AOS
2017-04-25,52.38,53,52.19,52.76,50.696,955700,0,1,AOS
2017-04-24,52.21,52.35,51.67,52,49.9657,934600,0,1,AOS
2017-04-21,51.11,51.57,50.86,51.37,49.3604,719600,0,1,AOS
2017-04-20,50.62,51.2,50.415,51.01,49.0145,802500,0,1,AOS
2017-04-19,50.47,50.85,50.2,50.37,48.3995,594700,0,1,AOS
2017-04-18,50.1785,50.52,50.05,50.28,48.313,817800,0,1,AOS
2017-04-17,49.7,50.44,49.64,50.42,48.4475,677400,0,1,AOS
2017-04-13,49.74,50.12,49.5363,49.56,47.6212,595900,0,1,AOS
2017-04-12,50.81,50.8056,49.74,49.85,47.8998,808700,0,1,AOS
2017-04-11,50.33,50.81,49.99,50.8,48.8127,760500,0,1,AOS
2017-04-10,49.84,50.45,49.84,50.33,48.3611,666400,0,1,AOS
2017-04-07,49.74,49.98,49.48,49.87,47.919,833000,0,1,AOS
2017-04-06,49.82,50.15,49.51,49.89,47.9383,1426100,0,1,AOS
2017-04-05,50.2,50.76,49.54,49.67,47.7269,1172400,0,1,AOS
2017-04-04,50.47,50.98,49.95,50.13,48.1689,1069800,0,1,AOS
2017-04-03,51.25,51.7,50.22,50.46,48.486,914000,0,1,AOS
2017-03-31,51.13,51.4,50.9493,51.16,49.1586,772600,0,1,AOS
2017-03-30,50.87,51.17,50.7,51.14,49.1394,538300,0,1,AOS
2017-03-29,51.18,51.18,50.46,50.8,48.8127,983500,0,1,AOS
2017-03-28,51.23,51.66,50.99,51.32,49.3123,838800,0,1,AOS
2017-03-27,50.63,51.55,50.3,51.39,49.3796,507200,0,1,AOS
2017-03-24,51.5,51.84,51,51.23,49.2258,413400,0,1,AOS
2017-03-23,50.91,51.47,50.62,51.27,49.2643,479100,0,1,AOS
2017-03-22,50.89,51.15,50.6,51,49.0048,679300,0,1,AOS
2017-03-21,52.25,52.39,50.86,50.96,48.9664,895700,0,1,AOS
2017-03-20,52.31,52.56,51.81,52.14,50.1002,552100,0,1,AOS
2017-03-17,52.01,52.26,51.69,52.17,50.1291,1338700,0,1,AOS
2017-03-16,52,52.24,51.57,51.83,49.8024,564300,0,1,AOS
2017-03-15,50.79,51.97,50.78,51.82,49.7928,907300,0,1,AOS
2017-03-14,50.21,50.67,49.89,50.53,48.5532,594300,0,1,AOS
2017-03-13,50.02,50.54,49.95,50.49,48.5148,694100,0,1,AOS
2017-03-10,49.81,50.27,49.78,50.09,48.1304,609200,0,1,AOS
2017-03-09,49.54,49.8,49.19,49.46,47.5251,977300,0,1,AOS
2017-03-08,49.64,50.06,49.46,49.54,47.602,546900,0,1,AOS
2017-03-07,49.72,50.1,49.51,49.64,47.698,694600,0,1,AOS
2017-03-06,49.88,50.13,49.605,49.62,47.6788,653400,0,1,AOS
2017-03-03,49.94,50.34,49.86,50.18,48.2169,561600,0,1,AOS
2017-03-02,50.84,50.9,49.84,49.87,47.919,894300,0,1,AOS
2017-03-01,50.96,51.62,50.96,51.08,49.0817,1029400,0,1,AOS
2017-02-28,51,51,50.305,50.36,48.3899,1279800,0,1,AOS
2017-02-27,50.53,51.26,50.52,51.13,49.1298,1077800,0,1,AOS
2017-02-24,50.11,50.57,49.89,50.56,48.5821,684400,0,1,AOS
2017-02-23,50.64,50.83,49.9605,50.52,48.5436,1044800,0,1,AOS
2017-02-22,50.301,50.52,49.93,50.48,48.5052,722500,0,1,AOS
2017-02-21,49.59,50.48,49.54,50.29,48.3226,735900,0,1,AOS
2017-02-17,49.44,49.665,48.96,49.59,47.65,754500,0,1,AOS
2017-02-16,49.4,49.78,49.13,49.68,47.7365,581300,0,1,AOS
2017-02-15,49.63,49.66,48.925,49.34,47.4098,828500,0,1,AOS
2017-02-14,49.72,49.8415,49.05,49.67,47.7269,628300,0,1,AOS
2017-02-13,50.15,50.4,49.93,49.95,47.9959,535400,0,1,AOS
2017-02-10,49.95,50.12,49.6,49.83,47.8806,861300,0,1,AOS
2017-02-09,49.06,49.99,49,49.89,47.9383,705900,0,1,AOS
2017-02-08,49.36,49.5,49.08,49.36,47.429,571900,0,1,AOS
2017-02-07,49.54,49.64,49.06,49.36,47.429,1054000,0,1,AOS
2017-02-06,49.31,49.76,49.14,49.57,47.6308,1169000,0,1,AOS
2017-02-03,47.57,49.82,47.57,49.36,47.429,2300100,0,1,AOS
2017-02-02,46.94,48.26,46.4449,47.19,45.3439,2708100,0,1,AOS
2017-02-01,48.67,49.22,48.05,48.45,46.5546,2014000,0,1,AOS
2017-01-31,48.1,48.97,47.6113,48.75,46.8429,2236700,0,1,AOS
2017-01-30,48.21,48.46,47.385,48.45,46.5546,986500,0,1,AOS
2017-01-27,48.7,48.75,48.25,48.58,46.6795,672500,0.14,1,AOS
2017-01-26,49.44,49.649,48.48,48.81,46.766,896900,0,1,AOS
2017-01-25,49.32,49.85,49.31,49.41,47.3409,704000,0,1,AOS
2017-01-24,48.07,49.2,48.07,48.98,46.9289,903000,0,1,AOS
2017-01-23,47.76,48.31,47.535,47.97,45.9612,890500,0,1,AOS
2017-01-20,47.44,47.89,47.27,47.89,45.8845,1325500,0,1,AOS
2017-01-19,47.83,48.2509,47.33,47.45,45.463,1187200,0,1,AOS
2017-01-18,47.91,48.17,47.69,47.9,45.8941,989000,0,1,AOS
2017-01-17,48.27,48.27,47.69,47.87,45.8654,731400,0,1,AOS
2017-01-13,47.85,48.88,47.85,48.46,46.4307,795900,0,1,AOS
2017-01-12,48.27,48.27,47.271,47.83,45.827,660900,0,1,AOS
2017-01-11,47.86,48.34,47.69,48.31,46.2869,539300,0,1,AOS
2017-01-10,47.44,48.12,47.35,47.76,45.76,902000,0,1,AOS
2017-01-09,47.5,47.66,46.9,47.4,45.4151,767100,0,1,AOS
2017-01-06,47.6992,48.15,47.49,47.72,45.7216,978800,0,1,AOS
2017-01-05,47.81,48.23,47.4967,47.7,45.7025,1447700,0,1,AOS
2017-01-04,47.7,48.52,47.68,47.92,45.9133,1041600,0,1,AOS
2017-01-03,47.7,48.11,47.19,47.5,45.5109,887100,0,1,AOS
2016-12-30,47.92,47.92,47.14,47.35,45.3671,864100,0,1,AOS
2016-12-29,47.69,47.97,47.3,47.66,45.6642,685600,0,1,AOS
2016-12-28,48.43,48.43,47.44,47.59,45.5971,738400,0,1,AOS
2016-12-27,48.08,48.38,47.81,48.24,46.2199,687100,0,1,AOS
2016-12-23,47.93,48.12,47.75,47.84,45.8366,805500,0,1,AOS
2016-12-22,48.66,48.76,47.7,47.89,45.8845,1149600,0,1,AOS
2016-12-21,48.76,48.8,48.44,48.61,46.5744,1467400,0,1,AOS
2016-12-20,48.5284,48.81,48.49,48.68,46.6414,1001400,0,1,AOS
2016-12-19,48.4005,49.07,48.25,48.65,46.6127,1011600,0,1,AOS
2016-12-16,48.78,49.08,48.46,48.51,46.4786,2381700,0,1,AOS
2016-12-15,49.4,49.63,48.55,48.61,46.5744,1313700,0,1,AOS
2016-12-14,49.86,50.62,49.37,49.46,47.3888,1873900,0,1,AOS
2016-12-13,50.5,50.82,49.69,49.91,47.8199,945500,0,1,AOS
2016-12-12,50.7,51.03,50.23,50.41,48.299,1173200,0,1,AOS
2016-12-09,50.67,51.05,50.56,50.87,48.7397,811300,0,1,AOS
2016-12-08,50.74,50.88,50.42,50.72,48.596,966900,0,1,AOS
2016-12-07,50.07,51.12,49.77,50.75,48.6248,1183600,0,1,AOS
2016-12-06,50,50.29,49.5,50.08,47.9828,1054500,0,1,AOS
2016-12-05,49.54,49.94,49.54,49.9,47.8103,1048100,0,1,AOS
2016-12-02,48.93,49.3596,48.71,49.23,47.1684,827500,0,1,AOS
2016-12-01,48.75,49.05,48.49,48.99,46.9385,1522600,0,1,AOS
2016-11-30,49.05,49.26,48.48,48.63,46.5935,1528100,0,1,AOS
2016-11-29,48.72,49.19,48.63,48.92,46.8714,1060200,0,1,AOS
2016-11-28,48.94,49,48.38,48.71,46.6702,1269400,0,1,AOS
2016-11-25,48.56,49.25,48.46,49.2,47.1397,483700,0,1,AOS
2016-11-23,48.09,48.64,47.9,48.57,46.5361,1348900,0,1,AOS
2016-11-22,47.82,48.25,47.57,48.23,46.2103,775500,0,1,AOS
2016-11-21,47.39,47.69,46.93,47.64,45.645,836500,0,1,AOS
2016-11-18,47.08,47.5,46.95,47.07,45.0989,847600,0,1,AOS
2016-11-17,46.9782,47.4,46.79,47.1,45.1276,1186900,0,1,AOS
2016-11-16,47.23,47.585,46.75,46.95,44.9839,1586900,0,1,AOS
2016-11-15,47.6,48.06,47.38,47.53,45.5396,988500,0,1,AOS
2016-11-14,48.4,48.84,47.11,47.56,45.5683,1223700,0,1,AOS
2016-11-11,48.14,48.621,47.59,48.06,46.0474,1112700,0,1,AOS
2016-11-10,47.96,48.64,47.89,48.31,46.2869,1613000,0,1,AOS
2016-11-09,45.39,47.88,45.3499,47.58,45.5875,1713900,0,1,AOS
2016-11-08,45.3874,46.095,45.36,45.99,44.0641,994600,0,1,AOS
2016-11-07,45.6,45.87,45.29,45.57,43.6617,1222600,0,1,AOS
2016-11-04,43.83,45.54,43.67,44.86,42.9814,1999400,0,1,AOS
2016-11-03,44.1,44.18,43.66,43.81,41.9754,924000,0,1,AOS
2016-11-02,44.52,44.765,43.9,44.02,42.1766,1206100,0,1,AOS
2016-11-01,45.17,45.62,44.5132,44.72,42.8473,1279500,0,1,AOS
2016-10-31,45.03,45.41,44.84,45.17,43.2784,2990400,0,1,AOS
2016-10-28,44.86,45.47,44.5,44.99,43.106,1905000,0,1,AOS
2016-10-27,45.36,45.72,44.43,44.9,43.0197,2023800,0.12,1,AOS
2016-10-26,46.58,47.13,45.1946,45.39,43.3742,3054400,0,1,AOS
2016-10-25,48.1,48.2,46.21,46.74,44.6643,2292700,0,1,AOS
2016-10-24,48.55,48.92,48.29,48.38,46.2315,635000,0,1,AOS
2016-10-21,48.04,48.34,47.84,48.09,45.9543,1034200,0,1,AOS
2016-10-20,48.53,48.58,47.97,48.46,46.3079,1065600,0,1,AOS
2016-10-19,49.11,49.16,48.605,48.8,46.6328,1269900,0,1,AOS
2016-10-18,49.769,50,49.18,49.2,47.015,682100,0,1,AOS
2016-10-17,49.07,49.6,48.9,49.36,47.1679,844500,0,1,AOS
2016-10-14,49.28,49.805,48.93,48.93,46.757,834100,0,1,AOS
2016-10-13,49.3,49.495,48.6568,49.29,47.101,1121700,0,1,AOS
2016-10-12,49.22,50.2,49,49.86,47.6457,1305400,0,1,AOS
2016-10-11,49.12,49.86,49.06,49.54,47.3399,1315800,0,1,AOS
2016-10-10,49.21,50.34,48.57,50.09,47.8655,1377200,0,1,AOS
2016-10-07,51.09,51.3991,49.69,49.97,47.7508,1326900,0,1,AOS
2016-10-06,50.56,51.49,50.391,51.41,49.1269,844600,0,2,AOS
2016-10-05,100.88,102.73,100.54,101.73,48.6061,2226400,0,1,AOS
2016-10-04,99.77,100.89,99.58,100.32,47.9324,1763800,0,1,AOS
2016-10-03,98.63,99.93,98.4371,99.62,47.598,1143000,0,1,AOS
2016-09-30,98.66,99.4,98.11,98.79,47.2014,1098000,0,1,AOS
2016-09-29,99.09,99.21,97.68,97.91,46.7809,793800,0,1,AOS
2016-09-28,98.52,99.16,97.84,99.09,47.3447,923600,0,1,AOS
2016-09-27,96.33,98.61,95.61,98.53,47.0771,1109200,0,1,AOS
2016-09-26,96.15,96.79,95.52,96.21,45.9687,738400,0,1,AOS
2016-09-23,97.06,97.62,96.78,96.88,46.2888,982200,0,1,AOS
2016-09-22,95.99,97.01,95.79,96.9,46.2984,1150200,0,1,AOS
2016-09-21,94.09,94.99,93.43,94.86,45.3236,603600,0,1,AOS
2016-09-20,94.11,94.28,93.28,93.28,44.5687,1035000,0,1,AOS
2016-09-19,92.89,94.07,92.38,93.16,44.5114,679800,0,2,AOS
2016-09-16,92.71,93.1,92.03,92.14,44.024,1350000,0,1,AOS
2016-09-15,91.66,93.47,91.13,93.28,44.5687,899400,0,1,AOS
2016-09-14,91.71,91.98,91.04,91.71,43.8186,715400,0,1,AOS
2016-09-13,92.34,92.71,91.24,91.6,43.766,1045400,0,1,AOS
2016-09-12,90.36,93.23,89.252,93.01,44.4397,1690400,0,1,AOS
2016-09-09,95.7,95.7,90.55,91.08,43.5176,2111400,0,1,AOS
2016-09-08,96.63,97,95.7,96.83,46.2649,1206600,0,1,AOS
2016-09-07,96.03,96.255,95.07,95.96,45.8492,1032600,0,1,AOS
2016-09-06,98.38,98.38,95.55,95.78,45.7632,1086400,0,1,AOS
2016-09-02,96.86,97.58,96.6,96.98,46.3366,1114400,0,1,AOS
2016-09-01,96.413,96.86,95.74,96.36,46.0403,942800,0,1,AOS
2016-08-31,96.52,97.1153,95.65,96.48,46.0977,778800,0,1,AOS
2016-08-30,96.71,96.87,96.26,96.84,46.2697,996200,0,1,AOS
2016-08-29,95.65,97.13,95.4645,96.63,46.1693,1025200,0,1,AOS
2016-08-26,95.52,96.03,94.5,95.32,45.5434,1034800,0,1,AOS
2016-08-25,95.2,95.6,94.78,95.5,45.6294,786400,0,1,AOS
2016-08-24,95.58,95.79,95.03,95.27,45.5195,648600,0,1,AOS
2016-08-23,95,96.16,94.96,95.79,45.768,987200,0,1,AOS
2016-08-22,94,94.67,93.51,94.65,45.2233,522000,0,1,AOS
2016-08-19,93.74,94.37,93.18,94.21,45.0131,728000,0,1,AOS
2016-08-18,93.6781,94.18,93.25,93.9,44.865,639000,0,1,AOS
2016-08-17,93.75,93.93,93.085,93.59,44.7169,529400,0,1,AOS
2016-08-16,94.55,94.57,93.44,93.51,44.6786,494400,0,1,AOS
2016-08-15,94.55,95.04,94.25,94.75,45.2711,565000,0,1,AOS
2016-08-12,94.87,94.87,93.72,94.1,44.9605,628200,0,1,AOS
2016-08-11,94.4601,94.92,93.905,94.86,45.3236,729800,0,1,AOS
2016-08-10,94.5517,94.71,93.696,94.34,45.0752,626800,0,1,AOS
2016-08-09,94.0316,94.46,93.59,94.35,45.08,701200,0,1,AOS
2016-08-08,94.34,94.55,93.16,93.79,44.8124,896000,0,1,AOS
2016-08-05,93.99,94.875,93.78,94.35,45.08,856400,0,1,AOS
2016-08-04,93.39,94.124,93.17,93.39,44.6213,794000,0,1,AOS
2016-08-03,92.51,93.25,91.81,93.25,44.5544,1167400,0,1,AOS
2016-08-02,92.8773,93.29,91.77,92.45,44.1722,1793200,0,1,AOS
2016-08-01,92.73,93.37,92.43,92.8,44.3394,1441200,0,1,AOS
2016-07-29,93.58,93.92,92.84,92.89,44.3824,1116800,0,1,AOS
2016-07-28,93.69,94.25,93.35,93.57,44.7073,913000,0,1,AOS
2016-07-27,94.35,94.7094,93.25,93.69,44.7646,1704400,0.24,1,AOS
2016-07-26,92.07,93.8,90.81,93.72,44.5496,2783800,0,1,AOS
2016-07-25,89.55,89.72,88.72,88.76,42.1919,1955600,0,1,AOS
2016-07-22,89.51,89.67,88.38,89.56,42.5722,2222000,0,1,AOS
2016-07-21,90.54,90.81,89.31,89.65,42.615,1008600,0,1,AOS
2016-07-20,90.89,91.06,89.98,90.57,43.0523,1370600,0,1,AOS
2016-07-19,91.07,91.13,90.2,90.38,42.962,1233800,0,1,AOS
2016-07-18,91,91.68,90.68,91.35,43.423,501600,0,1,AOS
2016-07-15,91.02,91.3,90.49,90.96,43.2377,936000,0,1,AOS
2016-07-14,91.77,91.9,90.64,90.65,43.0903,1392600,0,1,AOS
2016-07-13,91.15,91.41,90.3,90.46,43,891600,0,1,AOS
2016-07-12,91.1,91.64,90.63,90.96,43.2377,1029200,0,1,AOS
2016-07-11,89.95,90.76,89.7659,90.28,42.9144,982800,0,1,AOS
2016-07-08,88.2,89.41,88.09,89.24,42.4201,941800,0,1,AOS
2016-07-07,87.49,87.99,87.092,87.48,41.5835,787200,0,1,AOS
2016-07-06,86.31,87.34,86.01,87.22,41.4599,1153800,0,1,AOS
2016-07-05,87.08,87.0734,85.75,86.53,41.1319,1224000,0,1,AOS
2016-07-01,88.11,88.97,86.95,87.21,41.4551,1551400,0,1,AOS
2016-06-30,85.89,88.11,85.65,88.11,41.8829,1470200,0,1,AOS
2016-06-29,84.56,85.96,84.555,85.6,40.6898,908200,0,1,AOS
2016-06-28,82.86,83.79,82.54,83.68,39.7771,1775000,0,1,AOS
2016-06-27,83.38,83.38,81.01,81.85,38.9072,1891800,0,1,AOS
2016-06-24,83.58,85.21,83.365,83.77,39.8199,1682200,0,1,AOS
2016-06-23,85.65,86.68,85.64,86.68,41.2032,781800,0,1,AOS
2016-06-22,84.9,85.7,84.81,84.88,40.3475,1028600,0,1,AOS
2016-06-21,85.32,85.75,84.61,84.8,40.3095,1197600,0,1,AOS
2016-06-20,85.48,86.48,84.92,85.35,40.571,1413000,0,1,AOS
2016-06-17,83.59,84.59,83.49,84.44,40.1384,2790000,0,1,AOS
2016-06-16,83.22,83.94,82.4386,83.84,39.8532,1009200,0,1,AOS
2016-06-15,83.31,84.3,83.11,83.64,39.7581,1768200,0,1,AOS
2016-06-14,82.88,83.45,82.57,83.06,39.4824,1416000,0,1,AOS
2016-06-13,83.02,84.33,83.02,83.15,39.5252,1417600,0,1,AOS
2016-06-10,84.46,85.12,83.23,83.68,39.7771,1141600,0,1,AOS
2016-06-09,84.62,85.39,84.25,85.22,40.5092,1326000,0,1,AOS
2016-06-08,83.75,85.19,83.75,85.16,40.4806,1949400,0,1,AOS
2016-06-07,83.09,84.3,82.77,83.84,39.8532,2395200,0,1,AOS
2016-06-06,82.63,83.14,82.03,82.85,39.3826,1070800,0,1,AOS
2016-06-03,82.4,82.55,81.89,82.02,38.988,1291400,0,1,AOS
2016-06-02,82.29,82.69,81.82,82.69,39.3065,1138200,0,1,AOS
2016-06-01,82.18,82.59,81.5485,82.49,39.2115,1668400,0,1,AOS
2016-05-31,83.79,83.86,81.68,82.3,39.1211,8634800,0,1,AOS
2016-05-27,83.23,83.4,82.92,83.34,39.6155,1283800,0,1,AOS
2016-05-26,83.3,83.88,82.47,82.95,39.4301,1215000,0,1,AOS
2016-05-25,83.62,83.92,82.9,83.3,39.5965,1940200,0,1,AOS
2016-05-24,81.31,83.18,80.48,83.03,39.4681,2535400,0,1,AOS
2016-05-23,80.82,80.93,80,80.6,38.313,1297600,0,1,AOS
2016-05-20,80.15,81.22,79.49,80.52,38.275,1489800,0,1,AOS
2016-05-19,79.6469,79.95,78.67,79.6,37.8377,1290800,0,1,AOS
2016-05-18,78.78,80.9,78.17,80.2,38.1229,1844800,0,1,AOS
2016-05-17,79.14,79.68,78.35,78.8,37.4574,1155000,0,1,AOS
2016-05-16,78.43,79.395,78.4271,79.05,37.5763,1507800,0,1,AOS
2016-05-13,78.45,79.57,77.79,78.25,37.196,2044000,0,1,AOS
2016-05-12,78.91,79.44,77.99,78.59,37.3576,877000,0,1,AOS
2016-05-11,78.94,79.42,78.05,78.34,37.2388,794400,0,1,AOS
2016-05-10,78.15,78.89,77.8,78.8,37.4574,691400,0,1,AOS
2016-05-09,77.93,78.16,77.16,77.7,36.9346,927600,0,1,AOS
2016-05-06,76.1,77.93,75.47,77.93,37.0439,905200,0,1,AOS
2016-05-05,77.07,77.53,75.97,76.15,36.1978,1494000,0,1,AOS
2016-05-04,77.03,77.205,75.62,76.65,36.4354,1063200,0,1,AOS
2016-05-03,78.38,78.41,76.73,77.16,36.6779,1136000,0,1,AOS
2016-05-02,77.77,78.58,77.58,78.55,37.3386,874600,0,1,AOS
2016-04-29,77.17,77.87,76.58,77.22,36.7064,1663000,0,1,AOS
2016-04-28,78.91,79.21,77.15,77.33,36.7587,1168200,0,1,AOS
2016-04-27,81.06,82.285,76.62,79.15,37.6238,2485400,0.24,1,AOS
2016-04-26,79.41,80.06,78.47,80.03,37.8139,1546000,0,1,AOS
2016-04-25,80.36,80.425,78.9676,79.37,37.5021,956000,0,1,AOS
2016-04-22,79.86,80.4963,79.13,80.41,37.9935,883200,0,1,AOS
2016-04-21,78.97,80.6096,78.8,79.96,37.7809,1389000,0,1,AOS
2016-04-20,78.79,79.61,78.35,79.17,37.4076,1266800,0,1,AOS
2016-04-19,79.98,79.98,78.52,78.62,37.1477,1143800,0,1,AOS
2016-04-18,78.64,79.88,78.34,79.64,37.6297,1305200,0,1,AOS
2016-04-15,78.35,79.26,77.99,79.23,37.4359,1183200,0,1,AOS
2016-04-14,79.05,79.404,77.94,78.29,36.9918,1306600,0,1,AOS
2016-04-13,77.82,79.1,77.38,79.05,37.3509,1000200,0,1,AOS
2016-04-12,76.35,77.1785,76.08,76.96,36.3634,751400,0,1,AOS
2016-04-11,77.1,77.44,76.345,76.42,36.1082,922200,0,1,AOS
2016-04-08,77.48,77.65,76.79,77.08,36.4201,809400,0,1,AOS
2016-04-07,77.81,77.82,76.107,76.78,36.2783,1202000,0,1,AOS
2016-04-06,76.9584,78.07,76.34,78.03,36.8689,1060600,0,1,AOS
2016-04-05,76.58,77.35,76.295,76.96,36.3634,1011400,0,1,AOS
2016-04-04,77.6838,77.71,76.42,76.93,36.3492,1109800,0,1,AOS
2016-04-01,75.82,77.82,75.22,77.77,36.7461,1000800,0,1,AOS
2016-03-31,76.51,76.61,75.3,76.31,36.0562,1131600,0,1,AOS
2016-03-30,77,77.42,76.03,76.42,36.1082,904600,0,1,AOS
2016-03-29,75.33,76.79,75.14,76.76,36.2689,1137600,0,1,AOS
2016-03-28,74.92,75.78,74.61,75.32,35.5885,707400,0,1,AOS
2016-03-24,74.12,74.86,73.79,74.85,35.3664,1366600,0,1,AOS
2016-03-23,75.4,75.6,74.35,74.44,35.1727,1109400,0,1,AOS
2016-03-22,75.46,75.82,74.93,75.54,35.6924,843200,0,1,AOS
2016-03-21,75.49,75.82,75.1,75.75,35.7916,1072600,0,1,AOS
2016-03-18,75.01,76.16,74.9,75.56,35.7019,1993600,0,1,AOS
2016-03-17,73.59,75.55,73.46,75.11,35.4892,1159800,0,1,AOS
2016-03-16,72.81,73.77,72.79,73.43,34.6955,687600,0,1,AOS
2016-03-15,72.804,73.59,72.66,73.2,34.5868,783400,0,1,AOS
2016-03-14,72.83,73.6643,72.73,73.51,34.7333,1056600,0,1,AOS
2016-03-11,74.03,74.41,73.09,73.23,34.601,1325200,0,1,AOS
2016-03-10,73.06,73.75,72.7002,73.42,34.6907,1097200,0,1,AOS
2016-03-09,73.53,73.802,72.36,72.61,34.308,1402000,0,1,AOS
2016-03-08,72.81,74.24,72.09,73.32,34.6435,1442600,0,1,AOS
2016-03-07,73.575,74.12,72.6,72.92,34.4545,1197000,0,1,AOS
2016-03-04,73.22,74.17,71.6837,74.14,35.0309,1959000,0,1,AOS
2016-03-03,72.93,73.35,72.54,73.02,34.5017,1188600,0,1,AOS
2016-03-02,72.52,72.92,71.88,72.86,34.4261,964200,0,1,AOS
2016-03-01,71.24,73,70.44,72.99,34.4876,902600,0,1,AOS
2016-02-29,72.07,72.53,70.38,70.38,33.2543,1853600,0,1,AOS
2016-02-26,71.55,72.83,71.438,72.05,34.0434,1576800,0,1,AOS
2016-02-25,70.03,71.32,69.15,71.22,33.6512,1480000,0,1,AOS
2016-02-24,68.05,70.08,67.55,69.98,33.0653,917200,0,1,AOS
2016-02-23,69.8,70.7312,68.88,68.91,32.5598,858600,0,1,AOS
2016-02-22,69.25,70.34,68.525,69.95,33.0512,1052000,0,1,AOS
2016-02-19,68.52,69.23,68,68.85,32.5314,995600,0,1,AOS
2016-02-18,69.3,69.52,68.23,68.97,32.5881,938000,0,1,AOS
2016-02-17,67.3207,69.41,67.165,69,32.6023,1254200,0,1,AOS
2016-02-16,66.6956,67.69,66.655,66.99,31.6526,1772200,0,1,AOS
2016-02-12,65.71,67.49,65.28,65.81,31.095,1787000,0,1,AOS
2016-02-11,62.94,65.4,61.27,64.54,30.495,1894000,0,1,AOS
2016-02-10,64.13,65.36,63.755,64.38,30.4194,1338600,0,1,AOS
2016-02-09,61.66,64.5,61.53,63.74,30.117,1916200,0,1,AOS
2016-02-08,64.44,64.7,61.98,62.97,29.7531,1904600,0,1,AOS
2016-02-05,67.7038,67.758,64.53,65.56,30.9769,1792600,0,1,AOS
2016-02-04,67.85,69.35,67,67.75,32.0117,2846200,0,1,AOS
2016-02-03,69.03,69.4,66.51,67.97,32.1156,1520800,0.24,1,AOS
2016-02-02,69,69.63,68.08,68.18,31.988,1431200,0,1,AOS
2016-02-01,69.43,70.28,68.2791,69.73,32.7153,1808600,0,1,AOS
2016-01-29,66.87,70.06,62.74,69.85,32.7716,3853200,0,1,AOS
2016-01-28,66.78,68.17,65.1465,67.86,31.8379,3330400,0,1,AOS
2016-01-27,68.25,68.925,65.64,66.01,30.9699,2402800,0,1,AOS
2016-01-26,64.47,68.91,64.4691,68.48,32.1288,3680000,0,1,AOS
2016-01-25,65.37,65.6,64.07,64.16,30.102,1491400,0,1,AOS
2016-01-22,65.27,66.83,65,65.6,30.7776,2618200,0,1,AOS
2016-01-21,62.08,65.58,61.76,64.18,30.1114,3249800,0,1,AOS
2016-01-20,61.41,62.84,60.3,62.06,29.1167,3081800,0,1,AOS
2016-01-19,64.26,64.68,62.25,62.56,29.3513,2859400,0,1,AOS
2016-01-15,62.22,64.13,62.21,63.51,29.797,3286600,0,1,AOS
2016-01-14,63.25,64.72,61.62,64.16,30.102,3260200,0,1,AOS
2016-01-13,66.66,66.92,63.01,63.24,29.6703,2254200,0,1,AOS
2016-01-12,66.29,66.87,65.31,66.39,31.1482,1961200,0,1,AOS
2016-01-11,67.29,68.57,65.44,65.48,30.7213,3121000,0,1,AOS
2016-01-08,68.91,69.26,67.09,67.22,31.5376,4323200,0,1,AOS
2016-01-07,71.7001,71.7,69.26,69.7,32.7012,4408600,0,1,AOS
2016-01-06,73.83,74.2,72.45,73.28,34.3808,1740800,0,1,AOS
2016-01-05,75.23,76.34,74.5984,74.76,35.0752,1024200,0,1,AOS
2016-01-04,75.47,75.47,73.73,75.18,35.2722,1669600,0,1,AOS
2015-12-31,77.75,77.86,76.61,76.61,35.9432,889200,0,1,AOS
2015-12-30,78.07,78.99,78,78.03,36.6094,597400,0,1,AOS
2015-12-29,78.76,79.05,77.92,78.34,36.7548,687000,0,1,AOS
2015-12-28,77,78.37,76.32,78.34,36.7548,897600,0,1,AOS
2015-12-24,77.02,77.57,76.58,77.29,36.2622,309800,0,1,AOS
2015-12-23,77.08,77.22,76.58,77.1,36.1731,920200,0,1,AOS
2015-12-22,76.1,76.63,75.52,76.35,35.8212,920400,0,1,AOS
2015-12-21,76.86,77.59,75.46,75.98,35.6476,1006000,0,1,AOS
2015-12-18,76.33,76.69,75.25,76.21,35.7555,2850600,0,1,AOS
2015-12-17,78.26,78.71,76.51,76.51,35.8962,1268800,0,1,AOS
2015-12-16,78.48,78.96,76.89,78.16,36.6704,1134400,0,1,AOS
2015-12-15,78.28,78.47,77.26,77.75,36.478,751000,0,1,AOS
2015-12-14,76.62,77.61,76.5085,77.45,36.3372,1481600,0,1,AOS
2015-12-11,77.13,78.49,76.24,76.45,35.8681,1327000,0,1,AOS
2015-12-10,77.53,78.5117,77.25,78.08,36.6328,906800,0,1,AOS
2015-12-09,78.18,79.29,76.56,77.3,36.2669,1438800,0,1,AOS
2015-12-08,78.1,78.86,77.5,78.57,36.8627,1502400,0,1,AOS
2015-12-07,79.07,79.43,78.5749,79.01,37.0692,1085200,0,1,AOS
2015-12-04,77.64,78.99,77.0737,78.94,37.0363,778600,0,1,AOS
2015-12-03,79.82,79.82,76.5357,77.32,36.2763,1797600,0,1,AOS
2015-12-02,80.51,81.05,79.17,79.49,37.2944,799800,0,1,AOS
2015-12-01,80.12,80.79,79.37,80.75,37.8855,1281800,0,1,AOS
2015-11-30,81.13,81.1533,79.58,79.76,37.421,1371200,0,1,AOS
2015-11-27,79.95,81,79.45,80.86,37.9371,677800,0,1,AOS
2015-11-25,80.19,80.95,79.5,80.07,37.5665,1361000,0,1,AOS
2015-11-24,78.37,80.31,78.058,79.95,37.5102,1642600,0,1,AOS
2015-11-23,78.42,79.28,78,78.59,36.8721,871000,0,1,AOS
2015-11-20,78.93,79.22,78.01,78.17,36.6751,1098200,0,1,AOS
2015-11-19,79.2,79.52,78.62,78.8,36.9706,1254800,0,1,AOS
2015-11-18,77.25,79.28,76.8,79.2,37.1583,1534800,0,1,AOS
2015-11-17,77.55,78,76.72,77.01,36.1308,1390200,0,1,AOS
2015-11-16,75.62,77.24,75.3503,77.09,36.1684,1590200,0,1,AOS
2015-11-13,76.31,77.19,75.53,75.6,35.4693,1327000,0,1,AOS
2015-11-12,77.1858,77.86,76.34,76.36,35.8259,1459000,0,1,AOS
2015-11-11,77.03,78.349,76.48,77.88,36.539,1375200,0,1,AOS
2015-11-10,76.86,77.45,76.19,76.99,36.1214,1222600,0,1,AOS
2015-11-09,78.33,78.4,76.58,77.24,36.2387,1398400,0,1,AOS
2015-11-06,77.4,78.97,77.36,78.24,36.7079,1984800,0,1,AOS
2015-11-05,77.08,77.95,76.07,77.66,36.4358,1217200,0,1,AOS
2015-11-04,77,77.68,76.7834,77.01,36.1308,1691400,0,1,AOS
2015-11-03,77.46,77.91,76.61,76.82,36.0417,1661200,0,1,AOS
2015-11-02,76.77,78.08,76.375,77.58,36.3983,1201800,0,1,AOS
2015-10-30,76.49,77.5,76.26,76.82,36.0417,1393600,0,1,AOS
2015-10-29,76.2093,76.95,75.87,76.38,35.8352,1864800,0,1,AOS
2015-10-28,73.61,76.56,73.48,76.42,35.854,2961600,0.19,1,AOS
2015-10-27,73.56,74.235,72.77,73.8,34.4465,1312000,0,1,AOS
2015-10-26,73.89,74.47,73.27,73.78,34.4372,1352000,0,1,AOS
2015-10-23,73.16,74.16,72.68,73.84,34.4652,1598000,0,1,AOS
2015-10-22,69.63,73.13,69.46,72.76,33.9611,3291600,0,1,AOS
2015-10-21,71.99,74.7,68.46,68.67,32.052,7042600,0,1,AOS
2015-10-20,70.97,71.1,69.8815,70.79,33.0416,3457400,0,1,AOS
2015-10-19,69.55,70.93,69.11,70.87,33.0789,2200600,0,1,AOS
2015-10-16,69.35,69.94,68.37,69.82,32.5888,1485200,0,1,AOS
2015-10-15,68.62,69.49,67.6064,69.44,32.4114,1447800,0,1,AOS
2015-10-14,68.71,69.12,68.23,68.43,31.94,1221000,0,1,AOS
2015-10-13,69.72,70.74,68.8,68.82,32.1221,1482200,0,1,AOS
2015-10-12,70.92,71.199,69.95,70.43,32.8735,1247400,0,1,AOS
2015-10-09,71.62,71.81,70.32,70.75,33.0229,1395800,0,1,AOS
2015-10-08,68.06,71.71,67.88,71.59,33.415,1678800,0,1,AOS
2015-10-07,67.85,68.34,67.1,68.3,31.8793,1809400,0,1,AOS
2015-10-06,67.78,68.62,66.85,67.21,31.3706,1119600,0,1,AOS
2015-10-05,66.41,68.23,66.41,68.04,31.758,1438600,0,1,AOS
2015-10-02,64.7,65.79,64.23,65.78,30.7031,1755600,0,1,AOS
2015-10-01,65.39,66.45,64.61,65.43,30.5398,1545200,0,1,AOS
2015-09-30,64.14,65.38,63.57,65.19,30.4277,2910600,0,1,AOS
2015-09-29,66.49,66.98,63.3826,63.89,29.821,2441800,0,1,AOS
2015-09-28,67.6,68.295,66.32,66.55,31.0625,1360000,0,1,AOS
2015-09-25,67.81,68.95,67.43,67.92,31.702,937200,0,1,AOS
2015-09-24,67.55,67.625,66.42,67.29,31.4079,924000,0,1,AOS
2015-09-23,68.1259,69.15,67.06,68.16,31.814,1260600,0,1,AOS
2015-09-22,67.99,68.61,67.0177,67.55,31.5293,757400,0,1,AOS
2015-09-21,69.39,70.27,68.68,69.01,32.2108,1053800,0,1,AOS
2015-09-18,69.06,70.28,68.68,68.84,32.1314,2045800,0,1,AOS
2015-09-17,70.13,71.21,69.88,70.05,32.6962,1294800,0,1,AOS
2015-09-16,69.6,70.2431,69.38,70.1,32.7195,1100200,0,1,AOS
2015-09-15,69.14,69.86,68.66,69.74,32.5515,1434400,0,1,AOS
2015-09-14,68.95,69.46,68.44,68.77,32.0987,902600,0,1,AOS
2015-09-11,68.37,69.36,67.89,68.9,32.1594,1265200,0,1,AOS
2015-09-10,67.35,68.62,66.95,68.33,31.8934,1895400,0,1,AOS
2015-09-09,67.46,68.38,67.19,67.45,31.4826,2401400,0,1,AOS
2015-09-08,65.88,67.23,65.82,67.16,31.3472,1391800,0,1,AOS
2015-09-04,64.94,65.53,64.38,65.08,30.3764,1582000,0,1,AOS
2015-09-03,64.23,66.05,63.89,65.83,30.7265,2295800,0,1,AOS
2015-09-02,63.46,64.03,62.11,64.03,29.8863,1681000,0,1,AOS
2015-09-01,62.7,63.72,62.45,62.84,29.3309,2138000,0,1,AOS
2015-08-31,64.17,65.57,64.11,64.51,30.1103,1555800,0,1,AOS
2015-08-28,63.86,64.96,63.63,64.64,30.171,1824800,0,1,AOS
2015-08-27,63.82,64.06,62.385,63.9,29.8256,1588000,0,1,AOS
2015-08-26,61.97,63.67,61.21,63.23,29.5129,2431000,0,1,AOS
2015-08-25,65.5,65.5,60.41,60.48,28.2293,2437800,0,1,AOS
2015-08-24,57.88,63.71,50.09,60.92,28.4347,3692400,0,1,AOS
2015-08-21,66.91,67.52,65.211,65.34,30.4978,1676200,0,1,AOS
2015-08-20,68.97,69.33,67.67,67.72,31.6086,1498600,0,1,AOS
2015-08-19,70.59,70.98,69.67,69.83,32.5935,851600,0,1,AOS
2015-08-18,71.03,71.46,70.86,71.09,33.1816,982800,0,1,AOS
2015-08-17,70.1,71.06,69.49,71.05,33.1629,886800,0,1,AOS
2015-08-14,69.55,70.46,69.23,70.29,32.8082,940600,0,1,AOS
2015-08-13,68.94,69.91,68.83,69.58,32.4768,1628400,0,1,AOS
2015-08-12,69.2991,69.45,67.97,68.89,32.1547,2074800,0,1,AOS
2015-08-11,70.94,71.88,69.48,70,32.6728,2046000,0,1,AOS
2015-08-10,71.67,72.72,71.39,72.17,33.6857,967600,0,1,AOS
2015-08-07,70.87,71.11,70.2064,70.98,33.1303,955800,0,1,AOS
2015-08-06,72.1,72.4758,70.51,71.05,33.1629,898000,0,1,AOS
2015-08-05,72,72.48,71.88,72.1,33.653,1195600,0,1,AOS
2015-08-04,71.9813,72.49,71.55,71.71,33.471,1178400,0,1,AOS
2015-08-03,71.78,72.2,71.06,71.63,33.4336,811000,0,1,AOS
2015-07-31,72.08,72.5,71.7,71.82,33.5223,1898600,0,1,AOS
2015-07-30,70.861,71.875,70.5,71.66,33.4476,977400,0,1,AOS
2015-07-29,70.59,71.17,69.55,70.95,33.1162,1470000,0.19,1,AOS
2015-07-28,70.65,70.744,69.57,70.47,32.7148,1306000,0,1,AOS
2015-07-27,71.56,71.69,69.385,69.97,32.4827,1911800,0,1,AOS
2015-07-24,73.09,73.33,71.42,72.31,33.569,1910200,0,1,AOS
2015-07-23,75,77.43,70.89,72.34,33.583,3814000,0,1,AOS
2015-07-22,68.1188,69,67.33,68.51,31.8049,1395400,0,1,AOS
2015-07-21,69.16,69.62,67.85,68.37,31.7399,1763600,0,1,AOS
2015-07-20,68.44,69.67,68.14,69.37,32.2042,1191200,0,1,AOS
2015-07-17,68.07,68.38,67.65,68.12,31.6239,1085000,0,1,AOS
2015-07-16,68.23,68.61,67.92,68.1,31.6146,811800,0,1,AOS
2015-07-15,68,68.41,67.48,67.96,31.5496,1435600,0,1,AOS
2015-07-14,67.51,68.11,67.28,67.98,31.5589,883200,0,1,AOS
2015-07-13,66.8,67.75,66.67,67.52,31.3453,1717400,0,1,AOS
2015-07-10,66,66.47,65.69,66.36,30.8068,1665400,0,1,AOS
2015-07-09,65.56,66.9426,65.25,65.35,30.3379,3128000,0,1,AOS
2015-07-08,69.42,69.44,64.5133,64.8,30.0826,6055800,0,1,AOS
2015-07-07,72.69,72.69,69.68,70.33,32.6498,2500800,0,1,AOS
2015-07-06,72.18,73.08,72.01,72.5,33.6572,661600,0,1,AOS
2015-07-02,73.76,73.9,72.38,72.76,33.778,642000,0,1,AOS
2015-07-01,72.68,73.7,72.41,73.38,34.0658,1030800,0,1,AOS
2015-06-30,72.38,72.72,71.87,71.98,33.4158,1122600,0,1,AOS
2015-06-29,72.58,73.035,71.54,71.58,33.2301,831600,0,1,AOS
2015-06-26,73.41,73.68,72.77,73.42,34.0843,1793800,0,1,AOS
2015-06-25,73.4062,73.73,72.825,73.23,33.9961,607000,0,1,AOS
2015-06-24,73.83,74.19,72.95,73.09,33.9311,482000,0,1,AOS
2015-06-23,74.32,74.3996,73.63,73.96,34.335,807400,0,1,AOS
2015-06-22,74.21,74.27,73.71,73.94,34.3257,958400,0,1,AOS
2015-06-19,73.59,73.95,73.26,73.65,34.1911,1437600,0,1,AOS
2015-06-18,73.65,74.24,73.45,73.67,34.2004,1239200,0,1,AOS
2015-06-17,73.19,73.69,72.97,73.36,34.0565,653200,0,1,AOS
2015-06-16,72.64,73.42,72.32,73.23,33.9961,695600,0,1,AOS
2015-06-15,72.56,72.83,72.03,72.78,33.7872,916000,0,1,AOS
2015-06-12,72.9,73.5,72.56,73.19,33.9776,1006800,0,1,AOS
2015-06-11,71.16,72.96,71.02,72.94,33.8615,1295800,0,1,AOS
2015-06-10,70.6,71.34,70.23,71.04,32.9795,1101800,0,1,AOS
2015-06-09,70.58,70.75,70.05,70.45,32.7056,837600,0,1,AOS
2015-06-08,71.42,71.78,70.3,70.53,32.7427,1327800,0,1,AOS
2015-06-05,71.4808,71.65,70.86,71.47,33.1791,624400,0,1,AOS
2015-06-04,71.99,72.11,71.2,71.46,33.1744,374600,0,1,AOS
2015-06-03,71.41,72.65,70.905,72.3,33.5644,721000,0,1,AOS
2015-06-02,71.76,71.97,70.96,71.18,33.0444,703200,0,1,AOS
2015-06-01,71.7116,72.26,70.99,71.82,33.3416,682400,0,1,AOS
2015-05-29,71.46,71.75,70.91,71.38,33.1373,673800,0,1,AOS
2015-05-28,71.48,71.75,70.86,71.61,33.2441,824600,0,1,AOS
2015-05-27,70.47,71.5,70.28,71.37,33.1327,1002800,0,1,AOS
2015-05-26,70.27,70.63,69.6,70.29,32.6313,930400,0,1,AOS
2015-05-22,69.94,70.72,69.5702,70.3,32.6359,1533800,0,1,AOS
2015-05-21,69.81,70.09,69.41,69.71,32.362,1012200,0,1,AOS
2015-05-20,70.27,70.27,69.75,69.99,32.492,640800,0,1,AOS
2015-05-19,69.99,70.24,69.69,70.13,32.557,819400,0,1,AOS
2015-05-18,69.41,70.11,69.35,69.85,32.427,703000,0,1,AOS
2015-05-15,69.3,69.82,69.1204,69.76,32.3852,1029600,0,1,AOS
2015-05-14,69.47,69.97,68.98,69.49,32.2599,856200,0,1,AOS
2015-05-13,68.2,69.33,68.2,68.98,32.0231,1125200,0,1,AOS
2015-05-12,67.62,68.5,67.21,68.22,31.6703,532400,0,1,AOS
2015-05-11,68.09,68.4594,67.8,68.18,31.6517,830800,0,1,AOS
2015-05-08,67.8,68.44,67.51,68.16,31.6425,1519200,0,1,AOS
2015-05-07,66.05,67.4929,65.74,67.08,31.1411,1836200,0,1,AOS
2015-05-06,65.87,66.2,65.2,66.02,30.649,935600,0,1,AOS
2015-05-05,66.04,66.81,65.52,65.72,30.5097,939200,0,1,AOS
2015-05-04,65.53,66.25,65.38,66.03,30.6536,847000,0,1,AOS
2015-05-01,64.25,65.75,64.21,65.56,30.4354,1097400,0,1,AOS
2015-04-30,64.02,64.73,63.62,63.9,29.6648,2033600,0,1,AOS
2015-04-29,64.73,64.86,64.02,64.27,29.8366,1235600,0,1,AOS
2015-04-28,66.23,66.25,64.84,65,30.1755,1670200,0.19,1,AOS
2015-04-27,67.02,67.08,65.86,66.07,30.4958,1354000,0,1,AOS
2015-04-24,66.51,66.73,63.53,66.59,30.7358,2374600,0,1,AOS
2015-04-23,66.0831,66.1,65.22,65.65,30.3019,1504600,0,1,AOS
2015-04-22,65.49,65.88,65.03,65.83,30.385,1103000,0,1,AOS
2015-04-21,65.22,65.96,65.22,65.42,30.1958,946600,0,1,AOS
2015-04-20,64.6,65.12,64.5,65.03,30.0158,540600,0,1,AOS
2015-04-17,64.96,64.96,64.08,64.38,29.7157,678000,0,1,AOS
2015-04-16,65.55,65.845,65.22,65.28,30.1311,540000,0,1,AOS
2015-04-15,65.98,66.13,65.65,65.71,30.3296,730200,0,1,AOS
2015-04-14,64.86,66.13,64.16,65.67,30.3112,1259600,0,1,AOS
2015-04-13,65.0109,65.11,64.41,64.48,29.7619,722800,0,1,AOS
2015-04-10,65.01,65.1,64.41,64.98,29.9927,712800,0,1,AOS
2015-04-09,64.9,65.13,64.29,64.74,29.8819,596200,0,1,AOS
2015-04-08,64.88,65,64.22,64.98,29.9927,1031000,0,1,AOS
2015-04-07,65.5,66.11,64.78,64.81,29.9142,841400,0,1,AOS
2015-04-06,65.25,65.95,65.25,65.6,30.2788,1422600,0,1,AOS
2015-04-02,64.68,65.74,64.4,65.36,30.1681,861600,0,1,AOS
2015-04-01,65.6,65.77,65.01,65.24,30.1127,799800,0,1,AOS
2015-03-31,65.76,65.99,65.32,65.66,30.3065,2117000,0,1,AOS
2015-03-30,65.42,65.97,65.4,65.76,30.3527,1048400,0,1,AOS
2015-03-27,64.36,64.93,63.95,64.84,29.928,988800,0,1,AOS
2015-03-26,63.66,64.16,63.05,63.91,29.4988,1049400,0,1,AOS
2015-03-25,64.36,64.47,63.44,63.47,29.2957,581400,0,1,AOS
2015-03-24,63.99,64.33,63.42,64.14,29.605,754800,0,1,AOS
2015-03-23,64.45,64.84,63.92,63.98,29.5311,835200,0,1,AOS
2015-03-20,64.59,64.98,64.34,64.51,29.7757,1389800,0,1,AOS
2015-03-19,64.95,65.29,64.05,64.25,29.6557,797800,0,1,AOS
2015-03-18,63.12,65.2796,62.97,65.04,30.0204,1441800,0,1,AOS
2015-03-17,62.54,63.2,62.34,63.12,29.1342,1359600,0,1,AOS
2015-03-16,62.32,63.04,62.11,62.78,28.9772,1189800,0,1,AOS
2015-03-13,62.84,63.26,62.01,62.04,28.6357,1162000,0,1,AOS
2015-03-12,63.51,64.1,62.91,63.06,29.1065,1018600,0,1,AOS
2015-03-11,63.09,63.24,62.72,63.16,29.1526,857800,0,1,AOS
2015-03-10,63.02,63.3484,62.63,62.93,29.0465,848800,0,1,AOS
2015-03-09,62.99,63.78,62.92,63.65,29.3788,606400,0,1,AOS
2015-03-06,63.18,63.39,62.7437,63.04,29.0972,793600,0,1,AOS
2015-03-05,63.34,63.6,63.02,63.44,29.2819,483200,0,1,AOS
2015-03-04,63.0944,63.49,62.4,63.38,29.2542,652400,0,1,AOS
2015-03-03,64.09,64.251,63.1,63.2,29.1711,884000,0,1,AOS
2015-03-02,63.17,64.49,62.77,64.45,29.748,1070000,0,1,AOS
2015-02-27,63.51,63.77,63,63.03,29.0926,503400,0,1,AOS
2015-02-26,63.01,63.52,62.421,63.49,29.3049,788800,0,1,AOS
2015-02-25,63.28,63.51,62.5802,62.93,29.0465,727200,0,1,AOS
2015-02-24,63.5216,63.83,63.04,63.33,29.2311,732800,0,1,AOS
2015-02-23,63.19,63.65,62.91,63.54,29.328,525600,0,1,AOS
2015-02-20,62.62,63.3,62.275,63.3,29.2172,927000,0,1,AOS
2015-02-19,62.86,63.089,62.53,62.94,29.0511,607000,0,1,AOS
2015-02-18,62.13,63.14,61.97,62.98,29.0695,1226600,0,1,AOS
2015-02-17,62.47,62.75,61.9,62.48,28.8388,1013400,0,1,AOS
2015-02-13,62.8389,63.18,62.37,62.76,28.968,1313000,0,1,AOS
2015-02-12,62.4,63.03,62.27,62.66,28.9218,995400,0,1,AOS
2015-02-11,62.17,62.39,61.68,62.24,28.728,780400,0,1,AOS
2015-02-10,61.64,62.17,61.11,62.11,28.668,876800,0,1,AOS
2015-02-09,61.36,61.96,61.105,61.38,28.331,875800,0,1,AOS
2015-02-06,61.29,61.79,61.05,61.45,28.3633,933600,0,1,AOS
2015-02-05,61.21,61.72,61.07,61.29,28.2895,1176600,0,1,AOS
2015-02-04,60.64,61.8211,60.36,61.11,28.2064,1899000,0.19,1,AOS
2015-02-03,60.52,61.14,60.12,60.89,27.9295,1328000,0,1,AOS
2015-02-02,59.45,59.97,59.0367,59.8,27.4295,1317400,0,1,AOS
2015-01-30,59.07,59.9,58.91,59.41,27.2506,3136800,0,1,AOS
2015-01-29,59.5,60.05,58.35,59.36,27.2277,1885000,0,1,AOS
2015-01-28,59.496,60.24,58.77,59.36,27.2277,1859400,0,1,AOS
2015-01-27,55.9,60.17,55.66,59.73,27.3974,3897600,0,1,AOS
2015-01-26,55.67,56.032,55.08,55.86,25.6223,1214400,0,1,AOS
2015-01-23,55.63,55.9831,55.37,55.55,25.4801,719800,0,1,AOS
2015-01-22,55.05,55.95,54.53,55.76,25.5764,786400,0,1,AOS
2015-01-21,54.43,54.87,54.26,54.62,25.0535,764200,0,1,AOS
2015-01-20,55.07,55.16,53.935,54.51,25.003,874200,0,1,AOS
2015-01-16,54.15,54.72,53.49,54.66,25.0718,660000,0,1,AOS
2015-01-15,55.62,56.03,54.17,54.23,24.8746,919800,0,1,AOS
2015-01-14,54.82,55.69,54.695,55.35,25.3883,849400,0,1,AOS
2015-01-13,56.14,57.4,54.74,55.49,25.4526,999400,0,1,AOS
2015-01-12,55.6,56.02,54.92,55.73,25.5626,525000,0,1,AOS
2015-01-09,56.55,56.55,55.46,55.51,25.4617,856400,0,1,AOS
2015-01-08,55.53,56.49,55.31,56.41,25.8745,965200,0,1,AOS
2015-01-07,54.87,55.35,54.54,54.98,25.2186,977600,0,1,AOS
2015-01-06,55.12,55.12,54.08,54.58,25.0351,1124600,0,1,AOS
2015-01-05,55.2,55.68,54.47,55.03,25.2416,1073000,0,1,AOS
2015-01-02,56.62,56.83,55.55,56.01,25.6911,1540200,0,1,AOS
2014-12-31,56.88,57.1582,56.36,56.41,25.8745,671200,0,1,AOS
2014-12-30,56.62,57,56.48,56.79,26.0488,596600,0,1,AOS
2014-12-29,56.6,56.98,56.39,56.67,25.9938,391800,0,1,AOS
2014-12-26,56.5,56.905,56.34,56.62,25.9709,360000,0,1,AOS
2014-12-24,55.8,56.42,55.8,56.19,25.7736,233600,0,1,AOS
2014-12-23,55.59,56.29,55.18,56.02,25.6957,973400,0,1,AOS
2014-12-22,54.62,55.37,54.4,55.35,25.3883,852600,0,1,AOS
2014-12-19,55.02,55.23,54.35,54.46,24.9801,2573600,0,1,AOS
2014-12-18,54.8,55.09,54.3,55.03,25.2416,661200,0,1,AOS
2014-12-17,53.35,54.28,52.67,54.11,24.8196,827600,0,1,AOS
2014-12-16,53.34,54.028,52.98,53.07,24.3425,787400,0,1,AOS
2014-12-15,53.76,53.9,53.17,53.46,24.5214,906400,0,1,AOS
2014-12-12,52.87,53.89,52.8764,53.51,24.5444,923000,0,1,AOS
2014-12-11,53.74,54.46,53.57,54.15,24.8379,855400,0,1,AOS
2014-12-10,54.47,54.54,53.21,53.45,24.5168,552800,0,1,AOS
2014-12-09,53.507,54.76,53.51,54.72,25.0994,878200,0,1,AOS
2014-12-08,55.0046,55.35,53.86,54.12,24.8242,452400,0,1,AOS
2014-12-05,54.98,55.24,54.86,55.12,25.2828,421000,0,1,AOS
2014-12-04,55.2,55.2,54.53,55.02,25.237,1043000,0,1,AOS
2014-12-03,53.53,55.28,53.53,55.22,25.3287,768000,0,1,AOS
2014-12-02,53.88,54.07,53.46,53.56,24.5673,1323800,0,1,AOS
2014-12-01,53.8,53.99,53.32,53.78,24.6682,750200,0,1,AOS
2014-11-28,54.61,54.75,53.865,53.93,24.737,326600,0,1,AOS
2014-11-26,54.86,54.98,54.535,54.63,25.0581,537800,0,1,AOS
2014-11-25,54.8904,55.11,54.37,54.89,25.1773,735200,0,1,AOS
2014-11-24,54.8,54.9149,54.45,54.77,25.1223,886200,0,1,AOS
2014-11-21,54.22,54.98,54.12,54.73,25.104,1033400,0,1,AOS
2014-11-20,53.04,53.82,52.94,53.4,24.4939,697000,0,1,AOS
2014-11-19,53.5,53.5,52.95,53.3,24.448,788200,0,1,AOS
2014-11-18,53.92,54.23,53.74,53.75,24.6544,969800,0,1,AOS
2014-11-17,53.16,53.93,53.045,53.91,24.7278,856400,0,1,AOS
2014-11-14,52.8,53.29,52.69,53.17,24.3884,448800,0,1,AOS
2014-11-13,53.4,53.61,52.76,52.92,24.2737,375800,0,1,AOS
2014-11-12,53.3,53.73,53.22,53.43,24.5077,454600,0,1,AOS
2014-11-11,53.44,53.77,53.33,53.63,24.5994,462000,0,1,AOS
2014-11-10,53.49,53.8,53.34,53.52,24.5489,662000,0,1,AOS
2014-11-07,53.17,53.49,53.04,53.4,24.4939,545000,0,1,AOS
2014-11-06,52.519,53.22,52.25,53.14,24.3746,1051800,0,1,AOS
2014-11-05,52.74,52.87,52.41,52.52,24.0902,750800,0,1,AOS
2014-11-04,53.19,53.45,52.4,52.45,24.0581,1147600,0,1,AOS
2014-11-03,53.35,53.83,52.99,53.28,24.4389,1089600,0,1,AOS
2014-10-31,53.32,53.46,52.79,53.35,24.471,1126400,0,1,AOS
2014-10-30,52.16,52.8,51.98,52.69,24.1682,703000,0,1,AOS
2014-10-29,52.51,52.75,51.94,52.37,24.0215,931800,0.15,1,AOS
2014-10-28,51.3185,52.66,51.32,52.62,23.9985,1096800,0,1,AOS
2014-10-27,50.9,51.43,50.61,51.38,23.433,961800,0,1,AOS
2014-10-24,50.82,51.09,50.55,51.07,23.2916,622000,0,1,AOS
2014-10-23,50.28,50.94,50.07,50.72,23.132,1091200,0,1,AOS
2014-10-22,49.99,50.23,49.66,49.68,22.6577,1483200,0,1,AOS
2014-10-21,48,49.96,48,49.94,22.7762,1675800,0,1,AOS
2014-10-20,47.0357,47.875,46.905,47.85,21.823,1620800,0,1,AOS
2014-10-17,47.06,47.38,46.64,47.26,21.554,1314000,0,1,AOS
2014-10-16,45.4567,46.66,45.4,46.5,21.2074,1858000,0,1,AOS
2014-10-15,45,46.679,44.6,46.24,21.0888,1470200,0,1,AOS
2014-10-14,45.35,46.15,45.1603,45.6,20.7969,1322000,0,1,AOS
2014-10-13,45.96,46.41,45.07,45.19,20.6099,1743000,0,1,AOS
2014-10-10,46.55,46.8609,45.75,45.85,20.9109,1921200,0,1,AOS
2014-10-09,47.49,47.64,46.48,46.72,21.3077,1340200,0,1,AOS
2014-10-08,46.89,47.613,46.325,47.6,21.709,1930200,0,1,AOS
2014-10-07,47.09,47.21,46.72,46.79,21.3396,1165000,0,1,AOS
2014-10-06,47.04,47.55,46.91,47.33,21.5859,891600,0,1,AOS
2014-10-03,47.15,47.25,46.655,46.88,21.3807,920800,0,1,AOS
2014-10-02,46.58,46.91,46.15,46.81,21.3487,1119200,0,1,AOS
2014-10-01,47.15,47.25,46.4821,46.74,21.3168,1501000,0,1,AOS
2014-09-30,48.13,48.34,47.04,47.28,21.5631,2332200,0,1,AOS
2014-09-29,48.03,48.2704,47.88,48.05,21.9143,775800,0,1,AOS
2014-09-26,48.4,48.56,48.11,48.5,22.1195,896600,0,1,AOS
2014-09-25,48.57,48.68,48.25,48.42,22.083,1171600,0,1,AOS
2014-09-24,48.2,48.79,48.08,48.59,22.1605,821800,0,1,AOS
2014-09-23,48.39,48.62,47.99,48.33,22.042,790400,0,1,AOS
2014-09-22,49.11,49.11,48.49,48.55,22.1423,794800,0,1,AOS
2014-09-19,50,50.18,48.96,49.24,22.457,1510800,0,1,AOS
2014-09-18,50.01,50.07,49.7,49.91,22.7626,743000,0,1,AOS
2014-09-17,50,50.45,49.64,49.91,22.7626,1073600,0,1,AOS
2014-09-16,48.88,50,48.84,49.96,22.7854,1665600,0,1,AOS
2014-09-15,48.95,49.18,48.75,48.98,22.3384,793200,0,1,AOS
2014-09-12,49.14,49.23,48.76,49.07,22.3795,950400,0,1,AOS
2014-09-11,48.71,49.24,48.5807,49.15,22.4159,697200,0,1,AOS
2014-09-10,48.94,49.15,48.64,49.02,22.3567,524200,0,1,AOS
2014-09-09,49.39,49.444,48.93,49,22.3475,817800,0,1,AOS
2014-09-08,49.38,49.67,49.17,49.4,22.53,525800,0,1,AOS
2014-09-05,49.5704,49.66,49.22,49.48,22.5664,913000,0,1,AOS
2014-09-04,49.4,49.915,49.36,49.7,22.6668,1030200,0,1,AOS
2014-09-03,49.62,49.86,49.22,49.36,22.5117,1222800,0,1,AOS
2014-09-02,49.29,49.77,49.09,49.4,22.53,861600,0,1,AOS
2014-08-29,49.04,49.32,48.86,49.08,22.384,378600,0,1,AOS
2014-08-28,48.81,49.2,48.57,49.04,22.3658,461200,0,1,AOS
2014-08-27,49.1,49.35,48.8965,49.12,22.4023,348200,0,1,AOS
2014-08-26,49.01,49.331,48.83,49.08,22.384,593000,0,1,AOS
2014-08-25,49,49.14,48.855,49.05,22.3703,478000,0,1,AOS
2014-08-22,48.8,49.02,48.557,48.85,22.2791,637000,0,1,AOS
2014-08-21,49.37,49.435,48.87,48.96,22.3293,520600,0,1,AOS
2014-08-20,49.3,49.44,48.98,49.28,22.4752,568800,0,1,AOS
2014-08-19,49.23,49.64,49.15,49.41,22.5345,791400,0,1,AOS
2014-08-18,48.42,49.28,48.42,49,22.3475,932000,0,1,AOS
2014-08-15,48.51,48.51,47.7,48.2,21.9827,856000,0,1,AOS
2014-08-14,47.9,48.36,47.35,48.35,22.0511,707800,0,1,AOS
2014-08-13,47.59,47.98,47.36,47.79,21.7957,572200,0,1,AOS
2014-08-12,47.98,48.29,47.3623,47.57,21.6954,594800,0,1,AOS
2014-08-11,48.64,48.67,48.01,48.13,21.9508,651200,0,1,AOS
2014-08-08,46.99,48.4761,46.99,48.4,22.0739,797200,0,1,AOS
2014-08-07,47.41,47.69,46.75,46.87,21.3761,984200,0,1,AOS
2014-08-06,47.38,47.57,47.2,47.32,21.5813,799200,0,1,AOS
2014-08-05,47.22,48,47.22,47.75,21.7774,1289400,0,1,AOS
2014-08-04,47.29,47.57,46.97,47.49,21.6589,1221200,0,1,AOS
2014-08-01,46.46,47.21,46.394,47.06,21.4628,1785600,0,1,AOS
2014-07-31,46.984,47.25,46.36,46.7,21.2986,1552800,0,1,AOS
2014-07-30,47.59,47.66,47.04,47.42,21.6269,859000,0,1,AOS
2014-07-29,48.35,48.65,47.4214,47.42,21.6269,1465200,0.15,1,AOS
2014-07-28,49.3811,49.38,48.39,48.56,22.01,1019400,0,1,AOS
2014-07-25,49.18,49.787,49.02,49.54,22.4542,764400,0,1,AOS
2014-07-24,49.95,50.27,49.42,49.47,22.4225,1093400,0,1,AOS
2014-07-23,50.47,50.91,49.74,49.9,22.6174,1389600,0,1,AOS
2014-07-22,48.33,50.63,47.9,50.5,22.8894,2477600,0,1,AOS
2014-07-21,46.67,47.33,46.37,46.98,21.2939,1659200,0,1,AOS
2014-07-18,46.6788,47.295,46.46,46.91,21.2622,2015600,0,1,AOS
2014-07-17,47.42,47.45,46.55,46.59,21.1171,1389000,0,1,AOS
2014-07-16,47.9,48.01,47.44,47.67,21.6066,1194000,0,1,AOS
2014-07-15,48.03,48.12,47.24,47.64,21.593,938200,0,1,AOS
2014-07-14,47.98,48.48,47.8,48.02,21.7653,1007000,0,1,AOS
2014-07-11,47.5,47.684,47.1,47.56,21.5568,876400,0,1,AOS
2014-07-10,47.3,48.15,47.3,47.61,21.5794,877000,0,1,AOS
2014-07-09,48.4205,48.89,48.2,48.3,21.8922,510000,0,1,AOS
2014-07-08,48.52,48.5222,47.78,48.39,21.933,1335400,0,1,AOS
2014-07-07,49.46,49.46,48.16,48.26,21.8741,732000,0,1,AOS
2014-07-03,49.11,49.64,49.01,49.53,22.4497,551600,0,1,AOS
2014-07-02,49.7816,49.94,48.96,49.09,22.2503,644200,0,1,AOS
2014-07-01,49.57,50.39,49.51,49.76,22.5539,1359000,0,1,AOS
2014-06-30,49.39,49.58,48.87,49.58,22.4724,1617800,0,1,AOS
2014-06-27,48.78,49.38,48.66,49.38,22.3817,1034400,0,1,AOS
2014-06-26,49.49,49.49,48.7738,48.94,22.1823,775800,0,1,AOS
2014-06-25,49.11,49.6,49.11,49.5,22.4361,689800,0,1,AOS
2014-06-24,49.49,49.7,49.23,49.27,22.3319,968200,0,1,AOS
2014-06-23,49.7205,50.15,49.34,49.45,22.4134,635400,0,1,AOS
2014-06-20,49.82,49.8513,49.34,49.57,22.4678,1508600,0,1,AOS
2014-06-19,49.72,49.85,49.47,49.79,22.5675,519400,0,1,AOS
2014-06-18,49.59,49.845,49.01,49.73,22.5403,832000,0,1,AOS
2014-06-17,49.49,50.18,49.2,49.79,22.5675,773200,0,1,AOS
2014-06-16,49.9376,49.99,49,49.64,22.4996,751200,0,1,AOS
2014-06-13,50.17,50.3496,49.78,49.93,22.631,576400,0,1,AOS
2014-06-12,50.63,50.96,49.97,50.12,22.7171,918200,0,1,AOS
2014-06-11,50.66,50.95,50.39,50.79,23.0208,1018000,0,1,AOS
2014-06-10,51,51.16,50.78,50.91,23.0752,633200,0,1,AOS
2014-06-09,50,51.1683,49.79,51.07,23.1477,880200,0,1,AOS
2014-06-06,49.66,50,49.42,49.99,22.6582,720000,0,1,AOS
2014-06-05,49.06,49.49,49.06,49.45,22.4134,1281800,0,1,AOS
2014-06-04,48.75,49.29,48.72,49.22,22.3092,899400,0,1,AOS
2014-06-03,49.5831,49.76,48.85,48.92,22.1732,1329800,0,1,AOS
2014-06-02,49.4,49.81,49.18,49.78,22.563,1753200,0,1,AOS
2014-05-30,49.59,49.638,49.21,49.38,22.3817,1024200,0,1,AOS
2014-05-29,49.84,49.94,49.34,49.69,22.5222,834600,0,1,AOS
2014-05-28,49.7436,50.02,49.62,49.73,22.5403,920800,0,1,AOS
2014-05-27,49.99,50.19,49.77,49.81,22.5766,1188200,0,1,AOS
2014-05-23,48.62,49.63,48.525,49.6,22.4814,1062800,0,1,AOS
2014-05-22,48.26,48.9252,48.09,48.7,22.0735,1041000,0,1,AOS
2014-05-21,48.24,48.82,47.99,48.28,21.8831,1108800,0,1,AOS
2014-05-20,48.63,48.83,48.03,48.18,21.8378,1535200,0,1,AOS
2014-05-19,47.78,49.19,47.6997,48.89,22.1596,1944800,0,1,AOS
2014-05-16,47.43,47.86,47.33,47.83,21.6792,857400,0,1,AOS
2014-05-15,47.28,47.42,46.37,47.28,21.4299,1110600,0,1,AOS
2014-05-14,47.71,48.05,47.25,47.27,21.4253,1217200,0,1,AOS
2014-05-13,48.61,48.74,47.74,47.75,21.6429,920400,0,1,AOS
2014-05-12,47.42,48.7031,47.35,48.61,22.0327,1162000,0,1,AOS
2014-05-09,46.8986,47.22,46.77,47.13,21.3619,1132000,0,1,AOS
2014-05-08,46.5443,47.39,46.38,46.96,21.2848,1300600,0,1,AOS
2014-05-07,46.66,46.8683,46.09,46.61,21.1262,1368000,0,1,AOS
2014-05-06,47.22,47.2878,46.41,46.6,21.1217,1275400,0,1,AOS
2014-05-05,47.45,47.65,47.11,47.39,21.4797,858600,0,1,AOS
2014-05-02,47.17,48.17,47.15,47.78,21.6565,936200,0,1,AOS
2014-05-01,46.86,47.54,46.55,47.21,21.3981,1304800,0,1,AOS
2014-04-30,46.87,46.9692,46.46,46.76,21.1942,1221800,0,1,AOS
2014-04-29,46.86,47.22,46.55,46.79,21.2078,1356400,0,1,AOS
2014-04-28,47.1,47.39,46.03,46.74,21.1851,1488000,0.15,1,AOS
2014-04-25,47.42,47.6595,46.99,47.16,21.2395,2052200,0,1,AOS
2014-04-24,47.59,47.77,47,47.67,21.4692,1837200,0,1,AOS
2014-04-23,48.63,48.77,47.11,47.27,21.289,2512200,0,1,AOS
2014-04-22,47.23,48.85,46.38,46.73,21.0458,3162200,0,1,AOS
2014-04-21,46.61,46.9,46.1,46.82,21.0864,1519600,0,1,AOS
2014-04-17,45.9,46.88,45.9,46.53,20.9558,4000600,0,1,AOS
2014-04-16,45.86,46.445,45.71,45.95,20.6946,1462800,0,1,AOS
2014-04-15,44.77,45.97,44.68,45.7,20.582,1476800,0,1,AOS
2014-04-14,45.54,45.81,44.57,44.73,20.1451,1446600,0,1,AOS
2014-04-11,45.48,45.78,44.8,45.31,20.4063,1676800,0,1,AOS
2014-04-10,45.15,45.39,44.52,44.68,20.1226,1224800,0,1,AOS
2014-04-09,44.84,45.63,44.75,45.28,20.3928,1745400,0,1,AOS
2014-04-08,44.73,44.93,44.14,44.79,20.1721,1741000,0,1,AOS
2014-04-07,45.96,45.96,44.51,44.79,20.1721,2272800,0,1,AOS
2014-04-04,46.97,47.495,46.045,46.11,20.7666,1515600,0,1,AOS
2014-04-03,46.79,47.04,46.539,46.78,21.0684,1228600,0,1,AOS
2014-04-02,46.31,47.08,46.16,46.81,21.0819,1230800,0,1,AOS
2014-04-01,46.28,46.54,45.76,46.37,20.8837,1220600,0,1,AOS
2014-03-31,46.04,46.49,45.8573,46.02,20.7261,1229000,0,1,AOS
2014-03-28,45.4692,46.11,45.25,45.89,20.6675,879400,0,1,AOS
2014-03-27,44.73,45.5004,44.56,45.26,20.3838,1073600,0,1,AOS
2014-03-26,46.61,46.83,44.83,44.86,20.2037,1515600,0,1,AOS
2014-03-25,45.72,46.64,45.5,46.51,20.9468,2031400,0,1,AOS
2014-03-24,45.4816,46.118,45.45,45.56,20.5189,1685000,0,1,AOS
2014-03-21,45.66,45.79,45.13,45.46,20.4739,2656200,0,1,AOS
2014-03-20,46.33,46.58,45.58,45.66,20.564,1110800,0,1,AOS
2014-03-19,46.8641,47.16,46.08,46.38,20.8882,1022400,0,1,AOS
2014-03-18,46.77,47.26,46.54,47.01,21.172,1022400,0,1,AOS
2014-03-17,46.01,46.8,45.96,46.65,21.0098,1134000,0,1,AOS
2014-03-14,46.1,46.86,45.82,45.84,20.645,1969600,0,1,AOS
2014-03-13,47.63,47.66,46.3725,46.47,20.9288,1940200,0,1,AOS
2014-03-12,47.74,47.8,47.19,47.56,21.4197,1022200,0,1,AOS
2014-03-11,48.92,49.08,47.87,47.94,21.5908,825800,0,1,AOS
2014-03-10,49.0716,49.14,48.62,48.88,22.0141,965600,0,1,AOS
2014-03-07,48.83,49.13,48.66,49.12,22.1222,1021600,0,1,AOS
2014-03-06,49.12,49.26,48.54,48.66,21.9151,2020400,0,1,AOS
2014-03-05,49.5,49.57,48.88,48.97,22.0547,1385000,0,1,AOS
2014-03-04,49.34,49.83,49.34,49.46,22.2754,882600,0,1,AOS
2014-03-03,49.13,49.42,48.66,48.86,22.0051,807800,0,1,AOS
2014-02-28,49.55,49.93,49.2,49.7,22.3835,756200,0,1,AOS
2014-02-27,49.15,49.71,49.1,49.57,22.3249,901200,0,1,AOS
2014-02-26,47.99,49.31,47.99,49.2,22.1583,1628200,0,1,AOS
2014-02-25,48.89,48.96,47.93,47.97,21.6043,1758000,0,1,AOS
2014-02-24,49.03,49.63,48.88,48.88,22.0141,1369800,0,1,AOS
2014-02-21,49.17,49.49,49.05,49.06,22.0952,682800,0,1,AOS
2014-02-20,48.68,49.17,48.5,49.13,22.1267,819400,0,1,AOS
2014-02-19,48.57,49.26,48.57,48.68,21.9241,1425600,0,1,AOS
2014-02-18,48.31,48.7,48.01,48.28,21.7439,1003000,0,1,AOS
2014-02-14,48.13,48.3,47.84,48.23,21.7214,1149200,0,1,AOS
2014-02-13,47.7,48.47,47.54,48.25,21.7304,1227200,0,1,AOS
2014-02-12,47.45,48.0657,47.27,48.05,21.6403,1575200,0,1,AOS
2014-02-11,46.74,47.67,46.64,47.35,21.3251,1577400,0,1,AOS
2014-02-10,46.74,46.86,46.08,46.69,21.0278,1297600,0,1,AOS
2014-02-07,46.0903,46.79,45.9,46.76,21.0594,1050600,0,1,AOS
2014-02-06,46.28,46.85,45.4869,45.87,20.6585,2557000,0,1,AOS
2014-02-05,45.51,46.2,45.21,46.15,20.7846,1911800,0.15,1,AOS
2014-02-04,45.71,46.04,44.92,45.89,20.5324,2300600,0,1,AOS
2014-02-03,47.12,47.22,45.54,45.58,20.3937,2908200,0,1,AOS
2014-01-31,47.06,47.77,46.97,47.22,21.1275,1570400,0,1,AOS
2014-01-30,48.18,48.26,47.51,47.81,21.3915,1590000,0,1,AOS
2014-01-29,47.73,48.4152,47.46,47.78,21.3781,2386600,0,1,AOS
2014-01-28,48.363,48.66,45.131,48.02,21.4854,8736400,0,1,AOS
2014-01-27,50,50.303,48.7396,49.17,22,2493200,0,1,AOS
2014-01-24,51.97,52.01,50.14,50.19,22.4564,2168000,0,1,AOS
2014-01-23,52.02,52.38,51.77,52.21,23.3602,1563600,0,1,AOS
2014-01-22,51.9,52.24,51.74,52.22,23.3646,1473400,0,1,AOS
2014-01-21,52.43,52.6,51.22,51.69,23.1275,2153000,0,1,AOS
2014-01-17,52.1,52.26,51.5737,52.15,23.3333,2970800,0,1,AOS
2014-01-16,52.37,52.63,51.88,52.13,23.3244,1274600,0,1,AOS
2014-01-15,52.57,52.73,52.24,52.54,23.5078,960400,0,1,AOS
2014-01-14,51.82,52.65,51.71,52.51,23.4944,1339800,0,1,AOS
2014-01-13,52.29,52.46,51.32,51.5,23.0425,1047000,0,1,AOS
2014-01-10,52.66,52.8,52.48,52.53,23.5033,1130600,0,1,AOS
2014-01-09,52.41,52.78,51.92,52.48,23.481,1787600,0,1,AOS
2014-01-08,52.5623,52.81,51.94,52.15,23.3333,2465800,0,1,AOS
2014-01-07,53.5145,53.54,52.65,52.75,23.6018,1572200,0,1,AOS
2014-01-06,53.4,53.72,53.23,53.27,23.8344,1045600,0,1,AOS
2014-01-03,53.4405,53.74,53.14,53.31,23.8523,828200,0,1,AOS
2014-01-02,53.93,53.98,53.07,53.32,23.8568,1297000,0,1,AOS
2013-12-31,54.08,54.5,53.9,53.94,24.1342,841400,0,1,AOS
2013-12-30,54.03,54.35,53.925,54.08,24.1969,756000,0,1,AOS
2013-12-27,54.22,54.39,53.95,54.02,24.17,634200,0,1,AOS
2013-12-26,54.4,54.66,54.15,54.16,24.2326,533200,0,1,AOS
2013-12-24,53.98,54.48,53.98,54.28,24.2863,399000,0,1,AOS
2013-12-23,54.38,54.43,53.8,54,24.1611,2178800,0,1,AOS
2013-12-20,52.71,54.01,52.71,53.99,24.1566,2312200,0,1,AOS
2013-12-19,53.56,53.871,52.54,52.72,23.5884,1943800,0,1,AOS
2013-12-18,53.17,53.98,52.62,53.83,24.085,1675000,0,1,AOS
2013-12-17,53.17,53.29,52.56,53.14,23.7763,1177800,0,1,AOS
2013-12-16,52.65,53.38,52.59,53.18,23.7942,896600,0,1,AOS
2013-12-13,52.65,52.84,52.1,52.5,23.4899,884800,0,1,AOS
2013-12-12,51.99,52.67,51.83,52.44,23.4631,852800,0,1,AOS
2013-12-11,52.87,52.92,51.66,52.07,23.2975,928000,0,1,AOS
2013-12-10,52.83,53.54,52.75,52.88,23.6599,658800,0,1,AOS
2013-12-09,53.51,54.1,52.75,52.97,23.7002,1180000,0,1,AOS
2013-12-06,52.86,53.66,52.86,53.07,23.745,1054600,0,1,AOS
2013-12-05,52.77,52.94,52.31,52.52,23.4989,1130400,0,1,AOS
2013-12-04,53.11,53.24,52.26,52.87,23.6555,1029400,0,1,AOS
2013-12-03,53.54,53.89,52.88,53.23,23.8165,885000,0,1,AOS
2013-12-02,54.17,54.41,53.6,53.84,24.0895,852400,0,1,AOS
2013-11-29,54.5379,54.971,54.14,54.15,24.2282,393000,0,1,AOS
2013-11-27,55.01,55.0113,54.03,54.51,24.3892,1244800,0,1,AOS
2013-11-26,54.43,55.18,54.405,54.88,24.5548,834800,0,1,AOS
2013-11-25,54.65,54.67,54.32,54.53,24.3982,739400,0,1,AOS
2013-11-22,54.29,54.67,54.21,54.64,24.4474,789000,0,1,AOS
2013-11-21,54.05,54.405,53.7184,54.38,24.3311,1025400,0,1,AOS
2013-11-20,53.59,54.15,53.51,53.8,24.0716,1149600,0,1,AOS
2013-11-19,53.63,54.0381,53.28,53.46,23.9194,1113000,0,1,AOS
2013-11-18,54.35,54.47,53.49,53.72,24.0358,1524000,0,1,AOS
2013-11-15,54.59,54.77,54.28,54.39,24.3356,963400,0,1,AOS
2013-11-14,54.49,54.72,53.95,54.52,24.3937,1620400,0,1,AOS
2013-11-13,52.78,54.36,52.78,54.32,24.3042,1389200,0,1,AOS
2013-11-12,52.74,53.3,52.54,53.2,23.8031,819800,0,1,AOS
2013-11-11,52.63,53.11,52.33,52.95,23.6913,1048400,0,1,AOS
2013-11-08,51.8002,52.72,51.58,52.69,23.5749,1203800,0,1,AOS
2013-11-07,52.61,53.15,51.8,51.84,23.1946,2086600,0,1,AOS
2013-11-06,52.78,53.21,52.44,52.6,23.5347,1632000,0,1,AOS
2013-11-05,52.03,52.86,51.81,52.56,23.5168,1436800,0,1,AOS
2013-11-04,52.87,53.26,51.94,52.19,23.3512,24856800,0,1,AOS
2013-11-01,51.8227,52.81,51.56,52.74,23.5973,2004200,0,1,AOS
2013-10-31,52.65,52.65,51.1619,51.65,23.1096,2160400,0,1,AOS
2013-10-30,50.79,50.92,50.07,50.29,22.5011,547800,0,1,AOS
2013-10-29,50.81,51.019,50.34,50.73,22.698,605200,0.12,1,AOS
2013-10-28,50.62,50.88,50.13,50.63,22.5458,620400,0,1,AOS
2013-10-25,50.42,50.8,50.286,50.75,22.5993,702800,0,1,AOS
2013-10-24,50.2522,50.41,50.085,50.17,22.341,1479200,0,1,AOS
2013-10-23,51.25,51.25,49.89,50.25,22.3766,1968800,0,1,AOS
2013-10-22,50.8,51.52,50.35,51.39,22.8843,1866800,0,1,AOS
2013-10-21,49.78,51.19,48.621,50.35,22.4212,2983000,0,1,AOS
2013-10-18,46.35,46.83,46.11,46.75,20.8181,3033000,0,1,AOS
2013-10-17,45.33,46.23,45.29,46.23,20.5865,1329200,0,1,AOS
2013-10-16,45.65,45.788,45.1,45.52,20.2703,1094600,0,1,AOS
2013-10-15,45.4,45.68,44.95,45.51,20.2659,1225400,0,1,AOS
2013-10-14,45.0038,45.342,44.74,45.3,20.1724,986400,0,1,AOS
2013-10-11,44.6,45.49,44.48,45.42,20.2258,1070000,0,1,AOS
2013-10-10,43.72,44.55,43.58,44.55,19.8384,747800,0,1,AOS
2013-10-09,43.61,43.81,42.72,43.35,19.304,1144800,0,1,AOS
2013-10-08,44.07,44.2679,43.42,43.5,19.3708,853200,0,1,AOS
2013-10-07,44.48,44.54,43.98,44.21,19.687,907600,0,1,AOS
2013-10-04,44.77,45.07,44.5009,44.93,20.0076,726000,0,1,AOS
2013-10-03,45.14,45.24,44.4,44.79,19.9453,1076400,0,1,AOS
2013-10-02,45.35,45.57,44.72,45.4,20.2169,843800,0,1,AOS
2013-10-01,45.19,45.87,45.06,45.55,20.2837,1107400,0,1,AOS
2013-09-30,44.49,45.28,44.25,45.2,20.1278,1013200,0,1,AOS
2013-09-27,44.68,44.94,44.61,44.88,19.9853,804000,0,1,AOS
2013-09-26,44.74,45.22,44.561,45.04,20.0566,840000,0,1,AOS
2013-09-25,44.94,45.09,44.48,44.82,19.9586,1156400,0,1,AOS
2013-09-24,44.64,45.67,44.57,44.98,20.0299,1166400,0,1,AOS
2013-09-23,44.81,45.08,44.19,44.71,19.9096,1044000,0,1,AOS
2013-09-20,45.33,45.3761,44.8,44.83,19.9631,1633000,0,1,AOS
2013-09-19,45.5,46.09,45.03,45.16,20.11,700600,0,1,AOS
2013-09-18,44.86,45.8031,44.23,45.41,20.2213,793000,0,1,AOS
2013-09-17,44.44,44.93,44.39,44.8,19.9497,577800,0,1,AOS
2013-09-16,44.71,44.82,44.35,44.49,19.8117,1011800,0,1,AOS
2013-09-13,44.5,44.5,43.96,44.19,19.6781,663400,0,1,AOS
2013-09-12,44.71,44.92,44.16,44.26,19.7092,804600,0,1,AOS
2013-09-11,44.59,44.74,44.285,44.56,19.8428,759600,0,1,AOS
2013-09-10,44.54,44.88,44.2,44.55,19.8384,905400,0,1,AOS
2013-09-09,43.3308,44.36,43.16,44.23,19.6959,811000,0,1,AOS
2013-09-06,43.05,43.44,42.615,43.06,19.1749,973800,0,1,AOS
2013-09-05,42.76,43.14,42.74,42.95,19.1259,730600,0,1,AOS
2013-09-04,42.57,42.945,42.24,42.74,19.0324,1065400,0,1,AOS
2013-09-03,42.57,43.04,42.24,42.58,18.9611,720200,0,1,AOS
2013-08-30,42.6,42.79,41.97,42.05,18.7251,696200,0,1,AOS
2013-08-29,42.22,42.9124,42.18,42.59,18.9656,535800,0,1,AOS
2013-08-28,42.07,42.51,42.07,42.29,18.832,922400,0,1,AOS
2013-08-27,43.04,43.04,42.1137,42.16,18.7741,1002400,0,1,AOS
2013-08-26,42.93,43.73,42.75,43.39,19.3218,1131000,0,1,AOS
2013-08-23,42.9995,43.02,42.63,42.9,19.1036,1284200,0,1,AOS
2013-08-22,42.03,43.0483,42.03,42.98,19.1393,919000,0,1,AOS
2013-08-21,41.63,42.35,41.51,42.13,18.7607,1184000,0,1,AOS
2013-08-20,41.6,41.97,41.31,41.81,18.6182,843800,0,1,AOS
2013-08-19,42.05,42.23,41.3401,41.52,18.4891,1181600,0,1,AOS
2013-08-16,41.85,42.49,41.76,42.19,18.7875,1258600,0,1,AOS
2013-08-15,41.76,42.25,41.5,42.05,18.7251,1326400,0,1,AOS
2013-08-14,42.66,42.78,42.08,42.3,18.8364,1336600,0,1,AOS
2013-08-13,41.95,42.87,41.37,42.71,19.019,1699600,0,1,AOS
2013-08-12,41.7,41.94,41.65,41.82,18.6227,689600,0,1,AOS
2013-08-09,41.61,41.93,41.61,41.86,18.6405,1044600,0,1,AOS
2013-08-08,41.55,41.84,41.4304,41.75,18.5915,975400,0,1,AOS
2013-08-07,41.52,41.6,41.15,41.29,18.3867,1220400,0,1,AOS
2013-08-06,42.0271,42.15,41.52,41.67,18.5559,908400,0,1,AOS
2013-08-05,42.04,42.411,41.81,42.15,18.7697,1054400,0,1,AOS
2013-08-02,41.98,42.312,41.41,42.15,18.7697,1006000,0,1,AOS
2013-08-01,41.71,42.16,41.66,42.07,18.734,1290800,0,1,AOS
2013-07-31,41.2,41.67,41.13,41.32,18.4001,1107800,0,1,AOS
2013-07-30,40.68,41.37,40.651,41.17,18.3333,1227800,0,1,AOS
2013-07-29,40.84,41.11,40.365,40.52,18.0438,1138000,0.12,1,AOS
2013-07-26,41,41.19,40.63,40.94,18.124,1050200,0,1,AOS
2013-07-25,41.28,41.43,40.74,41.15,18.2169,1430600,0,1,AOS
2013-07-24,42,43.54,40.78,41.21,18.2435,3740000,0,1,AOS
2013-07-23,40.14,40.59,40.05,40.2,17.7964,2556200,0,1,AOS
2013-07-22,40.47,40.76,39.5604,40.1,17.7521,1601000,0,1,AOS
2013-07-19,39.21,40.36,39.21,40.33,17.8539,2963200,0,1,AOS
2013-07-18,38.92,39.34,38.72,39.25,17.3758,1713600,0,1,AOS
2013-07-17,38.83,38.95,38.31,38.92,17.2297,2168000,0,1,AOS
2013-07-16,38.42,38.63,38.01,38.51,17.0482,1580800,0,1,AOS
2013-07-15,38.73,38.84,38.41,38.46,17.0261,883600,0,1,AOS
2013-07-12,38.42,38.75,38.3304,38.66,17.1146,699400,0,1,AOS
2013-07-11,38.52,38.84,38.22,38.47,17.0305,1172000,0,1,AOS
2013-07-10,37.9,38.0379,37.51,37.9,16.7782,879000,0,1,AOS
2013-07-09,37.63,38.19,37.57,37.9,16.7782,1156400,0,1,AOS
2013-07-08,38,38.39,37.21,37.33,16.5258,1577000,0,1,AOS
2013-07-05,37.79,37.81,37.05,37.81,16.7383,632800,0,1,AOS
2013-07-03,36.92,37.61,36.8387,37.51,16.6055,925800,0,1,AOS
2013-07-02,37.41,37.61,36.92,36.96,16.362,1278400,0,1,AOS
2013-07-01,36.32,37.56,36.32,37.37,16.5435,1689200,0,1,AOS
2013-06-28,37.14,37.239,36.11,36.28,16.061,12604000,0,1,AOS
2013-06-27,36.5,37.29,36.5,37.21,16.4727,1586800,0,1,AOS
2013-06-26,36.46,36.65,36.165,36.23,16.0389,1058000,0,1,AOS
2013-06-25,36.05,36.24,35.58,36.08,15.9725,2101000,0,1,AOS
2013-06-24,36.03,36.03,35.11,35.69,15.7998,2458400,0,1,AOS
2013-06-21,36.94,37.07,35.24,36.59,16.1982,3041200,0,1,AOS
2013-06-20,38.37,38.41,36.51,36.82,16.3001,2320000,0,1,AOS
2013-06-19,39.27,39.42,38.77,38.78,17.1677,1264000,0,1,AOS
2013-06-18,39.08,39.41,38.731,39.27,17.3847,781800,0,1,AOS
2013-06-17,38.7879,39.26,38.68,39.06,17.2917,1031600,0,1,AOS
2013-06-14,38.56,38.86,38.34,38.57,17.0748,562600,0,1,AOS
2013-06-13,38.14,38.87,37.88,38.66,17.1146,892800,0,1,AOS
2013-06-12,38.65,38.7,38,38.23,16.9243,711000,0,1,AOS
2013-06-11,38.44,38.76,38.03,38.33,16.9685,826600,0,1,AOS
2013-06-10,38.93,38.94,38.38,38.84,17.1943,738600,0,1,AOS
2013-06-07,38.8206,39.05,38.32,38.78,17.1677,1181200,0,1,AOS
2013-06-06,38.14,38.68,38,38.57,17.0748,1466000,0,1,AOS
2013-06-05,38.14,39.06,38.03,38.16,16.8933,1580400,0,1,AOS
2013-06-04,39.06,39.36,38.15,38.24,16.9287,1591800,0,1,AOS
2013-06-03,39.2523,39.47,38.395,39.04,17.2828,1698600,0,1,AOS
2013-05-31,38.79,39.72,38.74,39.2,17.3537,1279000,0,1,AOS
2013-05-30,38.83,39.23,38.7613,39.1,17.3094,855000,0,1,AOS
2013-05-29,38.85,38.96,38.09,38.71,17.1367,984400,0,1,AOS
2013-05-28,39.38,39.82,38.85,39.04,17.2828,936000,0,1,AOS
2013-05-24,38.8,38.93,38.24,38.89,17.2164,561400,0,1,AOS
2013-05-23,38.32,39.1297,38,38.93,17.2341,1282400,0,1,AOS
2013-05-22,39.79,40.23,38.59,38.8,17.1766,1229600,0,1,AOS
2013-05-21,39.91,40.21,39.58,39.64,17.5485,994400,0,1,AOS
2013-05-20,39.74,40.29,39.72,39.86,17.6458,1080800,0,1,AOS
2013-05-17,39.96,40,39.1,39.71,17.5794,2085400,0,1,AOS
2013-05-16,39.73,40.36,39.51,39.62,17.5396,1489200,0,2,AOS
2013-05-15,39.67,40.0553,39.55,39.95,17.6857,1126400,0,1,AOS
2013-05-14,78.05,79.85,78.05,79.71,17.6436,1748400,0,1,AOS
2013-05-13,77.96,78.31,77.58,78.03,17.2718,720800,0,1,AOS
2013-05-10,77.62,78.03,77.4,77.95,17.2541,1224800,0,1,AOS
2013-05-09,77.3,78.13,77.3,77.58,17.1722,1386400,0,1,AOS
2013-05-08,77.31,77.666,76.66,77.29,17.108,1325600,0,1,AOS
2013-05-07,77.47,77.68,76.68,77.41,17.1345,1387600,0,1,AOS
2013-05-06,76.74,77.5611,76.29,77.23,17.0947,1136000,0,1,AOS
2013-05-03,76.08,77.6,76.08,76.52,16.9375,1660400,0,1,AOS
2013-05-02,73.66,75.53,73.44,75.51,16.714,2224400,0,1,AOS
2013-05-01,75.34,75.44,73.31,73.38,16.2425,2037200,0,1,AOS
2013-04-30,75.14,75.59,74.45,75.43,16.6963,1522000,0,1,AOS
2013-04-29,76.31,76.38,75.04,75.13,16.6299,1765600,0,1,AOS
2013-04-26,75.15,76.09,74.96,75.83,16.7848,1923600,0,1,AOS
2013-04-25,74.84,75.68,74.721,75.15,16.6343,2060000,0.24,1,AOS
2013-04-24,74.6,75.185,73.95,74.66,16.3133,2978800,0,1,AOS
2013-04-23,73.49,75.2,72.42,73.36,16.0293,3088400,0,1,AOS
2013-04-22,69.25,70.43,68.41,69.89,15.2711,1419600,0,1,AOS
2013-04-19,68.79,69.88,68.52,69.05,15.0875,1728000,0,1,AOS
2013-04-18,69.63,70.05,68.31,68.69,15.0089,1974800,0,1,AOS
2013-04-17,68.55,70.16,68.08,69.5,15.1859,3834800,0,1,AOS
2013-04-16,68.81,69.833,67.86,68.98,15.0722,2526000,0,1,AOS
2013-04-15,69.5,69.75,67.0049,67.02,14.644,1822000,0,1,AOS
2013-04-12,69.2,70.08,68.96,69.84,15.2602,1945200,0,1,AOS
2013-04-11,68.63,69.71,68.63,69.54,15.1946,1588400,0,1,AOS
2013-04-10,68.32,69,68.11,68.93,15.0613,2138000,0,1,AOS
2013-04-09,68.9,69.09,68.1,68.32,14.928,1868400,0,1,AOS
2013-04-08,69.06,69.37,68.64,68.99,15.0744,1068800,0,1,AOS
2013-04-05,67.45,69.02,66.69,68.99,15.0744,1349200,0,1,AOS
2013-04-04,67.39,69.17,67.07,69.03,15.0832,2519600,0,1,AOS
2013-04-03,70.85,71,67.19,67.5,14.7489,3539600,0,1,AOS
2013-04-02,71.62,71.921,70.27,70.73,15.4546,1750400,0,1,AOS
2013-04-01,73.66,74.1,70.97,71.35,15.5901,1654400,0,1,AOS
2013-03-28,73.75,73.87,73.32,73.57,16.0752,1080000,0,1,AOS
2013-03-27,72.77,73.74,72.2,73.56,16.073,691600,0,1,AOS
2013-03-26,73.4,73.65,72.79,73.26,16.0074,735200,0,1,AOS
2013-03-25,73.75,74.08,72.48,73.09,15.9703,679600,0,1,AOS
2013-03-22,73.39,74.17,73.33,73.59,16.0795,774400,0,1,AOS
2013-03-21,74.27,74.41,72.63,73.14,15.9812,1579200,0,1,AOS
2013-03-20,74,74.86,73.66,74.67,16.3155,1323200,0,1,AOS
2013-03-19,73.46,74.08,72.7,73.44,16.0468,656400,0,1,AOS
2013-03-18,72.87,73.76,72.65,73.12,15.9768,755200,0,1,AOS
2013-03-15,74.03,74.27,73.6,73.64,16.0905,1572000,0,1,AOS
2013-03-14,73.23,73.97,73.08,73.95,16.1582,747600,0,1,AOS
2013-03-13,72.87,72.99,72.37,72.88,15.9244,869600,0,1,AOS
2013-03-12,72.93,73.02,72.17,72.8,15.9069,918000,0,1,AOS
2013-03-11,73.07,73.36,72.23,72.97,15.9441,1210800,0,1,AOS
2013-03-08,73.15,74.0654,72.78,73.09,15.9703,1625600,0,1,AOS
2013-03-07,73.3363,73.5,72.87,73.14,15.9812,825600,0,1,AOS
2013-03-06,73.5709,73.69,72.96,73.28,16.0118,876400,0,1,AOS
2013-03-05,72.77,73.72,72.48,73.17,15.9878,1890400,0,1,AOS
2013-03-04,71.5,72.47,71.18,72.42,15.8239,2000400,0,1,AOS
2013-03-01,71.08,71.91,70,71.67,15.66,1274400,0,1,AOS
2013-02-28,71.47,71.9,71.01,71.53,15.6294,1340400,0,1,AOS
2013-02-27,70.1461,71.84,70.05,71.35,15.5901,792400,0,1,AOS
2013-02-26,68.9,70.45,68.51,70.11,15.3191,1020400,0,1,AOS
2013-02-25,70.79,70.89,68.3918,68.41,14.9477,1417200,0,1,AOS
2013-02-22,69.54,70.81,69.54,70.63,15.4328,812400,0,1,AOS
2013-02-21,70.27,70.32,68.44,69.46,15.1771,1554000,0,1,AOS
2013-02-20,72.41,72.72,70.29,70.37,15.376,1668800,0,1,AOS
2013-02-19,72.08,72.54,71.95,72.4,15.8195,1331600,0,1,AOS
2013-02-15,71.76,72.1,71.31,71.97,15.7256,1508800,0,1,AOS
2013-02-14,70.69,71.699,70.59,71.41,15.6032,640000,0,1,AOS
2013-02-13,70.68,71.05,70.43,71.05,15.5245,994800,0,1,AOS
2013-02-12,69.99,71.15,69.99,70.53,15.4109,918400,0,1,AOS
2013-02-11,69.96,70.24,69.4479,69.91,15.2755,698800,0,1,AOS
2013-02-08,69.53,70.27,69.36,69.95,15.2842,1137600,0,1,AOS
2013-02-07,69.99,69.99,68.87,69.57,15.2012,1036400,0,1,AOS
2013-02-06,69.62,70.05,69.4476,69.99,15.2929,1041600,0,1,AOS
2013-02-05,69.53,70.13,68.934,69.9,15.2733,1034000,0,1,AOS
2013-02-04,69.69,69.984,68.8,69.13,15.105,1363600,0,1,AOS
2013-02-01,69.8,70.46,69.69,69.95,15.2842,1605600,0,1,AOS
2013-01-31,69.38,69.6,68.95,69.28,15.1378,1325200,0,1,AOS
2013-01-30,70.51,70.5137,69.13,69.35,15.1531,1818800,0,1,AOS
2013-01-29,70.19,70.45,69.75,70.41,15.3847,1358400,0.2,1,AOS
2013-01-28,70.09,70.613,69.41,70.22,15.1684,1382800,0,1,AOS
2013-01-25,69.52,70.22,69.03,69.99,15.1187,2106000,0,1,AOS
2013-01-24,69.0042,70.95,67.02,69.27,14.9632,3656000,0,1,AOS
2013-01-23,68.04,68.78,66.95,67.47,14.5744,2510000,0,1,AOS
2013-01-22,67.58,68.71,66.9059,68.05,14.6996,2449200,0,1,AOS
2013-01-18,67.2,67.81,66.49,67.55,14.5916,8390800,0,1,AOS
2013-01-17,65.28,67.23,65.23,67.04,14.4815,2063600,0,1,AOS
2013-01-16,65.75,65.88,64.63,64.9,14.0192,1173600,0,1,AOS
2013-01-15,65.75,65.94,65.15,65.84,14.2222,1185200,0,1,AOS
2013-01-14,64.7995,66.12,64.62,66.05,14.2676,2574800,0,1,AOS
2013-01-11,64.9,64.9,64.17,64.58,13.9501,1018000,0,1,AOS
2013-01-10,64.93,65.12,64.14,64.9,14.0192,1456800,0,1,AOS
2013-01-09,64.79,65.015,64.04,64.37,13.9047,1536000,0,1,AOS
2013-01-08,63.66,64.93,63.4682,64.79,13.9954,1866800,0,1,AOS
2013-01-07,63.9,64.81,63.22,63.58,13.7341,1925600,0,1,AOS
2013-01-04,63.94,64.37,63.15,64.29,13.8874,1258800,0,1,AOS
2013-01-03,63.34,64.03,62.01,63.6,13.7384,2563200,0,1,AOS
2013-01-02,64.41,65.73,64.17,64.61,13.9566,2003600,0,1,AOS
2012-12-31,61.7063,63.25,61.54,63.07,13.6239,1605600,0,1,AOS
2012-12-28,61.46,62.49,61.27,61.84,13.3582,1417600,0,1,AOS
2012-12-27,61.95,62.09,60.99,61.86,13.3625,830000,0,1,AOS
2012-12-26,62.42,62.58,61.55,61.81,13.3517,858000,0,1,AOS
2012-12-24,62.38,62.79,61.95,62.16,13.4273,414000,0,1,AOS
2012-12-21,62.6987,62.92,62.12,62.29,13.4554,3365600,0,1,AOS
2012-12-20,63.35,63.725,62.73,63.36,13.6865,1755600,0,1,AOS
2012-12-19,62.85,63.96,62.2792,63.58,13.7341,1670800,0,1,AOS
2012-12-18,61.34,62.97,61.01,62.95,13.598,2572800,0,1,AOS
2012-12-17,61.14,61.58,60.79,61,13.1768,1919600,0,1,AOS
2012-12-14,61.77,62.1011,60.49,61.04,13.1854,1640800,0,1,AOS
2012-12-13,61.83,62.3657,61.68,61.96,13.3841,1500800,0,1,AOS
2012-12-12,62.51,62.795,61.45,61.73,13.3344,1815200,0,1,AOS
2012-12-11,63.14,63.26,61.93,62.06,13.4057,2590000,0,1,AOS
2012-12-10,62.13,62.98,61.84,62.79,13.5634,1896400,0,1,AOS
2012-12-07,63.53,63.53,61.91,62.22,13.4403,2114800,0,1,AOS
2012-12-06,63.54,63.7,62.5,63.11,13.6325,1507600,0,1,AOS
2012-12-05,63.51,63.73,62.29,63.35,13.6844,1641600,0,1,AOS
2012-12-04,63.1,63.55,62.74,63.41,13.6973,1288000,0,1,AOS
2012-12-03,63.57,63.74,62.43,63.06,13.6217,1388800,0,1,AOS
2012-11-30,62.7306,63.32,62.05,62.95,13.598,3718400,0,1,AOS
2012-11-29,61.83,62.78,61.31,62.7,13.544,1940000,0,1,AOS
2012-11-28,61.74,61.99,60.37,61.31,13.2437,1945200,0,1,AOS
2012-11-27,61.83,62.49,61.72,61.84,13.3582,1415600,0,1,AOS
2012-11-26,61.82,62.53,61.53,61.74,13.3366,826800,0,1,AOS
2012-11-23,61.33,62.17,61.3,61.97,13.3863,425600,0,1,AOS
2012-11-21,61.83,62.12,60.65,60.99,13.1746,1052400,0,1,AOS
2012-11-20,60.02,61.67,60.02,61.64,13.315,1325600,0,1,AOS
2012-11-19,59.9,61.93,59.79,60.41,13.0493,1189600,0,1,AOS
2012-11-16,58.21,59.782,57.982,59.57,12.8679,1678000,0,1,AOS
2012-11-15,58.5186,59.06,57.06,58.36,12.6065,1683600,0,1,AOS
2012-11-14,59.61,60.31,58.41,58.66,12.6713,1344000,0,1,AOS
2012-11-13,58.97,60.69,58.53,59.61,12.8765,1402800,0,1,AOS
2012-11-12,60.24,62.28,59.4,59.4,12.8311,1642800,0,1,AOS
2012-11-09,59.34,59.83,58.5,59.4,12.8311,2212400,0,1,AOS
2012-11-08,59.84,60.4,59.29,59.58,12.87,1776800,0,1,AOS
2012-11-07,61.08,61.83,59.28,59.82,12.9219,1372800,0,1,AOS
2012-11-06,60.96,62.21,60.7,61.65,13.3172,1488000,0,1,AOS
2012-11-05,60.13,61.34,59.69,60.54,13.0774,894800,0,1,AOS
2012-11-02,62.18,62.18,59.95,59.96,12.9521,976800,0,1,AOS
2012-11-01,61.01,61.85,60.01,61.73,13.3344,1824800,0,1,AOS
2012-10-31,59.91,61,59.645,60.77,13.1271,1738000,0.05,1,AOS
2012-10-26,59.4,60.16,59.1,59.91,12.7259,1203200,0.2,1,AOS
2012-10-25,60.46,60.57,58.89,59.24,12.5835,1485600,0,1,AOS
2012-10-24,59.81,60.15,59.336,59.73,12.6876,1213200,0,1,AOS
2012-10-23,58.75,59.75,58.15,59.5,12.6388,1632800,0,1,AOS
2012-10-22,59.06,59.935,58.77,59.37,12.6112,1683600,0,1,AOS
2012-10-19,58.52,59.49,58.43,58.92,12.5156,2386000,0,1,AOS
2012-10-18,57.88,59.51,57.67,59.04,12.5411,3055600,0,1,AOS
2012-10-17,56.94,60,56.74,57.75,12.267,7550000,0,1,AOS
2012-10-16,56.72,56.849,55.69,56,11.8953,2676800,0,1,AOS
2012-10-15,56.3,56.3,55.45,56.13,11.9229,1449600,0,1,AOS
2012-10-12,56.32,56.46,55.54,55.94,11.8826,1089200,0,1,AOS
2012-10-11,57.26,57.49,56.0891,56.32,11.9633,995200,0,1,AOS
2012-10-10,57.45,57.58,56.62,56.77,12.0589,856800,0,1,AOS
2012-10-09,57.8,57.97,56.77,57.52,12.2182,1081200,0,1,AOS
2012-10-08,57.79,57.99,57.2157,57.85,12.2883,670000,0,1,AOS
2012-10-05,58.2,58.93,57.84,57.99,12.318,1098400,0,1,AOS
2012-10-04,57.57,58.09,57.15,57.86,12.2904,1102400,0,1,AOS
2012-10-03,57.16,57.51,56.75,57.19,12.1481,1467600,0,1,AOS
2012-10-02,57.51,57.81,56.72,57.04,12.1162,1678400,0,1,AOS
2012-10-01,57.82,58.165,57.18,57.25,12.1608,1875200,0,1,AOS
2012-09-28,57.71,57.86,57.26,57.54,12.2224,1619600,0,1,AOS
2012-09-27,56.82,57.92,56.33,57.86,12.2904,1970000,0,1,AOS
2012-09-26,57.52,57.6899,55.68,56.36,11.9718,1604800,0,1,AOS
2012-09-25,58.24,58.74,57.18,57.48,12.2097,1390000,0,1,AOS
2012-09-24,58.02,58.5,57.61,58.08,12.3371,1668000,0,1,AOS
2012-09-21,58.09,58.91,57.64,58.08,12.3371,4178400,0,1,AOS
2012-09-20,57.53,57.89,57.252,57.46,12.2054,1633200,0,1,AOS
2012-09-19,57.24,57.92,56.73,57.76,12.2692,2150400,0,1,AOS
2012-09-18,56.27,57.1,55.39,56.54,12.01,1540000,0,1,AOS
2012-09-17,56,56.39,55.394,55.75,11.8422,1137600,0,1,AOS
2012-09-14,56.77,56.99,56.18,56.5,12.0015,1859600,0,1,AOS
2012-09-13,56.38,57.4,55.78,56.52,12.0058,2261200,0,1,AOS
2012-09-12,55.76,56.3,55.74,56.23,11.9442,1629600,0,1,AOS
2012-09-11,55.38,55.98,55.3085,55.61,11.8125,1395600,0,1,AOS
2012-09-10,55.51,55.88,55.13,55.16,11.7169,1391600,0,1,AOS
2012-09-07,55.89,56,55.01,55.54,11.7976,1040000,0,1,AOS
2012-09-06,55,55.87,55.0005,55.57,11.804,1293200,0,1,AOS
2012-09-05,55.17,55.38,54.48,54.63,11.6043,954000,0,1,AOS
2012-09-04,54.92,56.24,54.34,55.06,11.6956,2389200,0,1,AOS
2012-08-31,53.96,54.87,53.5764,54.71,11.6213,2614800,0,1,AOS
2012-08-30,53.8331,54.22,53.25,53.49,11.3621,934800,0,1,AOS
2012-08-29,54.33,54.55,53.83,54.31,11.5363,1176800,0,1,AOS
2012-08-28,54.04,54.53,53.732,54.13,11.4981,1130000,0,1,AOS
2012-08-27,54.05,54.31,53.43,54.09,11.4896,1414000,0,1,AOS
2012-08-24,53.1,54.12,53,53.65,11.3961,1361200,0,1,AOS
2012-08-23,53.19,54.87,52.898,53.46,11.3558,1625200,0,1,AOS
2012-08-22,52.39,53.16,52.39,52.88,11.2326,910000,0,1,AOS
2012-08-21,53.39,53.556,52.79,52.92,11.2411,1197600,0,1,AOS
2012-08-20,53.32,53.696,52.56,53.34,11.3303,1003200,0,1,AOS
2012-08-17,53.47,53.58,52.88,53.49,11.3621,1388800,0,1,AOS
2012-08-16,51.87,53.94,51.38,53.35,11.3324,2005200,0,1,AOS
2012-08-15,50.93,52.05,50.88,51.85,11.0138,1222800,0,1,AOS
2012-08-14,51.81,52.0563,50.9,51.09,10.8523,1930400,0,1,AOS
2012-08-13,51.21,51.51,50.61,51.38,10.914,1084800,0,1,AOS
2012-08-10,51.56,51.75,50.985,51.45,10.9288,1003200,0,1,AOS
2012-08-09,51.14,51.9951,50.542,51.72,10.9862,1362400,0,1,AOS
2012-08-08,49.81,51.36,49.81,51.27,10.8906,1567200,0,1,AOS
2012-08-07,50,50.58,49.91,50.12,10.6463,1080000,0,1,AOS
2012-08-06,50.14,50.39,49.58,49.81,10.5805,956400,0,1,AOS
2012-08-03,50.08,50.56,49.45,49.94,10.6081,1528400,0,1,AOS
2012-08-02,48.2,49.43,47.77,49.11,10.4318,1466800,0,1,AOS
2012-08-01,49.67,49.95,48.66,48.67,10.3383,1368800,0,1,AOS
2012-07-31,50.15,50.62,49.407,49.42,10.4976,1113200,0,1,AOS
2012-07-30,50.87,51.82,50.29,50.39,10.7037,676400,0,1,AOS
2012-07-27,49.93,51.19,49.5,50.84,10.7992,873200,0.2,1,AOS
2012-07-26,50.05,50.32,48.72,49.71,10.3893,2158000,0,1,AOS
2012-07-25,50.47,50.55,48.85,48.98,10.2367,1979600,0,1,AOS
2012-07-24,50.9,51.05,49.78,50.1,10.4708,1420800,0,1,AOS
2012-07-23,50.17,51.13,50.1,50.7,10.5962,1187600,0,1,AOS
2012-07-20,50.78,51.6,50.78,51.14,10.6881,1797600,0,1,AOS
2012-07-19,51.1176,51.74,50.23,51.36,10.7341,2886000,0,1,AOS
2012-07-18,49.97,52.9,49.04,52.09,10.8867,6945200,0,1,AOS
2012-07-17,49.34,49.56,48.68,49.1,10.2618,2810000,0,1,AOS
2012-07-16,49.55,49.6037,48.31,49.22,10.2869,1707600,0,1,AOS
2012-07-13,48.74,50.22,48.3918,49.74,10.3956,1760400,0,1,AOS
2012-07-12,47.3,48.54,46.98,48.35,10.105,1365200,0,1,AOS
2012-07-11,48.63,49.01,47.18,47.59,9.9462,1976000,0,1,AOS
2012-07-10,48.97,49.66,48.37,48.55,10.1468,2650800,0,1,AOS
2012-07-09,48.63,49.1,48.41,48.89,10.2179,1086400,0,1,AOS
2012-07-06,48.93,49.26,48.38,48.82,10.2033,796400,0,1,AOS
2012-07-05,49.13,49.84,48.91,49.6,10.3663,906000,0,1,AOS
2012-07-03,48.94,49.64,48.8,49.22,10.2869,778800,0,1,AOS
2012-07-02,48.96,49.23,47.97,49.07,10.2555,1180400,0,1,AOS
2012-06-29,48.29,49.0665,48.29,48.89,10.2179,1637600,0,1,AOS
2012-06-28,47.43,47.768,46.2,47.38,9.9023,1429600,0,1,AOS
2012-06-27,47,47.919,46.67,47.71,9.9713,1446400,0,1,AOS
2012-06-26,45.5974,47,45.44,46.54,9.7268,1386400,0,1,AOS
2012-06-25,45.65,45.8702,45.28,45.4,9.4885,1195200,0,1,AOS
2012-06-22,46.5,46.6915,45.52,46.11,9.6369,2828400,0,1,AOS
2012-06-21,47.52,48.11,46.118,46.26,9.6682,1874000,0,1,AOS
2012-06-20,48.53,48.77,47.44,47.77,9.9838,1336000,0,1,AOS
2012-06-19,48.3,49.27,48.1982,48.81,10.2012,1360000,0,1,AOS
2012-06-18,47.47,48.07,47.35,47.99,10.0298,1492400,0,1,AOS
2012-06-15,47.81,47.89,47.42,47.81,9.9922,2780000,0,1,AOS
2012-06-14,46.62,47.78,46.381,47.6,9.9483,1417200,0,1,AOS
2012-06-13,47.22,47.79,46.27,46.57,9.733,1290000,0,1,AOS
2012-06-12,46.93,47.58,46.41,47.33,9.8919,1210800,0,1,AOS
2012-06-11,48.5,48.5,46.5571,46.59,9.7372,1193600,0,1,AOS
2012-06-08,46.86,48.03,46.32,47.94,10.0194,1593600,0,1,AOS
2012-06-07,47.08,47.7,46.73,46.96,9.8145,2586800,0,1,AOS
2012-06-06,45.17,46.5123,45.05,46.51,9.7205,1597200,0,1,AOS
2012-06-05,43.95,44.9868,43.691,44.81,9.3652,1548000,0,1,AOS
2012-06-04,44.77,45.06,43.99,44.14,9.2252,3301600,0,1,AOS
2012-06-01,45.12,45.35,44.24,44.62,9.3255,2386400,0,1,AOS
2012-05-31,45.56,46.48,45.2427,46.16,9.6473,2053200,0,1,AOS
2012-05-30,46.05,46.26,45.13,45.51,9.5115,1606000,0,1,AOS
2012-05-29,45.98,46.87,45.78,46.67,9.7539,915600,0,1,AOS
2012-05-25,46.2,46.36,45.27,45.4,9.4885,925600,0,1,AOS
2012-05-24,45.94,46.44,45.6,46.16,9.6473,1820000,0,1,AOS
2012-05-23,44.28,45.98,43.97,45.85,9.5826,1964000,0,1,AOS
2012-05-22,44.82,45.41,44.58,44.87,9.3777,1237600,0,1,AOS
2012-05-21,43.87,44.78,43.71,44.61,9.3234,1780400,0,1,AOS
2012-05-18,43.91,44.29,43.25,43.61,9.1144,2024800,0,1,AOS
2012-05-17,45.34,45.51,43.3,43.92,9.1792,2170800,0,1,AOS
2012-05-16,46.56,46.8933,45.2,45.36,9.4801,2026000,0,1,AOS
2012-05-15,45.38,47.02,45.33,46.38,9.6933,1975200,0,1,AOS
2012-05-14,45.69,45.99,45.24,45.25,9.4572,1487200,0,1,AOS
2012-05-11,46.29,46.76,46.22,46.31,9.6787,1140000,0,1,AOS
2012-05-10,46.57,47.08,46.28,46.57,9.733,900800,0,1,AOS
2012-05-09,45.74,46.83,45.61,46.31,9.6787,1376400,0,1,AOS
2012-05-08,46.19,46.56,45.81,46.4,9.6975,1774400,0,1,AOS
2012-05-07,46.21,46.72,46.18,46.45,9.708,1088000,0,1,AOS
2012-05-04,46.74,47.03,45.918,46.32,9.6808,2092800,0,1,AOS
2012-05-03,47.83,47.96,47.01,47.09,9.8417,1434800,0,1,AOS
2012-05-02,47.2,48.4487,46.95,47.75,9.9796,2362000,0,1,AOS
2012-05-01,47.6,48.75,47.44,47.65,9.9587,2598800,0,1,AOS
2012-04-30,48.45,48.45,47.53,47.6,9.9483,1998800,0,1,AOS
2012-04-27,47.73,48.94,47.73,48.71,10.1803,2180800,0,1,AOS
2012-04-26,47.25,47.98,47.02,47.66,9.9608,2218400,0.16,1,AOS
2012-04-25,47.56,47.98,47.3,47.58,9.8104,1898400,0,1,AOS
2012-04-24,46.59,47.1818,46.13,47.02,9.6949,1754000,0,1,AOS
2012-04-23,47.58,47.58,46.07,46.55,9.598,2216400,0,1,AOS
2012-04-20,46.35,47.97,46.14,47.18,9.7279,4556800,0,1,AOS
2012-04-19,44.66,44.98,43.88,44.49,9.1732,1598400,0,1,AOS
2012-04-18,44.76,45.02,44.52,44.54,9.1836,1900000,0,1,AOS
2012-04-17,44.63,45.3882,44.48,44.9,9.2578,1133600,0,1,AOS
2012-04-16,44.32,44.68,43.8,44.34,9.1423,1260800,0,1,AOS
2012-04-13,44.89,44.89,44.05,44.07,9.0866,2282800,0,1,AOS
2012-04-12,43.51,45.82,43.5,45.19,9.3176,2236800,0,1,AOS
2012-04-11,43.02,43.34,42.69,43.31,8.9299,1853200,0,1,AOS
2012-04-10,43.13,43.17,42.06,42.43,8.7485,1992000,0,1,AOS
2012-04-09,43.17,43.37,42.67,43.32,8.932,913200,0,1,AOS
2012-04-05,44.17,44.53,43.7905,43.99,9.0701,717600,0,1,AOS
2012-04-04,44.1,44.31,43.58,44.28,9.1299,1108400,0,1,AOS
2012-04-03,44.37,44.8,44.24,44.77,9.231,1240800,0,1,AOS
2012-04-02,44.71,44.89,43.93,44.41,9.1567,1837600,0,1,AOS
2012-03-30,45.48,45.48,44.835,44.95,9.2681,957600,0,1,AOS
2012-03-29,44.88,45.22,44.36,45.01,9.2805,1056800,0,1,AOS
2012-03-28,45.15,45.23,44.59,45.11,9.3011,1330400,0,1,AOS
2012-03-27,44.97,45.38,44.9,44.93,9.264,1173600,0,1,AOS
2012-03-26,44.5,45.04,44.18,44.88,9.2537,1164000,0,1,AOS
2012-03-23,44.11,44.29,43.222,43.91,9.0537,1561600,0,1,AOS
2012-03-22,44.27,44.37,43.63,44.33,9.1403,1175200,0,1,AOS
2012-03-21,45.13,45.369,44.67,44.68,9.2124,1038000,0,1,AOS
2012-03-20,45.38,45.55,44.905,45.1,9.299,994400,0,1,AOS
2012-03-19,45.72,46.27,45.36,45.85,9.4537,929600,0,1,AOS
2012-03-16,45.84,45.94,45.3493,45.69,9.4207,1562000,0,1,AOS
2012-03-15,44.8,46.0106,44.52,45.79,9.4413,1177200,0,1,AOS
2012-03-14,45.77,46.24,44.58,44.67,9.2104,1967600,0,1,AOS
2012-03-13,45.19,45.98,45.02,45.93,9.4702,1527600,0,1,AOS
2012-03-12,44.7,45.21,44.45,44.8,9.2372,1873200,0,1,AOS
2012-03-09,44.49,45.1491,44.4,44.73,9.2227,2558400,0,1,AOS
2012-03-08,44,44.89,43.77,44.48,9.1712,1509200,0,1,AOS
2012-03-07,43.59,43.96,43.39,43.79,9.0289,913200,0,1,AOS
2012-03-06,44.3702,44.55,43.28,43.36,8.9402,1546000,0,1,AOS
2012-03-05,44.96,45.463,44.68,45.2,9.3196,1464800,0,1,AOS
2012-03-02,45.49,46.32,45.09,45.15,9.3093,1654400,0,1,AOS
2012-03-01,45.37,46,45.22,45.6,9.4021,1434400,0,1,AOS
2012-02-29,45.68,46.73,45.1,45.16,9.3114,3335200,0,1,AOS
2012-02-28,45.83,46,45.16,45.49,9.3794,1546400,0,1,AOS
2012-02-27,45.37,46.03,44.76,45.71,9.4248,2740800,0,1,AOS
2012-02-24,46.65,46.99,45.721,45.81,9.4454,1765600,0,1,AOS
2012-02-23,46.43,46.63,45.9,46.49,9.5856,1546400,0,1,AOS
2012-02-22,46.42,46.54,46,46.32,9.5506,1933600,0,1,AOS
2012-02-21,46.78,47.08,46.18,46.49,9.5856,1651600,0,1,AOS
2012-02-17,46.45,46.78,46.39,46.6,9.6083,1347200,0,1,AOS
2012-02-16,45.62,46.41,45.51,46.34,9.5547,2265600,0,1,AOS
2012-02-15,46.2787,46.5,45.42,45.62,9.4062,1644000,0,1,AOS
2012-02-14,46,46.18,45.49,46.13,9.5114,1516400,0,1,AOS
2012-02-13,45.92,46.27,45.67,46.08,9.5011,1498400,0,1,AOS
2012-02-10,46.15,46.26,45.21,45.31,9.3423,2749600,0,1,AOS
2012-02-09,46.6195,46.88,46.2,46.78,9.6454,2308800,0,1,AOS
2012-02-08,46.11,46.66,46.11,46.51,9.5897,2785600,0,1,AOS
2012-02-07,45.36,46.12,45.2,46.11,9.5073,2550800,0,1,AOS
2012-02-06,44.84,45.61,44.62,45.57,9.3959,2572000,0,1,AOS
2012-02-03,44.48,45.24,44.11,45.08,9.2949,2517200,0,1,AOS
2012-02-02,43.65,43.75,43.31,43.67,9.0042,1663600,0,1,AOS
2012-02-01,42.93,43.75,42.6329,43.67,9.0042,3369600,0,1,AOS
2012-01-31,42.99,42.9915,42.15,42.48,8.7588,2201200,0,1,AOS
2012-01-30,41.65,43,41.58,42.46,8.7547,4971200,0,1,AOS
2012-01-27,41.67,43.4,40.94,42.27,8.7155,5279200,0.16,1,AOS
2012-01-26,42.17,42.23,41.41,41.72,8.4701,1511600,0,1,AOS
2012-01-25,41.57,42.19,41.27,41.98,8.5229,2175200,0,1,AOS
2012-01-24,40.88,41.97,40.44,41.49,8.4234,2624400,0,1,AOS
2012-01-23,41.49,41.89,40.56,41.04,8.3321,1870000,0,1,AOS
2012-01-20,42.18,42.32,41.12,41.35,8.395,2036400,0,1,AOS
2012-01-19,42.94,43.02,42.01,42.31,8.5899,2047200,0,1,AOS
2012-01-18,42.5,42.92,42,42.91,8.7117,2295200,0,1,AOS
2012-01-17,42.67,43.06,42.21,42.41,8.6102,1096000,0,1,AOS
2012-01-13,42.67,42.92,41.93,42.22,8.5717,1320400,0,1,AOS
2012-01-12,42.77,43.12,42.55,43.01,8.732,1739600,0,1,AOS
2012-01-11,42.29,42.76,42.21,42.59,8.6468,1405600,0,1,AOS
2012-01-10,42.53,42.67,42.17,42.4,8.6082,1245200,0,1,AOS
2012-01-09,41.87,42.15,41.66,41.97,8.5209,1238400,0,1,AOS
2012-01-06,42.03,42.185,41.62,41.74,8.4742,1095200,0,1,AOS
2012-01-05,41.6888,42.09,41.03,42.01,8.529,2875200,0,1,AOS
2012-01-04,40.95,42.18,40.86,41.93,8.5128,1938000,0,1,AOS
2012-01-03,40.98,41.65,40.61,41.27,8.3788,2402000,0,1,AOS
2011-12-30,40.66,40.8,40.11,40.12,8.1453,880800,0,1,AOS
2011-12-29,39.83,40.929,39.79,40.88,8.2996,1054800,0,1,AOS
2011-12-28,40.77,40.97,39.6535,39.84,8.0885,1380000,0,1,AOS
2011-12-27,40.44,41.04,40.41,40.92,8.3077,1308000,0,1,AOS
2011-12-23,40.15,40.7771,40.15,40.74,8.2712,1091600,0,1,AOS
2011-12-22,39.59,40.21,39.53,40.15,8.1514,2058400,0,1,AOS
2011-12-21,38.68,39.71,38.19,39.56,8.0316,1604800,0,1,AOS
2011-12-20,38.96,39.728,38.71,38.99,7.9159,2662800,0,1,AOS
2011-12-19,38.85,39.19,38.07,38.2,7.7555,1221600,0,1,AOS
2011-12-16,37.96,39,37.96,38.68,7.853,3079600,0,1,AOS
2011-12-15,38.11,38.24,37.54,37.66,7.6459,1711600,0,1,AOS
2011-12-14,38.26,38.4,37.5,37.65,7.6438,1988000,0,1,AOS
2011-12-13,39.64,40.13,38.5012,38.7,7.857,1240400,0,1,AOS
2011-12-12,39.55,39.58,38.93,39.29,7.9768,1236800,0,1,AOS
2011-12-09,38.51,40.28,38.4695,40.09,8.1392,1651200,0,1,AOS
2011-12-08,39.36,39.65,38.19,38.3,7.7758,1975600,0,1,AOS
2011-12-07,39.38,40.21,38.93,39.84,8.0885,1649600,0,1,AOS
2011-12-06,40.41,40.51,39.81,39.85,8.0905,1936400,0,1,AOS
2011-12-05,39.88,40.45,39.56,39.98,8.1169,2085200,0,1,AOS
2011-12-02,38.92,39.89,38.68,39.44,8.0073,2393600,0,1,AOS
2011-12-01,39.24,39.3712,38.27,38.29,7.7738,1347200,0,1,AOS
2011-11-30,38.61,39.27,38.28,39.26,7.9707,3577600,0,1,AOS
2011-11-29,36.86,37.31,36.69,37.01,7.5139,1982800,0,1,AOS
2011-11-28,36.29,37.15,36.1922,36.9,7.4916,3926000,0,1,AOS
2011-11-25,35.12,35.78,35.01,35.22,7.1505,1346400,0,1,AOS
2011-11-23,35.03,35.54,34.83,35.4,7.187,2992000,0,1,AOS
2011-11-22,35.26,35.69,34.9794,35.36,7.1789,1752400,0,1,AOS
2011-11-21,35.47,35.69,35.17,35.32,7.1708,1740400,0,1,AOS
2011-11-18,36.87,37.0367,36.21,36.33,7.3758,2487600,0,1,AOS
2011-11-17,37.31,37.5998,36.61,36.84,7.4794,1717600,0,1,AOS
2011-11-16,36.96,38.11,36.61,37.51,7.6154,2046000,0,1,AOS
2011-11-15,36.78,37.55,36.46,37.29,7.5708,2839200,0,1,AOS
2011-11-14,37.42,37.84,36.5,36.89,7.4895,2849200,0,1,AOS
2011-11-11,37.49,37.8491,37.31,37.42,7.5971,2536400,0,1,AOS
2011-11-10,37.66,37.96,36.66,36.92,7.4956,2091600,0,1,AOS
2011-11-09,37.64,37.89,36.84,37.01,7.5139,1491600,0,1,AOS
2011-11-08,39.04,39.11,38.06,38.75,7.8672,2220400,0,1,AOS
2011-11-07,38.9222,39.16,38.36,38.82,7.8814,1822000,0,1,AOS
2011-11-04,38.12,39.27,37.94,39.14,7.9463,3393600,0,1,AOS
2011-11-03,37.03,38.696,36.86,38.65,7.8469,2410000,0,1,AOS
2011-11-02,36.08,36.58,35.74,36.5,7.4104,2904400,0,1,AOS
2011-11-01,35.35,36.08,34.93,35.45,7.1972,3692800,0,1,AOS
2011-10-31,38.25,38.49,37.1607,37.16,7.5444,2226800,0,1,AOS
2011-10-28,38.72,39.279,38.31,38.57,7.8306,1801200,0,1,AOS
2011-10-27,38.17,39.71,37.91,39.01,7.92,3440000,0.16,1,AOS
2011-10-26,37.65,37.6501,36.6,36.99,7.3799,3805200,0,1,AOS
2011-10-25,37.17,37.72,36.62,37.11,7.4038,3697600,0,1,AOS
2011-10-24,36.18,38.38,36.09,37.55,7.4916,4476000,0,1,AOS
2011-10-21,32.8507,36.28,32.26,36.21,7.2243,6299600,0,1,AOS
2011-10-20,33.3,33.59,32.66,32.75,6.534,3997200,0,1,AOS
2011-10-19,33.81,33.89,32.89,33.25,6.6337,3045600,0,1,AOS
2011-10-18,32.59,34.35,32.49,33.89,6.7614,1883200,0,1,AOS
2011-10-17,34.0603,34.08,32.54,32.65,6.514,1920800,0,1,AOS
2011-10-14,34.12,34.67,33.972,34.45,6.8732,1610400,0,1,AOS
2011-10-13,33.8,34.12,33,33.67,6.7175,1213200,0,1,AOS
2011-10-12,33.47,34.49,33.31,34,6.7834,2594400,0,1,AOS
2011-10-11,32.88,33.5,32.74,33.31,6.6457,2230400,0,1,AOS
2011-10-10,32.77,33.25,32.59,33.24,6.6317,2761200,0,1,AOS
2011-10-07,32.98,33.138,31.64,32.01,6.3863,3553600,0,1,AOS
2011-10-06,32.16,33.08,32.07,32.95,6.5739,3576800,0,1,AOS
2011-10-05,31.85,32.46,31.42,32.31,6.4462,3119200,0,1,AOS
2011-10-04,29.98,31.76,29.81,31.69,6.3225,4800000,0,1,AOS
2011-10-03,31.67,32.62,30.38,30.43,6.0711,2963600,0,1,AOS
2011-09-30,33.42,33.57,31.94,32.03,6.3903,3863200,0,1,AOS
2011-09-29,34.51,34.96,33.17,34.22,6.8273,1522800,0,1,AOS
2011-09-28,35.26,35.54,33.82,33.83,6.7495,1453200,0,1,AOS
2011-09-27,34.9,36.34,34.69,35.12,7.0068,3604400,0,1,AOS
2011-09-26,34.26,34.31,33.47,34.04,6.7914,2816000,0,1,AOS
2011-09-23,34.17,34.72,33.82,34.23,6.8293,1647200,0,1,AOS
2011-09-22,34.09,34.92,33.81,34.27,6.8372,2640400,0,1,AOS
2011-09-21,36.65,36.96,35.27,35.3,7.0427,2122800,0,1,AOS
2011-09-20,37.21,37.32,36.57,36.74,7.33,3506400,0,1,AOS
2011-09-19,36.88,37.28,36.31,36.93,7.3679,1891200,0,1,AOS
2011-09-16,37.27,37.95,37.21,37.51,7.4837,5499200,0,1,AOS
2011-09-15,37.04,37.34,36.37,37.25,7.4318,2444400,0,1,AOS
2011-09-14,36.25,37.24,35.51,36.78,7.338,2276800,0,1,AOS
2011-09-13,35.47,36.22,35.4,36.01,7.1844,3365600,0,1,AOS
2011-09-12,35.8,36.09,34.79,35.32,7.0467,2574400,0,1,AOS
2011-09-09,37.13,37.75,36.22,36.45,7.2722,2426000,0,1,AOS
2011-09-08,37.74,38.07,37.04,37.27,7.4358,1192000,0,1,AOS
2011-09-07,37.67,38.12,37.47,38.1,7.6014,1252400,0,1,AOS
2011-09-06,35.54,37.1,35.54,37.03,7.3879,1128800,0,1,AOS
2011-09-02,37.56,37.85,36.65,36.88,7.358,1105600,0,1,AOS
2011-09-01,39.46,39.86,38.23,38.49,7.6792,1196800,0,1,AOS
2011-08-31,39.56,39.89,38.75,39.29,7.8388,1370400,0,1,AOS
2011-08-30,38.7,39.52,38.22,39.19,7.8188,950800,0,1,AOS
2011-08-29,38.08,39.13,38.08,39.09,7.7989,1555600,0,1,AOS
2011-08-26,35.08,37.62,34.61,37.51,7.4837,1623200,0,1,AOS
2011-08-25,36.7001,37.03,35.12,35.37,7.0567,1070000,0,1,AOS
2011-08-24,35.81,36.58,35.62,36.31,7.2442,1223600,0,1,AOS
2011-08-23,34.7,35.99,34.41,35.88,7.1585,1625200,0,1,AOS
2011-08-22,35.43,35.43,34,34.44,6.8712,1710400,0,1,AOS
2011-08-19,34.36,35.2978,34.12,34.43,6.8692,2498800,0,1,AOS
2011-08-18,35.52,35.76,34.42,34.86,6.955,2722000,0,1,AOS
2011-08-17,37.46,37.63,36.54,36.89,7.36,809600,0,1,AOS
2011-08-16,37.72,38.15,37.14,37.2,7.4218,2023200,0,1,AOS
2011-08-15,37.7613,38.299,37.47,37.98,7.5774,1282000,0,1,AOS
2011-08-12,37.32,37.77,36.43,37.36,7.4537,2126400,0,1,AOS
2011-08-11,35.16,37.58,34.9,36.92,7.3659,1699600,0,1,AOS
2011-08-10,36,36.55,34.93,34.95,6.9729,2364800,0,1,AOS
2011-08-09,36.13,37.26,34.65,37.26,7.4338,2846000,0,1,AOS
2011-08-08,36.89,37.89,35.37,35.4,7.0627,2392400,0,1,AOS
2011-08-05,39.53,39.53,37.38,38.08,7.5974,1538000,0,1,AOS
2011-08-04,40.04,40.3697,38.88,38.92,7.765,1954000,0,1,AOS
2011-08-03,40.36,40.78,39.87,40.69,8.1181,2178400,0,1,AOS
2011-08-02,41.21,41.79,40.36,40.43,8.0662,1727200,0,1,AOS
2011-08-01,41.99,42.2114,41.13,41.61,8.3016,2374800,0,1,AOS
2011-07-29,40.84,41.66,40.52,41.47,8.2737,1232400,0,1,AOS
2011-07-28,41.95,42.37,41.38,41.43,8.2657,1124800,0,1,AOS
2011-07-27,42.86,42.9521,41.75,41.84,8.3475,1340000,0.16,1,AOS
2011-07-26,44.16,44.2014,43.22,43.26,8.5032,1080400,0,1,AOS
2011-07-25,44.06,44.45,43.96,44.31,8.7095,1367600,0,1,AOS
2011-07-22,44.13,44.74,43.86,44.65,8.7764,2339200,0,1,AOS
2011-07-21,43.61,44.3093,43.48,44.11,8.6702,2716800,0,1,AOS
2011-07-20,44.36,44.69,43.2,43.32,8.5149,2998800,0,1,AOS
2011-07-19,43.53,44.73,42.73,43.15,8.4815,6850400,0,1,AOS
2011-07-18,40.91,41.03,40.15,40.37,7.9351,1870000,0,1,AOS
2011-07-15,41.42,41.57,40.79,41.06,8.0707,1252800,0,1,AOS
2011-07-14,41.86,42.2,41.145,41.32,8.1218,834000,0,1,AOS
2011-07-13,42.11,42.46,41.7,41.81,8.2181,747200,0,1,AOS
2011-07-12,41.78,42.17,41.5,41.85,8.226,1255200,0,1,AOS
2011-07-11,42.45,42.55,41.68,41.88,8.2319,1030800,0,1,AOS
2011-07-08,43.35,43.39,42.81,42.97,8.4462,850000,0,1,AOS
2011-07-07,43.89,44.33,43.76,43.86,8.6211,886000,0,1,AOS
2011-07-06,43.1617,43.49,42.79,43.46,8.5425,1000800,0,1,AOS
2011-07-05,43.45,43.92,43.18,43.31,8.513,1128400,0,1,AOS
2011-07-01,42.44,43.68,42.33,43.53,8.5562,908000,0,1,AOS
2011-06-30,42.05,42.77,41.76,42.3,8.3145,1004400,0,1,AOS
2011-06-29,41.39,41.94,41.22,41.6,8.1769,849200,0,1,AOS
2011-06-28,41.07,41.21,40.84,41.17,8.0923,1060000,0,1,AOS
2011-06-27,40.74,41.2,40.36,40.93,8.0452,1041200,0,1,AOS
2011-06-24,41.25,41.463,40.49,40.82,8.0236,3143200,0,1,AOS
2011-06-23,40.19,41.23,39.69,41.1,8.0786,807600,0,1,AOS
2011-06-22,40.76,41.42,40.5,40.77,8.0137,671600,0,1,AOS
2011-06-21,40.88,41.2,40.72,41.05,8.0688,1048400,0,1,AOS
2011-06-20,40.01,40.7096,39.96,40.5,7.9607,1133200,0,1,AOS
2011-06-17,40.11,40.69,39.98,40.04,7.8702,5105200,0,1,AOS
2011-06-16,39.09,39.37,38.79,39.22,7.7091,1165600,0,1,AOS
2011-06-15,39.61,39.91,38.75,39.06,7.6776,973200,0,1,AOS
2011-06-14,39.51,40.46,39.49,40.06,7.8742,885200,0,1,AOS
2011-06-13,39.17,39.48,39.04,39.04,7.6737,977600,0,1,AOS
2011-06-10,39.5,39.94,39,39.11,7.6874,1240000,0,1,AOS
2011-06-09,39.45,40.25,39.45,39.71,7.8054,1090400,0,1,AOS
2011-06-08,39.35,39.85,39.31,39.52,7.768,1270800,0,1,AOS
2011-06-07,40.0045,40.07,39.61,39.7,7.8034,1930000,0,1,AOS
2011-06-06,39.92,41.03,39.71,39.8,7.8231,1992000,0,1,AOS
2011-06-03,39.51,39.99,39.28,39.4,7.7444,1318400,0,1,AOS
2011-06-02,40.03,40.55,39.751,40.24,7.9095,1227200,0,1,AOS
2011-06-01,41.46,41.52,39.89,40.02,7.8663,1831600,0,1,AOS
2011-05-31,40.45,41.5,40.29,41.47,8.1513,1689600,0,1,AOS
2011-05-27,40.26,40.5,39.93,40.09,7.8801,651200,0,1,AOS
2011-05-26,39.17,40.18,39.098,40.17,7.8958,2212000,0,1,AOS
2011-05-25,39.02,39.31,38.86,39.2,7.7051,1540000,0,1,AOS
2011-05-24,39.58,39.6,39.12,39.16,7.6973,1641200,0,1,AOS
2011-05-23,39.32,39.73,39.12,39.5,7.7641,1243600,0,1,AOS
2011-05-20,40.64,40.64,39.89,40.16,7.8938,1210000,0,1,AOS
2011-05-19,41.0967,41.18,40.356,40.82,8.0236,664800,0,1,AOS
2011-05-18,40.64,41.07,40.64,40.79,8.0177,885600,0,1,AOS
2011-05-17,40.35,40.92,40.16,40.62,7.9842,1334400,0,1,AOS
2011-05-16,40.79,41.28,40.46,40.54,7.9685,1120400,0,1,AOS
2011-05-13,41.87,41.99,40.71,41.06,8.0707,1144000,0,1,AOS
2011-05-12,42.4,42.7,41.42,41.89,8.2339,1756000,0,1,AOS
2011-05-11,43.13,43.39,42.25,42.53,8.3597,901200,0,1,AOS
2011-05-10,43.05,43.61,43.01,43.36,8.5228,644400,0,1,AOS
2011-05-09,41.93,42.82,41.75,42.8,8.4127,640000,0,1,AOS
2011-05-06,42.2092,42.63,41.79,42.01,8.2575,610800,0,1,AOS
2011-05-05,41.56,42.28,41.22,41.66,8.1887,1215600,0,1,AOS
2011-05-04,42.89,42.95,41.7809,41.8,8.2162,1024000,0,1,AOS
2011-05-03,43.49,43.6,42.7096,42.88,8.4285,908000,0,1,AOS
2011-05-02,44.1,44.26,43.47,43.63,8.5759,636000,0,1,AOS
2011-04-29,43.96,44.37,43.86,43.97,8.6427,752000,0,1,AOS
2011-04-28,43.37,43.87,43.16,43.85,8.6191,916400,0,1,AOS
2011-04-27,43.08,43.61,42.53,43.48,8.5464,1100800,0.14,1,AOS
2011-04-26,42.83,43.71,42.83,43.15,8.3715,975200,0,1,AOS
2011-04-25,42.6756,42.8,42.28,42.77,8.2977,937200,0,1,AOS
2011-04-21,42.76,43.24,42.27,42.9,8.323,1342400,0,1,AOS
2011-04-20,42.24,43.17,42.19,42.45,8.2357,2323600,0,1,AOS
2011-04-19,44,44,40.79,41.51,8.0533,3031600,0,1,AOS
2011-04-18,41.999,42.22,41.626,42,8.1484,1165200,0,1,AOS
2011-04-15,42.12,42.78,41.92,42.61,8.2667,966000,0,1,AOS
2011-04-14,42,42.28,41.9,42.24,8.1949,1120800,0,1,AOS
2011-04-13,42.27,42.3085,41.67,42.09,8.1658,1087200,0,1,AOS
2011-04-12,41.95,42.13,41.68,41.97,8.1425,922000,0,1,AOS
2011-04-11,42.37,42.55,41.99,42.15,8.1775,550400,0,1,AOS
2011-04-08,43.4,43.42,42.06,42.3,8.2066,743200,0,1,AOS
2011-04-07,43.52,43.615,42.89,43.04,8.3501,891600,0,1,AOS
2011-04-06,44.03,44.3069,43.37,43.46,8.4316,701200,0,1,AOS
2011-04-05,44.32,44.52,43.72,43.78,8.4937,744000,0,1,AOS
2011-04-04,44.18,44.43,43.79,44.35,8.6043,868800,0,1,AOS
2011-04-01,44.41,44.82,44.04,44.17,8.5694,582000,0,1,AOS
2011-03-31,43.7971,44.657,43.8,44.34,8.6023,606800,0,1,AOS
2011-03-30,43.6,44.35,43.49,43.81,8.4995,890800,0,1,AOS
2011-03-29,43.12,43.6,42.77,43.6,8.4588,538000,0,1,AOS
2011-03-28,43.0674,43.6,42.93,43.2,8.3812,698800,0,1,AOS
2011-03-25,43.2,43.75,42.81,43.03,8.3482,819200,0,1,AOS
2011-03-24,42.79,43.18,42.19,42.99,8.3404,836800,0,1,AOS
2011-03-23,42.41,42.74,41.9109,42.64,8.2725,1072400,0,1,AOS
2011-03-22,43.3,43.46,42.51,42.68,8.2803,1098800,0,1,AOS
2011-03-21,42.96,43.4,42.9,43.22,8.385,650000,0,1,AOS
2011-03-18,42.11,42.49,41.95,42.41,8.2279,1464400,0,1,AOS
2011-03-17,42.2796,42.35,41.57,41.88,8.1251,1111600,0,1,AOS
2011-03-16,41.79,42.14,41.345,41.58,8.0669,1286000,0,1,AOS
2011-03-15,40.84,42.1201,40.6,41.92,8.1328,1584000,0,1,AOS
2011-03-14,41.57,42.16,41.22,42.01,8.1503,973600,0,1,AOS
2011-03-11,41.18,42.01,41.0093,42.01,8.1503,1763200,0,1,AOS
2011-03-10,42.2,42.22,41.25,41.33,8.0184,1251600,0,1,AOS
2011-03-09,42.37,43.15,42.0522,42.78,8.2997,896800,0,1,AOS
2011-03-08,41.25,42.82,41.25,42.46,8.2376,1601200,0,1,AOS
2011-03-07,41.5,41.5,40.76,41.26,8.0048,1905200,0,1,AOS
2011-03-04,41.13,41.48,40.83,41.41,8.0339,1376400,0,1,AOS
2011-03-03,40.3005,41.27,40.3,41.05,7.964,794000,0,1,AOS
2011-03-02,39.65,40.39,39.53,39.88,7.7371,688000,0,1,AOS
2011-03-01,40.47,40.65,39.44,39.72,7.706,1678400,0,1,AOS
2011-02-28,40.59,40.83,40.1,40.4,7.8379,1425200,0,1,AOS
2011-02-25,40.12,40.52,39.71,40.52,7.8612,937200,0,1,AOS
2011-02-24,39.72,40.32,39.5,40.12,7.7836,1879200,0,1,AOS
2011-02-23,41.13,41.16,39.61,39.63,7.6886,2318800,0,1,AOS
2011-02-22,42.01,42.05,41.11,41.16,7.9854,1925200,0,1,AOS
2011-02-18,42.73,42.73,42.2036,42.46,8.2376,1067200,0,1,AOS
2011-02-17,42.23,42.8,42.05,42.62,8.2686,1026800,0,1,AOS
2011-02-16,42.14,42.54,41.87,42.34,8.2143,1153600,0,1,AOS
2011-02-15,42.26,42.4,41.99,42.12,8.1716,1297200,0,1,AOS
2011-02-14,42.45,42.55,41.991,42.29,8.2046,849600,0,1,AOS
2011-02-11,41.8403,42.5,41.5,42.5,8.2454,998800,0,1,AOS
2011-02-10,41.64,42.23,41.5003,42.09,8.1658,1782000,0,1,AOS
2011-02-09,42.49,42.59,41.5,41.87,8.1231,2321200,0,1,AOS
2011-02-08,42.9278,42.93,42.14,42.6,8.2648,1136800,0,1,AOS
2011-02-07,42.7805,43.45,42.78,42.83,8.3094,1196800,0,1,AOS
2011-02-04,42.76,42.91,42.04,42.8,8.3036,808400,0,1,AOS
2011-02-03,42.91,42.91,42.3449,42.76,8.2958,932400,0,1,AOS
2011-02-02,43.0738,43.35,42.898,43.05,8.3521,1235200,0,1,AOS
2011-02-01,43.03,43.52,42.85,43.32,8.4044,1574000,0,1,AOS
2011-01-31,42.44,42.95,42.4209,42.81,8.3055,1805200,0,1,AOS
2011-01-28,43.33,43.82,42.28,42.3,8.2066,1311200,0,1,AOS
2011-01-27,43,44.02,42.96,43.59,8.4568,1863200,0.14,1,AOS
2011-01-26,42.12,43.3,41.55,43.21,8.2745,2334000,0,1,AOS
2011-01-25,38.94,42.39,38.91,42.04,8.0504,4370000,0,1,AOS
2011-01-24,39.41,39.9,39.23,39.8,7.6215,1016400,0,1,AOS
2011-01-21,39.03,39.59,38.6604,39.46,7.5564,2073200,0,1,AOS
2011-01-20,38.86,39.14,38.4014,38.89,7.4472,2617600,0,1,AOS
2011-01-19,39.63,39.81,39.08,39.16,7.4989,1778000,0,1,AOS
2011-01-18,40,40.0294,39.45,39.71,7.6042,1059200,0,1,AOS
2011-01-14,40.01,40.142,39.81,40.01,7.6617,775200,0,1,AOS
2011-01-13,40.14,40.14,39.75,39.94,7.6483,1001600,0,1,AOS
2011-01-12,40.21,40.58,40,40.08,7.6751,1283600,0,1,AOS
2011-01-11,39.47,40.22,39.21,39.8,7.6215,1308800,0,1,AOS
2011-01-10,39.24,39.6,38.74,39.35,7.5353,1234800,0,1,AOS
2011-01-07,38.94,39.801,38.94,39.47,7.5583,1966000,0,1,AOS
2011-01-06,38.97,39.404,38.81,38.91,7.451,1474800,0,1,AOS
2011-01-05,37.83,38.95,37.83,38.89,7.4472,1780800,0,1,AOS
2011-01-04,38.13,38.54,37.58,38.02,7.2806,1506800,0,1,AOS
2011-01-03,38.41,38.65,38.03,38.14,7.3036,1008400,0,1,AOS
2010-12-31,38.6,38.71,38.05,38.08,7.2921,844800,0,1,AOS
2010-12-30,38.62,38.93,38.57,38.6,7.3917,738400,0,1,AOS
2010-12-29,38.68,38.95,38.36,38.72,7.4146,882800,0,1,AOS
2010-12-28,38.93,38.93,38.2,38.55,7.3821,987200,0,1,AOS
2010-12-27,38.61,38.99,38.39,38.89,7.4472,838000,0,1,AOS
2010-12-23,39.39,39.92,38.79,38.87,7.4434,1097200,0,1,AOS
2010-12-22,39.64,39.68,39.3,39.39,7.5429,1434000,0,1,AOS
2010-12-21,39.36,39.75,39.36,39.55,7.5736,4290800,0,1,AOS
2010-12-20,38.85,39.65,38.85,39.25,7.5161,4555200,0,1,AOS
2010-12-17,39.9,40.0928,38.74,38.79,7.4281,4514000,0,1,AOS
2010-12-16,40.78,41.16,39.93,40.03,7.6655,2563600,0,1,AOS
2010-12-15,41.93,41.98,40.74,40.79,7.811,1951600,0,1,AOS
2010-12-14,42.38,42.381,41.68,41.96,8.0351,2592400,0,1,AOS
2010-12-13,43.35,45.8,42.38,42.55,8.1481,5972000,0,1,AOS
2010-12-10,42.18,43.154,42.07,43.07,8.2476,842800,0,1,AOS
2010-12-09,42.16,42.3,41.71,42,8.0427,720800,0,1,AOS
2010-12-08,42.22,42.37,41.86,41.9,8.0236,692400,0,1,AOS
2010-12-07,42.6,42.89,42.1232,42.22,8.0849,1427200,0,1,AOS
2010-12-06,41.28,42.05,40.93,42.02,8.0466,1171600,0,1,AOS
2010-12-03,40.29,41.41,40.05,41.3,7.9087,1220400,0,1,AOS
2010-12-02,39.9,40.5,39.51,40.42,7.7402,1745200,0,1,AOS
2010-12-01,39.9,40,39.21,39.75,7.6119,1996000,0,1,AOS
2010-11-30,37.78,39.95,37.74,39.41,7.5468,4659200,0,1,AOS
2010-11-29,37.28,37.28,36.55,37.07,7.0987,581200,0,1,AOS
2010-11-26,37.08,37.65,37.08,37.38,7.158,382800,0,1,AOS
2010-11-24,37.19,37.5,36.98,37.45,7.1715,1170000,0,1,AOS
2010-11-23,36.58,36.99,36.49,36.77,7.0412,945600,0,1,AOS
2010-11-22,37.27,37.37,36.39,37.08,7.1006,1524800,0,1,AOS
2010-11-19,37.68,37.89,37.19,37.55,7.1906,1079200,0,1,AOS
2010-11-18,38.29,38.38,37.5203,37.64,7.2078,1408400,0,1,AOS
2010-11-17,37.8,38.22,37.43,37.87,7.2519,1093200,0,1,AOS
2010-11-16,37.98,38.16,37.37,37.65,7.2098,2346400,0,1.5,AOS
2010-11-15,57.73,58.21,57.1,57.53,7.3444,1671600,0,1,AOS
2010-11-12,57.81,58.2,57.17,57.37,7.324,636400,0,1,AOS
2010-11-11,58.07,58.65,57.53,58.38,7.4529,441600,0,1,AOS
2010-11-10,58.14,58.75,57.6,58.7,7.4938,944800,0,1,AOS
2010-11-09,59.91,59.95,57.8,58.06,7.4121,1064400,0,1,AOS
2010-11-08,59.7083,60,59.44,59.87,7.6432,912400,0,1,AOS
2010-11-05,59.9,60.36,59.27,59.78,7.6317,1726000,0,1,AOS
2010-11-04,58.19,59.86,57.923,59.81,7.6355,1785600,0,1,AOS
2010-11-03,57.19,57.32,56.35,57.22,7.3049,878800,0,1,AOS
2010-11-02,56.62,57.2,55.98,57.2,7.3023,1326000,0,1,AOS
2010-11-01,56.41,56.76,55.41,55.96,7.144,850800,0,1,AOS
2010-10-29,55.8,56.35,55.62,56.03,7.1529,571200,0,1,AOS
2010-10-28,56.83,57.18,55.78,55.87,7.1325,1064800,0,1,AOS
2010-10-27,56.07,56.67,55.76,56.4,7.2002,1153200,0.21,1,AOS
2010-10-26,56.71,56.87,55.88,56.69,7.0763,1411600,0,1,AOS
2010-10-25,57.87,58.61,56.82,56.95,7.1088,1152000,0,1,AOS
2010-10-22,57.5,57.78,57.21,57.54,7.1824,717600,0,1,AOS
2010-10-21,57.44,58.2,56.539,57.44,7.17,1130800,0,1,AOS
2010-10-20,57.12,58.0973,56.78,57.07,7.1238,1897200,0,1,AOS
2010-10-19,55.78,57.48,55.34,56.6,7.0651,3867600,0,1,AOS
2010-10-18,58.59,58.73,57.38,57.66,7.1974,2884000,0,1,AOS
2010-10-15,59.0299,59.71,58.2,58.27,7.2736,2066400,0,1,AOS
2010-10-14,59.14,59.41,57.95,58.26,7.2723,1234000,0,1,AOS
2010-10-13,58.2317,59.45,58.1,59.05,7.3709,1162800,0,1,AOS
2010-10-12,58.61,58.61,57.855,57.98,7.2374,2066400,0,1,AOS
2010-10-11,59.42,59.42,58.64,58.68,7.3247,943200,0,1,AOS
2010-10-08,59.04,59.81,59.04,59.45,7.4209,1706400,0,1,AOS
2010-10-07,59.02,59.36,58.86,59.04,7.3697,1356400,0,1,AOS
2010-10-06,58.68,58.95,58.31,58.85,7.346,1464000,0,1,AOS
2010-10-05,57.58,58.83,57.07,58.69,7.326,923200,0,1,AOS
2010-10-04,57.4581,57.99,56.465,56.92,7.1051,756000,0,1,AOS
2010-10-01,58.5513,58.55,56.96,57.74,7.2074,887200,0,1,AOS
2010-09-30,58.17,58.84,56.91,57.89,7.2261,2012800,0,1,AOS
2010-09-29,57.74,58.92,57.25,58.11,7.2536,1567600,0,1,AOS
2010-09-28,57.32,58.51,55.94,58.42,7.2923,1055200,0,1,AOS
2010-09-27,57.56,57.57,56.621,57.31,7.1537,552000,0,1,AOS
2010-09-24,56.49,57.59,55.68,57.59,7.1887,1394800,0,1,AOS
2010-09-23,56.5,57.0281,55.6,55.68,6.9503,1136400,0,1,AOS
2010-09-22,57.79,58.25,56.71,56.85,7.0963,1389600,0,1,AOS
2010-09-21,57.69,58.59,57.34,57.85,7.2211,1286800,0,1,AOS
2010-09-20,56.23,57.52,55.91,57.46,7.1725,1492000,0,1,AOS
2010-09-17,56.5,56.65,55.44,56.13,7.0064,2206800,0,1,AOS
2010-09-16,56.25,56.41,55.68,56.26,7.0227,1291600,0,1,AOS
2010-09-15,55.47,56.44,55.47,56.21,7.0164,1244800,0,1,AOS
2010-09-14,55.54,56,55.35,55.54,6.9328,1402000,0,1,AOS
2010-09-13,54.6033,55.96,54.41,55.79,6.964,1056400,0,1,AOS
2010-09-10,53.86,54.5,53.59,53.96,6.7356,1003200,0,1,AOS
2010-09-09,54.7368,54.74,53.37,53.83,6.7193,503200,0,1,AOS
2010-09-08,54.1,55.14,53.75,53.96,6.7356,1096000,0,1,AOS
2010-09-07,54.08,54.27,53.67,53.85,6.7218,1021600,0,1,AOS
2010-09-03,53.89,54.23,52.87,54.16,6.7605,1155600,0,1,AOS
2010-09-02,53.5,53.71,52.4,53.08,6.6257,2263200,0,1,AOS
2010-09-01,52.27,54.12,52.09,53.85,6.7218,1165200,0,1,AOS
2010-08-31,51.25,52.01,50.91,51.35,6.4098,1292400,0,1,AOS
2010-08-30,52.29,52.32,51.34,51.37,6.4123,896400,0,1,AOS
2010-08-27,51.47,52.48,50.5,52.37,6.5371,641200,0,1,AOS
2010-08-26,51.64,52.06,50.77,50.98,6.3636,816400,0,1,AOS
2010-08-25,50.25,51.38,49.97,51.29,6.4023,1132000,0,1,AOS
2010-08-24,49.79,51.08,49.25,50.47,6.2999,1043200,0,1,AOS
2010-08-23,51.19,51.7,50.02,50.38,6.2887,1462000,0,1,AOS
2010-08-20,50.85,51.13,50.1,51.01,6.3673,597600,0,1,AOS
2010-08-19,52.83,52.91,50.57,51.22,6.3935,1330800,0,1,AOS
2010-08-18,52.83,53.77,51.93,53.19,6.6395,1248400,0,1,AOS
2010-08-17,51.75,53.38,51.59,52.95,6.6095,1509600,0,1,AOS
2010-08-16,50.5,51.42,50,51.39,6.4148,930000,0,1,AOS
2010-08-13,50.63,51.488,50.5,50.89,6.3524,972400,0,1,AOS
2010-08-12,50.29,51.2,50.27,50.81,6.3424,1016800,0,1,AOS
2010-08-11,52.95,52.95,51.09,51.22,6.3935,1442400,0,1,AOS
2010-08-10,54.6,54.73,53.21,53.45,6.6719,1105200,0,1,AOS
2010-08-09,54.74,55.4138,54.33,55.36,6.9103,1025200,0,1,AOS
2010-08-06,54.1075,54.96,53.19,54.41,6.7917,1087200,0,1,AOS
2010-08-05,54.68,55.04,54.27,54.75,6.8342,943600,0,1,AOS
2010-08-04,54.83,55.44,54.05,54.94,6.8579,1310800,0,1,AOS
2010-08-03,55.37,55.89,54.44,54.79,6.8392,1526400,0,1,AOS
2010-08-02,55.9,56.35,55.06,55.64,6.9453,1630000,0,1,AOS
2010-07-30,54.5,55.31,54.01,54.68,6.8254,1039600,0,1,AOS
2010-07-29,55.0908,55.79,54.373,55.11,6.8791,1276000,0,1,AOS
2010-07-28,54.53,55.08,54.37,54.9,6.8529,1604400,0.21,1,AOS
2010-07-27,56.27,56.32,54.49,54.81,6.6844,1326400,0,1,AOS
2010-07-26,54.98,56.19,54.71,56.13,6.8454,1506000,0,1,AOS
2010-07-23,53.88,55.71,53.37,54.96,6.7027,1866000,0,1,AOS
2010-07-22,53.45,54.64,53.37,53.83,6.5649,2194000,0,1,AOS
2010-07-21,52.37,52.74,51.6,52.54,6.4076,2543200,0,1,AOS
2010-07-20,50.9,51.85,49.59,51.48,6.2783,3158800,0,1,AOS
2010-07-19,51.46,52.01,50.474,51.92,6.3319,1448400,0,1,AOS
2010-07-16,52.94,52.94,51,51.17,6.2405,3027600,0,1,AOS
2010-07-15,53.51,53.51,52.39,53.21,6.4893,1057200,0,1,AOS
2010-07-14,53.8,53.8,52.85,53.44,6.5173,1497600,0,1,AOS
2010-07-13,52.5821,54.34,52.42,54.06,6.5929,2044000,0,1,AOS
2010-07-12,52.22,52.73,51.45,51.79,6.3161,2002000,0,1,AOS
2010-07-09,51.16,52.3116,51.04,52.25,6.3722,993600,0,1,AOS
2010-07-08,51,51.85,50.27,51.4,6.2685,1704000,0,1,AOS
2010-07-07,48.39,50.75,48.39,50.67,6.1795,2230000,0,1,AOS
2010-07-06,49.4,50.12,47.91,48.18,5.8758,1723200,0,1,AOS
2010-07-02,48.38,48.96,47.99,48.44,5.9075,897600,0,1,AOS
2010-07-01,48,48.48,46.73,48.17,5.8746,1552800,0,1,AOS
2010-06-30,48.78,49.69,48.05,48.19,5.877,2712000,0,1,AOS
2010-06-29,48.82,48.88,47.74,48.78,5.949,2568400,0,1,AOS
2010-06-28,48.82,50.15,48.53,49.41,6.0258,2286400,0,1,AOS
2010-06-25,49.16,50.14,48.36,48.57,5.9234,6925200,0,1,AOS
2010-06-24,47.05,48.47,46.71,47.42,5.7831,2223600,0,1,AOS
2010-06-23,47.23,48.36,46.3096,47.49,5.7917,1519200,0,1,AOS
2010-06-22,48.0772,49.11,47.09,47.22,5.7587,1966800,0,1,AOS
2010-06-21,49.76,50.02,47.36,47.76,5.8246,3051600,0,1,AOS
2010-06-18,49.85,50.13,48.4133,49.24,6.0051,12921600,0,1,AOS
2010-06-17,49.6,50.01,48.83,49.55,6.0429,1938000,0,1,AOS
2010-06-16,49.22,50.13,48.92,49.59,6.0478,1382400,0,1,AOS
2010-06-15,48.09,49.41,47.76,49.27,6.0088,1090800,0,1,AOS
2010-06-14,49.52,49.58,47.82,48.04,5.8587,1446400,0,1,AOS
2010-06-11,48.14,49.38,47.95,49.23,6.0039,1240000,0,1,AOS
2010-06-10,47,48.28,46.91,48.25,5.8844,1457200,0,1,AOS
2010-06-09,46.57,47.49,45.98,46.22,5.6368,1444800,0,1,AOS
2010-06-08,45.47,46.75,45.47,46.1,5.6222,2412000,0,1,AOS
2010-06-07,46.23,46.38,45.06,45.13,5.5039,2072400,0,1,AOS
2010-06-04,46.34,46.69,45.63,45.86,5.5929,2938000,0,1,AOS
2010-06-03,46.29,47.51,45.7,47.31,5.7697,1843200,0,1,AOS
2010-06-02,45.43,45.9,44.55,45.84,5.5904,2291200,0,1,AOS
2010-06-01,46.52,47.39,45.25,45.26,5.5197,1452000,0,1,AOS
2010-05-28,47.53,47.56,46.19,46.62,5.6856,932800,0,1,AOS
2010-05-27,46.85,47.79,46.46,47.79,5.8283,1602000,0,1,AOS
2010-05-26,46.19,47.62,45.95,46.09,5.6209,2771200,0,1,AOS
2010-05-25,44.35,45.8,43.86,45.71,5.5746,2243200,0,1,AOS
2010-05-24,45.9,46.11,44.37,45.28,5.5222,3235600,0,1,AOS
2010-05-21,45.42,46.42,45.031,46.34,5.6514,3215200,0,1,AOS
2010-05-20,46.8692,47.25,45.42,46.25,5.6405,2750400,0,1,AOS
2010-05-19,48.02,48.75,47.39,47.94,5.8466,2288400,0,1,AOS
2010-05-18,49.7,49.99,48.17,48.32,5.8929,1556400,0,1,AOS
2010-05-17,50.52,51.03,48.2213,49.21,6.0014,1710000,0,1,AOS
2010-05-14,51.24,51.24,49.51,50.17,6.1185,1652400,0,1,AOS
2010-05-13,51.7,52.2918,51.12,51.53,6.2844,1128400,0,1,AOS
2010-05-12,49.88,52.01,49.8815,51.87,6.3258,1344400,0,1,AOS
2010-05-11,49.4719,50.44,49.23,49.92,6.088,1268800,0,1,AOS
2010-05-10,49.65,50.42,48.99,50.32,6.1368,2365600,0,1,AOS
2010-05-07,49.62,49.75,47.18,47.74,5.8222,3860400,0,1,AOS
2010-05-06,49.5,50.08,46.52,49.62,6.0514,3381600,0,1,AOS
2010-05-05,51.05,51.471,49.761,49.88,6.0831,1753600,0,1,AOS
2010-05-04,51.91,53,51.05,51.45,6.2746,1744000,0,1,AOS
2010-05-03,51.74,53.23,51.74,52.68,6.4246,1489600,0,1,AOS
2010-04-30,53.47,53.92,51.61,51.63,6.2966,1380400,0,1,AOS
2010-04-29,52.34,53.5,52.23,53.47,6.521,1013200,0,1,AOS
2010-04-28,52.74,53.06,51.69,51.96,6.3368,1072800,0.195,1,AOS
2010-04-27,52.88,53.7206,52.39,52.54,6.2649,1837600,0,1,AOS
2010-04-26,53.31,54.19,52.96,53.02,6.3221,1042800,0,1,AOS
2010-04-23,53.17,53.3,52.82,53.2,6.3436,1396000,0,1,AOS
2010-04-22,52,53,51.36,52.87,6.3042,1490400,0,1,AOS
2010-04-21,51.96,52.46,51.52,52.06,6.2076,3232800,0,1,AOS
2010-04-20,53.4,53.74,51.2,51.96,6.1957,4859200,0,1,AOS
2010-04-19,55.6943,55.99,54.82,55.83,6.6572,2622400,0,1,AOS
2010-04-16,55.92,56.06,55.218,56,6.6774,2661600,0,1,AOS
2010-04-15,55.79,56.2466,55.51,56.05,6.6834,1565200,0,1,AOS
2010-04-14,56.19,56.64,55.8,56.59,6.7478,1394400,0,1,AOS
2010-04-13,54.28,55.77,54.0025,55.75,6.6476,1671600,0,1,AOS
2010-04-12,54.87,54.87,54.1621,54.28,6.4723,1021200,0,1,AOS
2010-04-09,54.2,54.85,54.04,54.69,6.5212,1201200,0,1,AOS
2010-04-08,53.24,54.3,53.18,54.19,6.4616,1125600,0,1,AOS
2010-04-07,53.71,54.15,53.35,53.56,6.3865,1710400,0,1,AOS
2010-04-06,53.3319,54.24,53.15,53.93,6.4306,1264800,0,1,AOS
2010-04-05,52.89,53.74,52.639,53.74,6.4079,1413600,0,1,AOS
2010-04-01,52.73,53.0302,52.18,52.52,6.2625,1438000,0,1,AOS
2010-03-31,52.73,53.22,52.51,52.57,6.2684,1830400,0,1,AOS
2010-03-30,52.07,52.98,52.07,52.71,6.2851,1376800,0,1,AOS
2010-03-29,52.39,53.4,51.82,52,6.2005,2083600,0,1,AOS
2010-03-26,51.72,52.2,51.13,51.4,6.1289,1320000,0,1,AOS
2010-03-25,52.48,53.53,51.41,51.42,6.1313,1921200,0,1,AOS
2010-03-24,52.83,52.83,51.91,52.26,6.2315,1651600,0,1,AOS
2010-03-23,51.8,53.36,51.61,52.52,6.2625,4684000,0,1,AOS
2010-03-22,48.89,49.92,48.64,49.88,5.9477,1345600,0,1,AOS
2010-03-19,49.77,49.92,48.94,49.14,5.8594,1117200,0,1,AOS
2010-03-18,49.65,49.9,49.25,49.65,5.9203,601600,0,1,AOS
2010-03-17,49.78,50.39,49.57,49.8,5.9381,993600,0,1,AOS
2010-03-16,49.58,50.43,49.35,49.56,5.9095,1503600,0,1,AOS
2010-03-15,48.61,49.43,48.43,49.3,5.8785,1840000,0,1,AOS
2010-03-12,48.39,48.56,47.7396,48.56,5.7903,478000,0,1,AOS
2010-03-11,47.43,48.44,47.3209,48.35,5.7652,1338400,0,1,AOS
2010-03-10,47.45,47.81,47.28,47.66,5.683,598000,0,1,AOS
2010-03-09,47.2,47.77,46.97,47.56,5.671,727600,0,1,AOS
2010-03-08,47.7,47.91,47.08,47.41,5.6532,636000,0,1,AOS
2010-03-05,47.56,47.7898,47.37,47.78,5.6973,1378000,0,1,AOS
2010-03-04,47.18,47.515,47.14,47.41,5.6532,1356400,0,1,AOS
2010-03-03,47.37,47.79,47.15,47.41,5.6532,1667200,0,1,AOS
2010-03-02,46.789,47.64,46.7,47.14,5.621,3206800,0,1,AOS
2010-03-01,45.55,46.82,45.54,45.9,5.4731,2423200,0,1,AOS
2010-02-26,45.25,45.53,44.91,45.3,5.4016,2046000,0,1,AOS
2010-02-25,44.6396,45.25,44.29,45.25,5.3956,730000,0,1,AOS
2010-02-24,44.79,45.23,44.7195,45.23,5.3932,1102800,0,1,AOS
2010-02-23,44.99,44.99,44.43,44.57,5.3145,1189200,0,1,AOS
2010-02-22,44.86,45,44.42,44.93,5.3574,668400,0,1,AOS
2010-02-19,44.51,45.29,44.4,44.68,5.3276,1224000,0,1,AOS
2010-02-18,43.7284,44.51,43.73,44.49,5.305,749200,0,1,AOS
2010-02-17,44,44.1528,43.55,43.68,5.2084,925600,0,1,AOS
2010-02-16,44.15,44.47,43.81,43.97,5.243,972000,0,1,AOS
2010-02-12,43.29,44.45,43.09,43.9,5.2346,1018000,0,1,AOS
2010-02-11,42.69,43.9631,42.3,43.6,5.1989,948000,0,1,AOS
2010-02-10,42.75,43.18,42.47,42.85,5.1094,1363200,0,1,AOS
2010-02-09,42.5,43.35,42.29,42.99,5.1261,1026400,0,1,AOS
2010-02-08,41.96,42.56,41.23,41.94,5.0009,953200,0,1,AOS
2010-02-05,41.48,42.4,41.09,41.69,4.9711,1509600,0,1,AOS
2010-02-04,42.36,42.47,41.295,41.46,4.9437,798000,0,1,AOS
2010-02-03,42.3,43,42.3,42.65,5.0856,427200,0,1,AOS
2010-02-02,42.5,42.9979,42.24,42.56,5.0748,1066000,0,1,AOS
2010-02-01,42.56,43,42.35,42.5,5.0677,1291600,0,1,AOS
2010-01-29,43.27,43.75,42.52,42.58,5.0772,986800,0,1,AOS
2010-01-28,44.03,44.12,42.8284,43.16,5.1464,1046400,0,1,AOS
2010-01-27,43.19,44.028,42.1,43.81,5.2239,2554800,0.195,1,AOS
2010-01-26,44.51,44.51,42.07,42.39,4.9151,1850400,0,1,AOS
2010-01-25,43.18,43.71,42.55,42.85,4.9684,1794000,0,1,AOS
2010-01-22,43.37,43.74,42.72,42.94,4.9788,1195200,0,1,AOS
2010-01-21,44.94,45.12,42.88,43.42,5.0345,1091200,0,1,AOS
2010-01-20,44.49,45.09,43.82,44.96,5.2131,1063600,0,1,AOS
2010-01-19,44.0989,44.96,44.1,44.71,5.1841,740800,0,1,AOS
2010-01-15,44.45,44.45,43.06,43.94,5.0948,694000,0,1,AOS
2010-01-14,44.05,44.85,44.05,44.28,5.1342,520000,0,1,AOS
2010-01-13,44.43,44.601,43.69,44.07,5.1099,675600,0,1,AOS
2010-01-12,44.36,44.72,43.72,44.32,5.1388,486400,0,1,AOS
2010-01-11,44.95,44.99,44.44,44.63,5.1748,564400,0,1,AOS
2010-01-08,43.99,44.91,43.87,44.84,5.1991,504400,0,1,AOS
2010-01-07,44.14,44.55,43.87,44.19,5.1238,564000,0,1,AOS
2010-01-06,44.01,44.4301,43.81,44.06,5.1087,662800,0,1,AOS
2010-01-05,44.59,44.592,43.85,44.04,5.1064,1207200,0,1,AOS
2010-01-04,43.77,44.88,43.57,44.61,5.1725,1104400,0,1,AOS
2009-12-31,44.08,44.35,43.34,43.39,5.031,400000,0,1,AOS
2009-12-30,44.49,44.69,43.88,44.33,5.14,586000,0,1,AOS
2009-12-29,44.79,44.84,44.4,44.55,5.1655,363600,0,1,AOS
2009-12-28,44.9682,45.1,44.41,44.69,5.1818,266800,0,1,AOS
2009-12-24,44.55,45.09,44.43,44.94,5.2107,215200,0,1,AOS
2009-12-23,44.37,44.76,43.86,44.49,5.1586,486400,0,1,AOS
2009-12-22,44.23,44.49,43.44,44.2,5.1249,1179600,0,1,AOS
2009-12-21,44.44,44.95,43.97,44.28,5.1342,766000,0,1,AOS
2009-12-18,44.38,44.55,43.48,44.33,5.14,2586000,0,1,AOS
2009-12-17,44.16,44.24,43.3,43.92,5.0925,406800,0,1,AOS
2009-12-16,44.72,45.08,44.08,44.32,5.1388,1298800,0,1,AOS
2009-12-15,44.28,45.4,44.091,44.54,5.1644,1060000,0,1,AOS
2009-12-14,44.2201,44.32,43.74,44.26,5.1319,655200,0,1,AOS
2009-12-11,43.43,44.1,43.3206,43.82,5.0809,538800,0,1,AOS
2009-12-10,43.7,44.21,43.01,43.33,5.0241,528000,0,1,AOS
2009-12-09,43.64,43.74,43.26,43.62,5.0577,698800,0,1,AOS
2009-12-08,43.96,44.35,43.16,43.48,5.0415,897600,0,1,AOS
2009-12-07,43.36,44.41,43.24,44.2,5.1249,536400,0,1,AOS
2009-12-04,43.36,44.36,42.99,43.46,5.0391,734400,0,1,AOS
2009-12-03,43.07,43.74,42.55,42.62,4.9417,553200,0,1,AOS
2009-12-02,42.92,43.94,42.77,42.99,4.9846,716800,0,1,AOS
2009-12-01,42.5,43.24,42.5007,42.71,4.9522,736000,0,1,AOS
2009-11-30,42.3,42.3,41.49,41.92,4.8606,1346800,0,1,AOS
2009-11-27,42.08,42.84,42.08,42.41,4.9174,445200,0,1,AOS
2009-11-25,43.23,43.75,43.1,43.37,5.0287,751200,0,1,AOS
2009-11-24,42.01,43.25,41.32,43.09,4.9962,1387600,0,1,AOS
2009-11-23,42.33,43.19,41.85,42.12,4.8838,667200,0,1,AOS
2009-11-20,41.31,41.89,41.05,41.64,4.8281,613600,0,1,AOS
2009-11-19,42.82,42.88,41.23,41.49,4.8107,1014000,0,1,AOS
2009-11-18,43.06,43.3,42.31,43.22,5.0113,1006800,0,1,AOS
2009-11-17,43.2,43.36,42.4,43.17,5.0055,619200,0,1,AOS
2009-11-16,42.67,43.61,42.67,43.27,5.0171,784000,0,1,AOS
2009-11-13,41.7808,42.83,41.3,42.45,4.922,826000,0,1,AOS
2009-11-12,41.89,42.47,41.4089,41.67,4.8316,1648800,0,1,AOS
2009-11-11,42.61,42.8585,41.47,41.89,4.8571,1535200,0,1,AOS
2009-11-10,41.85,42.4,41.38,42.18,4.8907,1450000,0,1,AOS
2009-11-09,41.53,42.176,41.31,42.17,4.8896,1278000,0,1,AOS
2009-11-06,40.98,41.7005,40.62,41.29,4.7875,1048000,0,1,AOS
2009-11-05,40.8,41.92,40.62,41.49,4.8107,2768400,0,1,AOS
2009-11-04,41.17,41.975,40.26,40.36,4.6797,1435600,0,1,AOS
2009-11-03,39.34,41.08,39.14,41.02,4.7562,1899600,0,1,AOS
2009-11-02,39.77,40.28,38.71,39.6,4.5916,1878000,0,1,AOS
2009-10-30,40.0093,40.17,39.02,39.63,4.5951,1999200,0,1,AOS
2009-10-29,40,40.5,39.4274,40.21,4.6623,1139200,0,1,AOS
2009-10-28,41.18,41.22,39.7,39.71,4.6043,1288800,0.195,1,AOS
2009-10-27,41.3,41.63,40.93,41.42,4.6669,1196400,0,1,AOS
2009-10-26,41.84,42.0603,40.86,41.38,4.6624,2548000,0,1,AOS
2009-10-23,43.51,43.51,41.73,41.8,4.7098,2330800,0,1,AOS
2009-10-22,42.99,43.82,42.57,43.49,4.9002,2004000,0,1,AOS
2009-10-21,43.91,45.22,43.35,43.4,4.89,2547600,0,1,AOS
2009-10-20,44.38,44.63,43.14,43.91,4.9475,2737200,0,1,AOS
2009-10-19,42.8,44.55,42.77,44.28,4.9892,3475200,0,1,AOS
2009-10-16,45.43,45.43,41.2996,42.45,4.783,5925600,0,1,AOS
2009-10-15,43.08,43.66,43,43.56,4.9081,2206800,0,1,AOS
2009-10-14,42.37,43.59,42.31,43.28,4.8765,3094000,0,1,AOS
2009-10-13,41.97,42.27,41.29,42.27,4.7627,1576000,0,1,AOS
2009-10-12,42.22,42.76,41.83,42.14,4.7481,1225600,0,1,AOS
2009-10-09,41.37,42.44,40.8,41.94,4.7255,2354800,0,1,AOS
2009-10-08,40.36,41.65,40.26,41.51,4.6771,2764800,0,1,AOS
2009-10-07,39.07,40.19,38.94,40.14,4.5227,2107200,0,1,AOS
2009-10-06,38.02,39.55,37.88,39.11,4.4067,1543200,0,1,AOS
2009-10-05,37.44,38.2,36.95,37.8,4.2591,1413600,0,1,AOS
2009-10-02,36.78,37.62,36.67,36.94,4.1622,1173600,0,1,AOS
2009-10-01,38.09,38.1694,36.98,37.03,4.1723,804400,0,1,AOS
2009-09-30,38.44,38.98,37.83,38.1,4.2929,1078800,0,1,AOS
2009-09-29,38.35,38.95,37.98,38.41,4.3278,725200,0,1,AOS
2009-09-28,37.85,38.83,37.46,38.24,4.3086,961200,0,1,AOS
2009-09-25,36.99,37.72,36.761,37.55,4.2309,1122400,0,1,AOS
2009-09-24,38.01,38.17,36.97,37.21,4.1926,1543200,0,1,AOS
2009-09-23,38.82,38.92,37.94,37.96,4.2771,998400,0,1,AOS
2009-09-22,39.09,39.15,38.43,38.65,4.3548,1173600,0,1,AOS
2009-09-21,38.55,38.94,38.18,38.84,4.3762,952800,0,1,AOS
2009-09-18,39.17,39.5538,38.68,38.77,4.3684,1353600,0,1,AOS
2009-09-17,39.76,40.54,38.82,39.21,4.4179,1542000,0,1,AOS
2009-09-16,39.29,39.88,38.7627,39.88,4.4934,1237200,0,1,AOS
2009-09-15,38.95,39.37,38.57,39.27,4.4247,1413600,0,1,AOS
2009-09-14,38.45,39.09,38.051,38.88,4.3807,1674000,0,1,AOS
2009-09-11,38.74,38.86,38.17,38.59,4.3481,3550000,0,1,AOS
2009-09-10,36.99,38.39,36.74,38.37,4.3233,1792000,0,1,AOS
2009-09-09,37.39,37.71,36.7084,37.15,4.1858,3668400,0,1,AOS
2009-09-08,38.47,38.9,37.16,37.37,4.2106,2911600,0,1,AOS
2009-09-04,37.65,38.304,37.05,38.23,4.3075,580800,0,1,AOS
2009-09-03,37.47,37.7718,37,37.72,4.25,701200,0,1,AOS
2009-09-02,37.43,37.9,37.38,37.43,4.2174,2166000,0,1,AOS
2009-09-01,38.04,39.27,37.35,37.56,4.232,1731600,0,1,AOS
2009-08-31,38.41,38.41,37.4503,38.05,4.2872,1471200,0,1,AOS
2009-08-28,39.64,39.7992,38.43,38.68,4.3582,1009600,0,1,AOS
2009-08-27,39.34,39.59,38.7,39.49,4.4495,734400,0,1,AOS
2009-08-26,39.98,40.11,38.972,39.34,4.4326,1843200,0,1,AOS
2009-08-25,39.96,40.53,39.85,40.14,4.5227,1285600,0,1,AOS
2009-08-24,40.3008,40.5,39.45,39.74,4.4776,1928400,0,1,AOS
2009-08-21,40.97,41.4,40.76,41.08,4.6286,2086000,0,1,AOS
2009-08-20,38.6,40.48,38.6,40.34,4.5452,2059600,0,1,AOS
2009-08-19,37.68,39.05,37.4774,38.75,4.3661,1598400,0,1,AOS
2009-08-18,38.25,38.25,37.46,38.08,4.2906,1158400,0,1,AOS
2009-08-17,39.68,39.68,37.67,38.02,4.2838,2366800,0,1,AOS
2009-08-14,41.21,41.36,40.2,40.5,4.5633,1915200,0,1,AOS
2009-08-13,40.46,41.42,40.19,41.24,4.6467,1722400,0,1,AOS
2009-08-12,40.15,40.9,39.92,40.41,4.5531,852400,0,1,AOS
2009-08-11,39.87,40.26,39.18,40.06,4.5137,878800,0,1,AOS
2009-08-10,40.1,40.72,39.89,40.18,4.5272,559600,0,1,AOS
2009-08-07,40.23,40.57,39.92,40.24,4.534,2167200,0,1,AOS
2009-08-06,40.16,40.16,39.46,39.71,4.4743,1646400,0,1,AOS
2009-08-05,40.66,40.68,39.96,40.08,4.516,1288000,0,1,AOS
2009-08-04,40.47,40.98,40.36,40.69,4.5847,1143600,0,1,AOS
2009-08-03,39.37,40.61,38.6,40.56,4.57,2092000,0,1,AOS
2009-07-31,39.73,40.04,38.96,39.04,4.3988,2006800,0,1,AOS
2009-07-30,39.37,40.5,38.96,39.94,4.5002,1646400,0,1,AOS
2009-07-29,39.18,39.4,38.9008,39.11,4.4067,1128400,0.195,1,AOS
2009-07-28,39.36,39.4,38.62,39.35,4.3019,1232800,0,1,AOS
2009-07-27,39.5,39.77,39.11,39.45,4.3128,602400,0,1,AOS
2009-07-24,39.571,39.87,39.1,39.44,4.3117,1238400,0,1,AOS
2009-07-23,38.57,40.28,38.43,39.59,4.3281,2166000,0,1,AOS
2009-07-22,38.17,38.87,38.04,38.69,4.2297,2945200,0,1,AOS
2009-07-21,38.99,39.09,37.63,38.25,4.1816,4239600,0,1,AOS
2009-07-20,39.33,39.93,37.51,38.5,4.2089,2894400,0,1,AOS
2009-07-17,36.65,39.7,36.65,39,4.2636,7208400,0,1,AOS
2009-07-16,35.62,36.11,35.28,35.54,3.8854,2263200,0,1,AOS
2009-07-15,34.48,35.93,34.48,35.71,3.9039,1611600,0,1,AOS
2009-07-14,33.14,34.2809,33.12,34.05,3.7225,1777600,0,1,AOS
2009-07-13,32.04,33.27,31.71,33.17,3.6263,1342000,0,1,AOS
2009-07-10,31.61,32.16,31.47,31.95,3.4929,2531200,0,1,AOS
2009-07-09,32.08,32.2986,31.79,31.87,3.4841,455200,0,1,AOS
2009-07-08,32.23,32.36,31.39,31.86,3.483,1397200,0,1,AOS
2009-07-07,33.43,33.43,32.053,32.18,3.518,1368400,0,1,AOS
2009-07-06,33.59,33.77,33.08,33.43,3.6547,793200,0,1,AOS
2009-07-02,33.43,34.21,32.92,33.63,3.6765,1586400,0,1,AOS
2009-07-01,32.73,34.6,32.73,34.04,3.7214,2076400,0,1,AOS
2009-06-30,32.89,33,32.53,32.57,3.5607,1361200,0,1,AOS
2009-06-29,32.18,33.15,31.86,32.86,3.5924,1663600,0,1,AOS
2009-06-26,32.28,32.32,31.8,32.24,3.5246,2071200,0,1,AOS
2009-06-25,31.27,32.4,31.27,32.39,3.541,1507200,0,1,AOS
2009-06-24,30.48,31.95,30.35,31.39,3.4317,1544400,0,1,AOS
2009-06-23,31.19,31.29,30.02,30.1,3.2906,1344400,0,1,AOS
2009-06-22,31.5,31.5,31.03,31.04,3.3934,1649200,0,1,AOS
2009-06-19,32.18,32.52,31.5323,31.87,3.4841,2472400,0,1,AOS
2009-06-18,30.93,32.12,30.6,31.94,3.4918,2317200,0,1,AOS
2009-06-17,30.39,31.31,30.39,30.98,3.3868,1556400,0,1,AOS
2009-06-16,30.69,31.88,29.91,30.35,3.318,1744800,0,1,AOS
2009-06-15,30.8412,30.91,29.44,29.98,3.2775,1053600,0,1,AOS
2009-06-12,30.48,31.22,30.03,31.21,3.412,842800,0,1,AOS
2009-06-11,31.37,31.37,30.54,30.59,3.3442,1039600,0,1,AOS
2009-06-10,31.82,32.0718,30.66,30.95,3.3836,1188000,0,1,AOS
2009-06-09,31.17,31.73,30.89,31.62,3.4568,955600,0,1,AOS
2009-06-08,31.5,31.67,30.93,31.09,3.3989,1333200,0,1,AOS
2009-06-05,31.92,32.04,31.265,31.74,3.4699,1458400,0,1,AOS
2009-06-04,31.39,32.1,31.09,31.75,3.471,1094400,0,1,AOS
2009-06-03,31.06,31.33,30.7,31.29,3.4207,951600,0,1,AOS
2009-06-02,30.98,31.72,30.75,31.25,3.4164,1542000,0,1,AOS
2009-06-01,30.34,31.23,29.8833,31.06,3.3956,773200,0,1,AOS
2009-05-29,29.6606,29.99,28.99,29.99,3.2786,904800,0,1,AOS
2009-05-28,29.85,29.87,28.69,29.59,3.2349,960400,0,1,AOS
2009-05-27,29.96,30.2687,29.45,29.51,3.2261,832800,0,1,AOS
2009-05-26,28.3099,30.32,28.26,30.08,3.2884,1056000,0,1,AOS
2009-05-22,29.33,29.51,28.51,28.59,3.1256,624000,0,1,AOS
2009-05-21,29.36,29.78,28.78,29.22,3.1944,951600,0,1,AOS
2009-05-20,29.4,30.44,29.37,29.67,3.2436,1665600,0,1,AOS
2009-05-19,29.23,29.78,28.89,29.34,3.2075,871600,0,1,AOS
2009-05-18,28.64,29.1794,28.29,29.14,3.1857,1567200,0,1,AOS
2009-05-15,28.4,28.9,28.03,28.28,3.0917,1118800,0,1,AOS
2009-05-14,28.8,29.03,28.19,28.4,3.1048,1905600,0,1,AOS
2009-05-13,29.89,30.02,28.54,28.58,3.1245,1515600,0,1,AOS
2009-05-12,31.14,31.32,29.89,30.34,3.3169,2111200,0,1,AOS
2009-05-11,31.33,31.62,31.01,31.02,3.3912,1892800,0,1,AOS
2009-05-08,31.4383,32.51,31.44,31.95,3.4929,1636000,0,1,AOS
2009-05-07,31.26,31.45,30.77,31.24,3.4153,2328000,0,1,AOS
2009-05-06,31.4807,31.48,30.08,30.86,3.3737,3472800,0,1,AOS
2009-05-05,31.76,31.98,30.82,31.27,3.4185,1350000,0,1,AOS
2009-05-04,31.1828,31.95,30.85,31.87,3.4841,2372800,0,1,AOS
2009-05-01,31.1,31.2,30.44,31.02,3.3912,2074000,0,1,AOS
2009-04-30,31.35,32.24,30.9,31.09,3.3989,3465600,0,1,AOS
2009-04-29,30.39,31.29,30.06,30.96,3.3847,3068400,0,1,AOS
2009-04-28,29.66,30.18,29.44,29.81,3.2589,3349600,0.19,1,AOS
2009-04-27,30.49,30.58,29.35,29.95,3.1496,3377200,0,1,AOS
2009-04-24,30.85,32.5401,30.62,31.39,3.301,2895600,0,1,AOS
2009-04-23,29.46,31.1499,29.06,30.8,3.239,3546000,0,1,AOS
2009-04-22,28.81,30.12,28.64,29.37,3.0886,2300400,0,1,AOS
2009-04-21,27.95,29.44,27.75,29.42,3.0939,2866000,0,1,AOS
2009-04-20,28.72,28.95,27.745,27.96,2.9403,3490800,0,1,AOS
2009-04-17,26.5,29.63,25.31,29.43,3.0949,9042000,0,1,AOS
2009-04-16,28.58,30.43,28.02,30.13,3.1685,2147200,0,1,AOS
2009-04-15,27.8,28.45,27.33,28.33,2.9792,1410400,0,1,AOS
2009-04-14,27.9,28.22,27.13,28.03,2.9477,2361600,0,1,AOS
2009-04-13,28.72,28.83,27.67,28.47,2.994,1628800,0,1,AOS
2009-04-09,27.2976,29.19,27.3,29.08,3.0581,2256400,0,1,AOS
2009-04-08,25.91,26.74,25.91,26.74,2.812,1189200,0,1,AOS
2009-04-07,25.9,26.15,25.52,25.83,2.7163,1165600,0,1,AOS
2009-04-06,26,26.4107,25.52,26.38,2.7742,1256400,0,1,AOS
2009-04-03,26.11,26.44,25.92,26.4,2.7763,812400,0,1,AOS
2009-04-02,25.81,27,25.81,26.23,2.7584,1644000,0,1,AOS
2009-04-01,24.79,25.27,24.27,25.17,2.6469,1167600,0,1,AOS
2009-03-31,24.99,25.66,24.65,25.18,2.648,1306800,0,1,AOS
2009-03-30,25.3,25.3,24.21,24.78,2.6059,1842400,0,1,AOS
2009-03-27,25.88,26,25.2697,25.52,2.6837,1582800,0,1,AOS
2009-03-26,25.66,26.3,25.07,26.29,2.7647,2367600,0,1,AOS
2009-03-25,24.86,25.6,24.44,25.33,2.6638,2391600,0,1,AOS
2009-03-24,25.0398,25.42,24.61,24.71,2.5986,1556400,0,1,AOS
2009-03-23,23.34,25.45,23.34,25.45,2.6764,2113200,0,1,AOS
2009-03-20,24.19,24.2,23.01,23.3,2.4503,1567200,0,1,AOS
2009-03-19,24.92,24.92,23.91,23.99,2.5228,1210000,0,1,AOS
2009-03-18,23.25,24.7294,23.05,24.56,2.5828,3103200,0,1,AOS
2009-03-17,21.6,23.17,21.14,23.14,2.4335,3125200,0,1,AOS
2009-03-16,22.17,22.46,21.49,21.55,2.2662,1255200,0,1,AOS
2009-03-13,22.2,22.64,21.6,22.01,2.3146,1095600,0,1,AOS
2009-03-12,21.49,22.27,20.95,22.08,2.322,1860000,0,1,AOS
2009-03-11,22.04,22.189,21.4,21.54,2.2652,1564800,0,1,AOS
2009-03-10,21.7695,22.34,21.47,21.95,2.3083,2114800,0,1,AOS
2009-03-09,22.11,22.54,21.17,21.29,2.2389,2527200,0,1,AOS
2009-03-06,22.65,23.39,22,22.43,2.3588,1718400,0,1,AOS
2009-03-05,23.64,23.98,22.26,22.48,2.364,1316800,0,1,AOS
2009-03-04,24.25,24.64,23.75,24.14,2.5386,1982800,0,1,AOS
2009-03-03,24.37,24.71,23.4004,23.87,2.5102,2833200,0,1,AOS
2009-03-02,25.28,25.29,23.9,24.07,2.5313,1432000,0,1,AOS
2009-02-27,25.48,26.25,25.36,25.53,2.6848,1574400,0,1,AOS
2009-02-26,26.78,27.03,25.58,25.71,2.7037,1117600,0,1,AOS
2009-02-25,26.65,27.08,25.96,26.21,2.7563,1248400,0,1,AOS
2009-02-24,25.95,27.26,25.55,26.9,2.8289,1909600,0,1,AOS
2009-02-23,25.7497,26.95,25.39,25.5,2.6816,2152800,0,1,AOS
2009-02-20,24.86,25.5,24.28,25.08,2.6375,1847200,0,1,AOS
2009-02-19,26.2,26.49,25.0012,25.24,2.6543,2154000,0,1,AOS
2009-02-18,26.37,26.72,25.56,25.94,2.7279,1688800,0,1,AOS
2009-02-17,26.6,26.9697,26,26.26,2.7616,1034800,0,1,AOS
2009-02-13,27.46,28.14,27.36,27.55,2.8972,882000,0,1,AOS
2009-02-12,27,28.02,26.56,27.35,2.8762,1447200,0,1,AOS
2009-02-11,27.22,27.64,26.45,26.88,2.8268,900000,0,1,AOS
2009-02-10,28.22,28.7,27,27.15,2.8552,1316800,0,1,AOS
2009-02-09,28.8802,28.95,28.06,28.33,2.9792,896400,0,1,AOS
2009-02-06,28.13,29.29,27.87,28.93,3.0423,1225200,0,1,AOS
2009-02-05,27.41,28.33,26.84,27.98,2.9424,1158000,0,1,AOS
2009-02-04,27.61,28.51,27.29,27.54,2.8962,893200,0,1,AOS
2009-02-03,27.6,28.039,27.13,27.72,2.9151,1248000,0,1,AOS
2009-02-02,27.4,27.93,26.47,27.45,2.8867,943200,0,1,AOS
2009-01-30,28.34,28.74,27.37,27.48,2.8899,1270000,0,1,AOS
2009-01-29,29.48,29.53,28.28,28.47,2.994,1298800,0,1,AOS
2009-01-28,29.94,30.1,29.65,29.93,3.1475,1452000,0.19,1,AOS
2009-01-27,29.94,30.44,29.23,29.57,2.9898,1301200,0,1,AOS
2009-01-26,29.35,30.75,29.35,29.87,3.0201,1806400,0,1,AOS
2009-01-23,31.04,31.04,29.3023,29.39,2.9716,2859600,0,1,AOS
2009-01-22,32.2,32.75,30.5,31.33,3.1677,3368800,0,1,AOS
2009-01-21,30.6,30.65,29.21,30.5,3.0838,3478800,0,1,AOS
2009-01-20,31.95,32.25,30.85,30.92,3.1263,1404000,0,1,AOS
2009-01-16,32.11,32.31,31.09,32.25,3.2607,1479600,0,1,AOS
2009-01-15,29.87,31.78,29.34,31.61,3.196,1027200,0,1,AOS
2009-01-14,31.06,31.58,29.82,29.95,3.0282,1813200,0,1,AOS
2009-01-13,30.09,31.6,30.03,31.53,3.1879,2774400,0,1,AOS
2009-01-12,30.45,30.64,30.0709,30.23,3.0565,1111600,0,1,AOS
2009-01-09,30.8003,31.07,30.14,30.41,3.0747,1183200,0,1,AOS
2009-01-08,30.52,31.14,30.34,30.89,3.1232,1164000,0,1,AOS
2009-01-07,30.45,31.6,30.08,30.6,3.0939,1800000,0,1,AOS
2009-01-06,30.18,31.1716,30.125,30.84,3.1182,1729200,0,1,AOS
2009-01-05,30.13,30.61,29.25,29.86,3.0191,1672000,0,1,AOS
2009-01-02,29.6,30.3,29.03,30,3.0332,987600,0,1,AOS
2008-12-31,28.76,30.08,28.5,29.52,2.9847,1218000,0,1,AOS
2008-12-30,27.63,28.6,27.58,28.6,2.8917,1093200,0,1,AOS
2008-12-29,27.8796,28.18,27.04,27.43,2.7734,666000,0,1,AOS
2008-12-26,27.68,28.12,27.39,28,2.831,464400,0,1,AOS
2008-12-24,27.53,27.69,27.08,27.56,2.7865,372000,0,1,AOS
2008-12-23,28.17,28.71,27.11,27.41,2.7714,851200,0,1,AOS
2008-12-22,28.04,28.13,26.86,28.02,2.833,1460800,0,1,AOS
2008-12-19,28.88,29.88,27.53,27.88,2.8189,2944000,0,1,AOS
2008-12-18,30.51,30.51,28.1,28.51,2.8826,1516800,0,1,AOS
2008-12-17,29.5,30.83,28.968,30.43,3.0767,2009200,0,1,AOS
2008-12-16,28.5,30.82,28.13,30,3.0332,2107600,0,1,AOS
2008-12-15,28.8,29.24,27.44,28.09,2.8401,1182400,0,1,AOS
2008-12-12,26.65,28.95,26.22,28.6,2.8917,1369600,0,1,AOS
2008-12-11,27.89,28.94,26.81,27.27,2.7572,2000400,0,1,AOS
2008-12-10,25.7,28.47,25.7,28.34,2.8654,2390800,0,1,AOS
2008-12-09,31.54,31.91,30.43,30.73,3.107,1039200,0,1,AOS
2008-12-08,32.86,33.08,31.33,31.81,3.2162,1360000,0,1,AOS
2008-12-05,30.35,32.1399,29.52,32.12,3.2476,835200,0,1,AOS
2008-12-04,31.63,32.9408,29.9,30.75,3.1091,930400,0,1,AOS
2008-12-03,29.89,32.38,29.89,31.85,3.2203,952800,0,1,AOS
2008-12-02,29.5004,30.81,28.69,30.65,3.099,1543600,0,1,AOS
2008-12-01,31.68,32.03,28.74,28.87,2.919,980400,0,1,AOS
2008-11-28,31.51,32.87,31.15,32.74,3.3103,372400,0,1,AOS
2008-11-26,29.01,31.67,28.7,31.42,3.1768,1554000,0,1,AOS
2008-11-25,28.2608,29.87,27.9,29.87,3.0201,1718800,0,1,AOS
2008-11-24,25.9,28.3,25.9,28,2.831,1367200,0,1,AOS
2008-11-21,24.88,26.24,23.08,26.1,2.6389,2708800,0,1,AOS
2008-11-20,26.5,26.99,24.28,24.43,2.4701,1195200,0,1,AOS
2008-11-19,29.42,29.8,26.72,26.77,2.7067,1386400,0,1,AOS
2008-11-18,29.3612,29.84,28,29.42,2.9746,1386400,0,1,AOS
2008-11-17,29.07,30.56,28.62,29.32,2.9645,1697200,0,1,AOS
2008-11-14,31.34,31.78,29.29,29.29,2.9615,1857600,0,1,AOS
2008-11-13,29.49,31.88,27.93,31.87,3.2223,1448800,0,1,AOS
2008-11-12,30.5,30.55,29.2507,29.25,2.9574,955200,0,1,AOS
2008-11-11,31.56,32.1519,30.67,30.93,3.1273,934000,0,1,AOS
2008-11-10,31.57,32.74,31.52,31.92,3.2274,1553200,0,1,AOS
2008-11-07,30.8,31.32,29.83,30.62,3.0959,742000,0,1,AOS
2008-11-06,30.82,31.42,30.19,30.57,3.0909,744000,0,1,AOS
2008-11-05,32.3,33.01,31.01,31.22,3.1566,971200,0,1,AOS
2008-11-04,32.4,33.34,31.97,32.7,3.3062,1104000,0,1,AOS
2008-11-03,31.28,32.37,31.14,31.86,3.2213,677200,0,1,AOS
2008-10-31,29.83,32.27,29.47,31.55,3.19,1883200,0,1,AOS
2008-10-30,30.11,30.46,28.7,30.02,3.0353,740800,0,1,AOS
2008-10-29,29.14,30.96,28.33,29.26,2.9584,2136400,0.19,1,AOS
2008-10-28,27.17,28.99,26,28.99,2.8159,1325200,0,1,AOS
2008-10-27,27.07,28.27,26.26,26.71,2.5944,940000,0,1,AOS
2008-10-24,26.53,28.86,26.41,27.57,2.6779,1108800,0,1,AOS
2008-10-23,30.54,30.54,27.57,28.89,2.8061,2248800,0,1,AOS
2008-10-22,29.83,30.56,29.28,30.24,2.9373,2056800,0,1,AOS
2008-10-21,32.1778,32.18,29.78,30.5,2.9625,3723600,0,1,AOS
2008-10-20,31.1,32.2,30.27,32.18,3.1257,1494000,0,1,AOS
2008-10-17,31.12,33.29,30.08,30.76,2.9878,1632000,0,1,AOS
2008-10-16,30.92,33.87,29.21,32.25,3.1325,3088800,0,1,AOS
2008-10-15,33.78,33.78,30.75,31.15,3.0257,1509600,0,1,AOS
2008-10-14,36.07,36.12,32.21,33.7,3.2733,1468000,0,1,AOS
2008-10-13,32.4,34.93,30.59,34.93,3.3928,950400,0,1,AOS
2008-10-10,28.63,33.37,27.55,31.44,3.0538,2563600,0,1,AOS
2008-10-09,30.9708,32.28,29.72,29.72,2.8868,5193600,0,1,AOS
2008-10-08,30.4,32.52,30.36,30.46,2.9586,2800000,0,1,AOS
2008-10-07,33.25,34.11,31.16,31.48,3.0577,1426800,0,1,AOS
2008-10-06,33.5,33.75,30.99,32.85,3.1908,2318800,0,1,AOS
2008-10-03,35.58,36.81,33.37,33.95,3.2976,1477200,0,1,AOS
2008-10-02,38.3,38.3,34.883,35.19,3.4181,1221600,0,1,AOS
2008-10-01,38.98,39.41,37.64,38.48,3.7376,801600,0,1,AOS
2008-09-30,38.4,39.19,37.7,39.19,3.8066,1548000,0,1,AOS
2008-09-29,39.95,39.95,37.03,37.83,3.6745,1423200,0,1,AOS
2008-09-26,39.75,40.66,38.82,40.45,3.929,1398400,0,1,AOS
2008-09-25,40.13,41.2232,40.13,40.42,3.9261,792400,0,1,AOS
2008-09-24,40.38,41.84,39.18,39.97,3.8824,1349200,0,1,AOS
2008-09-23,41.74,42.11,40.42,40.46,3.93,1421200,0,1,AOS
2008-09-22,44.6,44.74,40.4,41.43,4.0242,2331600,0,1,AOS
2008-09-19,49.15,51.09,43.5096,44.6,4.3321,4470400,0,1,AOS
2008-09-18,41.62,47,40.9076,47,4.5652,5719200,0,1,AOS
2008-09-17,42.38,42.81,40.85,41.02,3.9844,1515600,0,1,AOS
2008-09-16,41.16,43.955,41.16,42.85,4.1621,1623600,0,1,AOS
2008-09-15,42.9886,43.42,41.77,42.06,4.0854,1410000,0,1,AOS
2008-09-12,42.28,44.26,41.84,44.2,4.2932,1888800,0,1,AOS
2008-09-11,41.56,42.5078,40.22,42.45,4.1233,1375600,0,1,AOS
2008-09-10,41.26,42.17,40.8598,41.89,4.0689,1254400,0,1,AOS
2008-09-09,42.43,43.21,40.81,40.9,3.9727,1180800,0,1,AOS
2008-09-08,41.6502,42.7,41.23,42.46,4.1242,1473600,0,1,AOS
2008-09-05,40.53,40.67,39.63,40.43,3.927,1595200,0,1,AOS
2008-09-04,41.96,41.96,40.21,40.84,3.9669,1704400,0,1,AOS
2008-09-03,41.21,42.6494,41.13,42.35,4.1135,1392000,0,1,AOS
2008-09-02,41.26,42,40.5908,41.19,4.0009,1664800,0,1,AOS
2008-08-29,41.36,41.87,41,41.17,3.9989,1681200,0,1,AOS
2008-08-28,41.21,41.74,40.9758,41.47,4.0281,739600,0,1,AOS
2008-08-27,40.15,41.52,40.15,41.13,3.995,1089600,0,1,AOS
2008-08-26,39.83,40.22,39.32,40.2,3.9047,980400,0,1,AOS
2008-08-25,40.3,40.39,39.53,39.96,3.8814,1118800,0,1,AOS
2008-08-22,39.66,40.48,39.25,40.39,3.9232,1200000,0,1,AOS
2008-08-21,39.71,39.96,39.01,39.56,3.8425,1080400,0,1,AOS
2008-08-20,40.06,40.33,39.0612,39.9,3.8756,850800,0,1,AOS
2008-08-19,41.16,41.27,39.36,40.03,3.8882,877200,0,1,AOS
2008-08-18,42.07,42.21,40.69,41.29,4.0106,914400,0,1,AOS
2008-08-15,41.68,42.35,40.82,41.95,4.0747,1474000,0,1,AOS
2008-08-14,40.64,41.37,40.15,41.2,4.0018,1246000,0,1,AOS
2008-08-13,42.71,42.86,39.55,40.68,3.9513,2615200,0,1,AOS
2008-08-12,42.85,43.42,42.23,42.92,4.1689,1954000,0,1,AOS
2008-08-11,42.11,43.64,41.88,43.3,4.2058,2457600,0,1,AOS
2008-08-08,40.23,42.5,39.81,42.28,4.1067,1435200,0,1,AOS
2008-08-07,40.53,40.8,39.8977,40.26,3.9105,1018000,0,1,AOS
2008-08-06,39.41,40.89,39.13,40.76,3.9591,1200000,0,1,AOS
2008-08-05,39.45,39.74,38.81,39.59,3.8455,1280800,0,1,AOS
2008-08-04,39.6,39.66,38.59,39.1,3.7979,1348800,0,1,AOS
2008-08-01,39.7,40.14,39.48,39.56,3.8425,1806400,0,1,AOS
2008-07-31,39.72,39.88,39.43,39.7,3.8561,1688400,0,1,AOS
2008-07-30,39.12,40.24,39.1,40.15,3.8998,2424400,0,1,AOS
2008-07-29,37.35,38.89,37.27,38.85,3.7736,1694800,0.19,1,AOS
2008-07-28,38.31,39.36,37.17,37.18,3.5006,1842400,0,1,AOS
2008-07-25,37.55,38.85,37.45,38.59,3.6334,2379600,0,1,AOS
2008-07-24,37.35,38.74,36.93,37.25,3.5072,2136400,0,1,AOS
2008-07-23,38.46,38.55,36.88,37.17,3.4997,2433600,0,1,AOS
2008-07-22,38.26,39.07,37.45,38.44,3.6193,2064000,0,1,AOS
2008-07-21,37.07,38.86,36.93,38.77,3.6503,2172400,0,1,AOS
2008-07-18,36.75,37.37,36.44,36.92,3.4762,2298000,0,1,AOS
2008-07-17,37.11,40.77,34.76,36.74,3.4592,5819200,0,1,AOS
2008-07-16,33.79,35.14,33.43,35.03,3.2982,2395600,0,1,AOS
2008-07-15,32.65,34.26,32.14,33.66,3.1692,1980400,0,1,AOS
2008-07-14,33.29,33.67,32.57,33.2,3.1259,2854800,0,1,AOS
2008-07-11,32.88,33.79,32.42,33,3.1071,2033200,0,1,AOS
2008-07-10,32.8,33.71,32.55,33.15,3.1212,1159200,0,1,AOS
2008-07-09,32.95,33.47,32.51,32.78,3.0864,1248000,0,1,AOS
2008-07-08,31.79,32.96,31.74,32.89,3.0967,2460400,0,1,AOS
2008-07-07,31.39,31.83,30.7,31.67,2.9818,1646800,0,1,AOS
2008-07-03,31.84,32.05,30.9593,31.26,2.9432,1098400,0,1,AOS
2008-07-02,32.84,32.85,31.68,31.79,2.9931,1698400,0,1,AOS
2008-07-01,32.55,32.95,32,32.93,3.1005,1628400,0,1,AOS
2008-06-30,33.1,33.25,32.7,32.83,3.0911,1206400,0,1,AOS
2008-06-27,33.6,33.84,33.07,33.07,3.1137,1565200,0,1,AOS
2008-06-26,35.34,35.55,33.34,33.7,3.173,2844000,0,1,AOS
2008-06-25,34.94,36.6,34.42,35.84,3.3745,3178000,0,1,AOS
2008-06-24,35.21,35.65,34.55,34.96,3.2916,1418800,0,1,AOS
2008-06-23,36.09,36.09,35.01,35.36,3.3293,1941600,0,1,AOS
2008-06-20,35.5,35.83,34.85,35.83,3.3735,2179600,0,1,AOS
2008-06-19,35.76,35.86,35,35.68,3.3594,1558800,0,1,AOS
2008-06-18,35.25,36.21,35.14,35.65,3.3566,1215600,0,1,AOS
2008-06-17,36.65,36.73,35.49,35.56,3.3481,1105200,0,1,AOS
2008-06-16,35.62,36.64,35.29,36.54,3.4404,1477200,0,1,AOS
2008-06-13,35.3,35.87,34.48,35.67,3.3585,1912000,0,1,AOS
2008-06-12,35.07,35.68,34.92,35.02,3.2973,772800,0,1,AOS
2008-06-11,35.4,35.5,34.85,34.9,3.286,1621600,0,1,AOS
2008-06-10,34.59,35.61,34.23,35.57,3.349,1418400,0,1,AOS
2008-06-09,34.7,35.18,33.89,34.8,3.2765,1646400,0,1,AOS
2008-06-06,35.97,35.97,34.47,34.56,3.254,1290400,0,1,AOS
2008-06-05,35.39,36.14,35.3905,36.14,3.4027,1172800,0,1,AOS
2008-06-04,35.84,35.99,35.153,35.38,3.3312,1044400,0,1,AOS
2008-06-03,36.35,36.5,35.32,35.99,3.3886,1203600,0,1,AOS
2008-06-02,36.1,36.4,35.72,36.18,3.4065,1437600,0,1,AOS
2008-05-30,35.54,36.26,35.51,36.15,3.4037,1348000,0,1,AOS
2008-05-29,35.3303,35.84,34.88,35.44,3.3368,2042800,0,1,AOS
2008-05-28,35.3,35.91,35.23,35.5,3.3425,1589200,0,1,AOS
2008-05-27,34.66,35.35,34.63,35.19,3.3133,846000,0,1,AOS
2008-05-23,35.15,35.19,34.53,34.66,3.2634,629200,0,1,AOS
2008-05-22,35.18,35.59,34.9922,35.27,3.3208,964000,0,1,AOS
2008-05-21,35.55,35.99,34.9276,35.12,3.3067,1278000,0,1,AOS
2008-05-20,35.15,35.82,35.11,35.31,3.3246,1149600,0,1,AOS
2008-05-19,36.21,36.42,35.24,35.38,3.3312,1678000,0,1,AOS
2008-05-16,36.45,36.66,35.5296,36.05,3.3942,1848000,0,1,AOS
2008-05-15,36.1,36.66,35.7606,36.27,3.415,1054800,0,1,AOS
2008-05-14,35.28,36.64,35.2826,36.1,3.3989,2243200,0,1,AOS
2008-05-13,35.77,36.13,35.22,35.29,3.3227,3058000,0,1,AOS
2008-05-12,33.7581,35.76,33.06,35.75,3.366,5422000,0,1,AOS
2008-05-09,31.97,32.94,31.55,32.83,3.0911,1976400,0,1,AOS
2008-05-08,31.35,32.33,31.22,32.13,3.0252,2738800,0,1,AOS
2008-05-07,31.7,32.0966,31.28,31.28,2.9451,1330000,0,1,AOS
2008-05-06,31.22,31.81,30.8705,31.65,2.98,1315200,0,1,AOS
2008-05-05,31.59,31.94,31.0804,31.25,2.9423,1516800,0,1,AOS
2008-05-02,32.04,32.33,31.25,31.72,2.9866,1476000,0,1,AOS
2008-05-01,30.98,32.17,30.81,31.88,3.0016,1939600,0,1,AOS
2008-04-30,31.52,31.66,30.8,30.94,2.9131,1284400,0,1,AOS
2008-04-29,31.45,31.81,30.81,31.3,2.947,1999600,0,1,AOS
2008-04-28,30.9,31.28,30.52,31.23,2.9404,1814400,0.18,1,AOS
2008-04-25,31.47,31.64,30.22,30.89,2.8067,2200800,0,1,AOS
2008-04-24,30.72,31.58,30.05,31.33,2.8467,1957600,0,1,AOS
2008-04-23,31.47,31.47,30.51,30.6,2.7804,2692800,0,1,AOS
2008-04-22,32.09,32.12,30.72,31.19,2.834,1804000,0,1,AOS
2008-04-21,32.02,32.86,32.02,32.41,2.9448,2062000,0,1,AOS
2008-04-18,32.9,33.15,31.94,32.1,2.9167,2786400,0,1,AOS
2008-04-17,31,33.42,30.39,32.51,2.9539,5903200,0,1,AOS
2008-04-16,31.02,32.5,31.02,31.75,2.8849,5072800,0,1,AOS
2008-04-15,31,31.46,30.25,30.87,2.8049,2912400,0,1,AOS
2008-04-14,31.11,31.53,30.79,30.8,2.7985,2344800,0,1,AOS
2008-04-11,31.93,31.93,30.64,31,2.8167,3334800,0,1,AOS
2008-04-10,32.04,32.77,31.85,32.26,2.9312,4080000,0,1,AOS
2008-04-09,32.82,33.3089,31.77,31.96,2.9039,4190400,0,1,AOS
2008-04-08,32.75,33.21,32.4,32.75,2.9757,4469200,0,1,AOS
2008-04-07,34.24,34.37,33.02,33.07,3.0048,1448800,0,1,AOS
2008-04-04,34.0291,35.02,33.19,34.07,3.0957,2077200,0,1,AOS
2008-04-03,34.34,34.52,33.66,34.03,3.092,881200,0,1,AOS
2008-04-02,34.74,35.48,34.41,34.53,3.1375,1849200,0,1,AOS
2008-04-01,33.4396,34.89,33.33,34.68,3.1511,2569600,0,1,AOS
2008-03-31,32.57,33.29,32.5618,32.87,2.9866,1802400,0,1,AOS
2008-03-28,33.75,33.75,32.17,32.47,2.9503,2387200,0,1,AOS
2008-03-27,34.26,34.4,33.39,33.44,3.0384,1516800,0,1,AOS
2008-03-26,35.6773,35.68,33.63,34.18,3.1057,2291200,0,1,AOS
2008-03-25,35.3808,36.01,35.19,35.77,3.2501,880800,0,1,AOS
2008-03-24,34.93,35.69,34.13,35.22,3.2002,1502400,0,1,AOS
2008-03-20,35.5,35.66,34,34.71,3.1538,3475200,0,1,AOS
2008-03-19,34.8,36.49,34.57,35.1,3.1893,3648000,0,1,AOS
2008-03-18,33.7996,34.8,33.3,34.5,3.1347,1982800,0,1,AOS
2008-03-17,32.3,33.7581,32.15,33.11,3.0084,1287600,0,1,AOS
2008-03-14,34.8,34.8,32.8162,33.31,3.0266,1891600,0,1,AOS
2008-03-13,32.74,35.13,32.6987,34.53,3.1375,2638000,0,1,AOS
2008-03-12,33.99,34.14,33.08,33.08,3.0057,1601200,0,1,AOS
2008-03-11,33.27,34.13,32.68,33.84,3.0748,3049200,0,1,AOS
2008-03-10,33.55,33.55,32.22,32.46,2.9494,2827200,0,1,AOS
2008-03-07,33.7981,34.51,33.05,33.4,3.0348,2604400,0,1,AOS
2008-03-06,35,35.52,33.99,34.15,3.1029,2365600,0,1,AOS
2008-03-05,35.98,36.09,34.95,35.01,3.1811,4546800,0,1,AOS
2008-03-04,36.6,36.79,35.08,36.09,3.2792,3331200,0,1,AOS
2008-03-03,36.3,37,35.72,36.94,3.3564,3478000,0,1,AOS
2008-02-29,37.1,37.22,36.25,36.43,3.3101,2066800,0,1,AOS
2008-02-28,37.16,38.05,36.71,37.47,3.4046,2117200,0,1,AOS
2008-02-27,37.9,38.81,37.03,37.59,3.4155,2944800,0,1,AOS
2008-02-26,37.2805,38.6,36.73,38.21,3.4718,2858800,0,1,AOS
2008-02-25,36.52,37.98,36.27,37.43,3.401,1624000,0,1,AOS
2008-02-22,37.06,37.41,35.58,36.44,3.311,1892400,0,1,AOS
2008-02-21,37.73,39.02,36.7,36.94,3.3564,1558800,0,1,AOS
2008-02-20,36.92,37.71,36.16,37.54,3.411,1243200,0,1,AOS
2008-02-19,37.01,37.85,36.89,37.03,3.3646,1814800,0,1,AOS
2008-02-15,36.9,37.22,35.81,36.6,3.3255,1367200,0,1,AOS
2008-02-14,37.88,37.88,36.495,37.1,3.371,2814400,0,1,AOS
2008-02-13,37,37.98,36.6,37.88,3.4418,1474000,0,1,AOS
2008-02-12,36.16,37,36.0304,36.6,3.3255,1423600,0,1,AOS
2008-02-11,36.09,36.23,35.05,36.05,3.2756,1280800,0,1,AOS
2008-02-08,35.97,36.74,35.858,36.14,3.2837,2419200,0,1,AOS
2008-02-07,35.23,36.8,35.04,36.2,3.2892,2338800,0,1,AOS
2008-02-06,35,35.93,34.66,35.29,3.2065,2276400,0,1,AOS
2008-02-05,34.67,35.76,34.64,34.85,3.1665,2066800,0,1,AOS
2008-02-04,36.22,36.53,34.17,35.33,3.2101,2360400,0,1,AOS
2008-02-01,35.13,36.412,35.13,36.28,3.2965,1441600,0,1,AOS
2008-01-31,33.16,35.55,33.15,34.99,3.1793,2426400,0,1,AOS
2008-01-30,33.6,35.32,33.0688,33.77,3.0684,2435200,0,1,AOS
2008-01-29,34.14,34.5,33.39,34.05,3.0938,2250000,0.18,1,AOS
2008-01-28,32.8,34.23,32.28,34,2.9912,2472000,0,1,AOS
2008-01-25,32.2,33.16,32.01,32.79,2.8847,2758800,0,1,AOS
2008-01-24,34.67,35.43,31.81,31.88,2.8047,2755600,0,1,AOS
2008-01-23,30.5,34.97,29.25,34.49,3.0343,4123200,0,1,AOS
2008-01-22,29.65,32.05,29.62,31.65,2.7844,3348000,0,1,AOS
2008-01-18,31.97,33.72,30.26,30.43,2.6771,2901600,0,1,AOS
2008-01-17,32.42,34.27,31.65,32.15,2.8284,1956400,0,1,AOS
2008-01-16,32.15,33.11,31.76,32.42,2.8522,2285200,0,1,AOS
2008-01-15,32.15,32.49,31.35,32.19,2.8319,1573600,0,1,AOS
2008-01-14,32.08,33.3,31.89,32.78,2.8838,1270800,0,1,AOS
2008-01-11,32.37,32.74,31.75,31.98,2.8135,1607200,0,1,AOS
2008-01-10,32,33.19,31.55,32.68,2.875,1346800,0,1,AOS
2008-01-09,32.49,32.88,31.81,32.79,2.8847,1585600,0,1,AOS
2008-01-08,32.14,32.79,31.75,32.62,2.8698,2545200,0,1,AOS
2008-01-07,31.84,32.25,31.2,31.8,2.7976,1768800,0,1,AOS
2008-01-04,32.79,32.99,31.51,31.58,2.7783,1821600,0,1,AOS
2008-01-03,33.8,34.53,32.98,32.98,2.9014,1504000,0,1,AOS
2008-01-02,34.92,35.42,33.76,33.76,2.9701,859600,0,1,AOS
2007-12-31,35.65,35.86,34.85,35.05,3.0835,853600,0,1,AOS
2007-12-28,36.07,36.45,35.42,35.55,3.1275,976800,0,1,AOS
2007-12-27,37.23,37.3,35.2001,35.61,3.1328,1399600,0,1,AOS
2007-12-26,38.59,38.59,36.95,37.42,3.292,836400,0,1,AOS
2007-12-24,37.37,39,37.37,38.86,3.4187,565600,0,1,AOS
2007-12-21,35.73,38.05,35.65,37.83,3.3281,2754400,0,1,AOS
2007-12-20,34.77,35.21,33.88,35.15,3.0923,980400,0,1,AOS
2007-12-19,35.1,35.56,33.61,34.48,3.0334,1240000,0,1,AOS
2007-12-18,35.56,35.99,34.3,35.49,3.1223,1111200,0,1,AOS
2007-12-17,35.59,36.29,35.07,35.07,3.0853,1376800,0,1,AOS
2007-12-14,35.14,36.92,34.6,35.89,3.1574,1532400,0,1,AOS
2007-12-13,35.43,35.64,34.6,35.57,3.1293,960000,0,1,AOS
2007-12-12,36.88,37.47,35.48,35.67,3.1381,1154800,0,1,AOS
2007-12-11,37.4,37.92,35.8885,36,3.1671,1436800,0,1,AOS
2007-12-10,36.22,37.95,36.15,37.52,3.3008,1001200,0,1,AOS
2007-12-07,37.26,37.35,36,36.21,3.1856,1238800,0,1,AOS
2007-12-06,34.99,37.62,34.99,37.62,3.3096,1010800,0,1,AOS
2007-12-05,35.21,35.49,34.79,35.13,3.0906,834000,0,1,AOS
2007-12-04,33.65,34.86,33.48,34.64,3.0475,1038000,0,1,AOS
2007-12-03,35.71,35.71,33.76,33.96,2.9877,1225600,0,1,AOS
2007-11-30,35.57,36.21,35.25,35.39,3.1135,1064400,0,1,AOS
2007-11-29,35.08,35.67,34.9008,35.01,3.08,961200,0,1,AOS
2007-11-28,34.43,35.4285,34.03,35.18,3.095,1013200,0,1,AOS
2007-11-27,33.23,34.39,33.15,33.99,2.9903,1926400,0,1,AOS
2007-11-26,33.08,33.97,33.08,33.18,2.919,1812000,0,1,AOS
2007-11-23,33.1,33.35,32.63,33.08,2.9102,282000,0,1,AOS
2007-11-21,32.53,33.52,32.11,32.91,2.8953,1052400,0,1,AOS
2007-11-20,32.9,33.52,32.093,32.79,2.8847,1290400,0,1,AOS
2007-11-19,33.58,33.58,32.34,32.9,2.8944,1376400,0,1,AOS
2007-11-16,34.32,35.1598,33.6,33.84,2.9771,2154400,0,1,AOS
2007-11-15,35.12,35.99,33.93,34.23,3.0114,1923600,0,1,AOS
2007-11-14,37.1,37.16,35.25,35.38,3.1126,1678800,0,1,AOS
2007-11-13,35.7,37.16,35.65,37.01,3.256,1804800,0,1,AOS
2007-11-12,35.4,36.72,35.3,35.41,3.1152,2493600,0,1,AOS
2007-11-09,35.72,35.94,34.73,35.42,3.1161,2249200,0,1,AOS
2007-11-08,34.32,36.14,33.85,35.87,3.1557,3510000,0,1,AOS
2007-11-07,34.85,35,34.09,34.09,2.9991,2317600,0,1,AOS
2007-11-06,35.87,35.87,34.7483,35.5,3.1231,1383600,0,1,AOS
2007-11-05,35.25,35.9,35.0599,35.54,3.1267,1618800,0,1,AOS
2007-11-02,35.89,36.26,34.54,35.71,3.1416,1904400,0,1,AOS
2007-11-01,36.7,36.775,35.51,35.51,3.124,2139600,0,1,AOS
2007-10-31,36.83,37.62,36.4,37.39,3.2894,1362000,0,1,AOS
2007-10-30,36.77,37.39,36.6008,36.76,3.234,1288800,0,1,AOS
2007-10-29,37.63,37.99,36.38,36.56,3.2164,1788000,0.18,1,AOS
2007-10-26,37.46,37.91,37,37.44,3.1988,1632400,0,1,AOS
2007-10-25,37.93,38.08,36.7,37.08,3.168,2306400,0,1,AOS
2007-10-24,37.4909,38.15,37.09,37.85,3.2338,2061600,0,1,AOS
2007-10-23,38.6,38.7181,37.48,37.51,3.2048,1571200,0,1,AOS
2007-10-22,37.15,38.55,36.72,38.15,3.2595,2353200,0,1,AOS
2007-10-19,38.61,38.7,37.6,37.69,3.2202,1937200,0,1,AOS
2007-10-18,38.77,38.93,37.46,38.48,3.2876,2396800,0,1,AOS
2007-10-17,40.7873,40.79,37.48,38.69,3.3056,10873200,0,1,AOS
2007-10-16,41.34,42.2002,39.9,40.85,3.4901,8396400,0,1,AOS
2007-10-15,47.15,47.52,45,45,3.8447,3484800,0,1,AOS
2007-10-12,46.18,47.46,45.69,47.11,4.025,1510800,0,1,AOS
2007-10-11,45.77,46.82,45.72,46.29,3.9549,1884400,0,1,AOS
2007-10-10,45.25,45.86,45.25,45.72,3.9062,957600,0,1,AOS
2007-10-09,46.05,46.07,45.27,45.65,3.9002,1710000,0,1,AOS
2007-10-08,45.8,46.46,45.8,46.25,3.9515,996000,0,1,AOS
2007-10-05,45.73,46.2,45.17,45.98,3.9284,1184800,0,1,AOS
2007-10-04,45.2088,45.49,44.81,45.22,3.8635,490000,0,1,AOS
2007-10-03,44.68,45.39,44.56,44.94,3.8396,505200,0,1,AOS
2007-10-02,45.32,45.59,44.81,44.85,3.8319,1248000,0,1,AOS
2007-10-01,43.72,45.23,43.7083,45,3.8447,1595200,0,1,AOS
2007-09-28,43.55,44.88,43.55,43.88,3.749,1488000,0,1,AOS
2007-09-27,44.2408,44.31,43.32,43.75,3.7379,1904800,0,1,AOS
2007-09-26,44.52,44.67,43.45,43.95,3.755,3468400,0,1,AOS
2007-09-25,44.64,44.68,43.75,44.19,3.7755,2469600,0,1,AOS
2007-09-24,46.31,46.6,44.63,44.83,3.8302,1891600,0,1,AOS
2007-09-21,46.81,46.94,46.02,46.25,3.9515,1603600,0,1,AOS
2007-09-20,46.86,46.95,45.62,46.39,3.9635,1546800,0,1,AOS
2007-09-19,47.35,48.25,45.66,47,4.0156,3454800,0,1,AOS
2007-09-18,46.96,49.06,46.82,49.02,4.1882,1753200,0,1,AOS
2007-09-17,46.54,47.4,46.34,46.61,3.9823,1728000,0,1,AOS
2007-09-14,46.32,47.03,46.26,46.77,3.9959,708000,0,1,AOS
2007-09-13,47.4,47.4,46.4,46.72,3.9917,845200,0,1,AOS
2007-09-12,47.27,47.6737,46.93,46.98,4.0139,673600,0,1,AOS
2007-09-11,47.29,47.82,46.97,47.51,4.0592,1956400,0,1,AOS
2007-09-10,47.55,47.76,46.58,47.12,4.0258,1343200,0,1,AOS
2007-09-07,47.65,47.8,47.0629,47.34,4.0446,805600,0,1,AOS
2007-09-06,49.14,49.14,47.542,48.53,4.1463,730800,0,1,AOS
2007-09-05,48.64,49.1,48.14,48.75,4.1651,1081200,0,1,AOS
2007-09-04,48.17,50.129,47.84,49.05,4.1907,1335600,0,1,AOS
2007-08-31,48.39,48.39,47.75,48.2,4.1181,2887200,0,1,AOS
2007-08-30,48.07,49,47.13,47.61,4.0677,1422400,0,1,AOS
2007-08-29,48,48.47,47.53,48.33,4.1292,2036800,0,1,AOS
2007-08-28,48.16,48.24,47.43,47.65,4.0711,1620400,0,1,AOS
2007-08-27,49.44,49.69,48.31,48.58,4.1506,1327600,0,1,AOS
2007-08-24,49.06,50.18,48.89,49.4,4.2206,2278000,0,1,AOS
2007-08-23,49.92,50.18,48.52,49.03,4.189,1666000,0,1,AOS
2007-08-22,48.26,49.88,48,49.78,4.2531,1869600,0,1,AOS
2007-08-21,47.75,48.12,47.13,47.7,4.0754,1282800,0,1,AOS
2007-08-20,47.21,48.26,47.1,48.02,4.1027,1592800,0,1,AOS
2007-08-17,47.07,48.48,46.13,47.1,4.0241,1737600,0,1,AOS
2007-08-16,46.63,46.89,44.09,45.19,3.8609,2184400,0,1,AOS
2007-08-15,47.57,49.09,46.59,46.79,3.9976,766800,0,1,AOS
2007-08-14,49.4,50.16,47.5,47.74,4.0788,1081600,0,1,AOS
2007-08-13,49.32,52.48,49.09,49.17,4.201,3186400,0,1,AOS
2007-08-10,45.67,50.44,45.03,48.77,4.1668,3514000,0,1,AOS
2007-08-09,46.3215,47.93,45.15,46.61,3.9823,4746400,0,1,AOS
2007-08-08,46.67,47.63,46.09,46.69,3.9891,4021200,0,1,AOS
2007-08-07,47.14,47.5,45.87,46.77,3.9959,2625600,0,1,AOS
2007-08-06,48.35,48.35,46.18,47.12,4.0258,2830800,0,1,AOS
2007-08-03,50.04,50.1,47.46,47.58,4.0651,2246400,0,1,AOS
2007-08-02,49.83,50.4981,49.32,49.84,4.2582,2160400,0,1,AOS
2007-08-01,48.51,50.63,48.51,50,4.2719,3293200,0,1,AOS
2007-07-31,49.35,49.65,48.34,48.55,4.148,2012400,0,1,AOS
2007-07-30,47.38,49.1,47.25,48.82,4.1711,1805200,0,1,AOS
2007-07-27,48.2,49.04,47.23,47.59,4.066,1958400,0.18,1,AOS
2007-07-26,49,49.19,47.26,48.29,4.0335,3119200,0,1,AOS
2007-07-25,50.41,51.01,49.06,49.87,4.1655,2311200,0,1,AOS
2007-07-24,50.7,50.94,49.85,50.14,4.188,2275200,0,1,AOS
2007-07-23,50.39,51.84,50.1999,51.15,4.2724,2623200,0,1,AOS
2007-07-20,50.66,50.78,48.85,50.36,4.2064,4341600,0,1,AOS
2007-07-19,49,52.47,48.23,51.08,4.2666,6501600,0,1,AOS
2007-07-18,45.9,50.4,45.21,49.01,4.0937,12149200,0,1,AOS
2007-07-17,43.59,44.09,43.53,43.89,3.666,2653200,0,1,AOS
2007-07-16,43.15,43.61,43.1098,43.42,3.6267,2018800,0,1,AOS
2007-07-13,42.82,43.59,42.8,43.32,3.6184,1452400,0,1,AOS
2007-07-12,42.2,43,42.12,43,3.5917,2154400,0,1,AOS
2007-07-11,42.11,42.39,41.82,42.15,3.5207,1722000,0,1,AOS
2007-07-10,41.8,42.56,41.69,42.22,3.5265,2236000,0,1,AOS
2007-07-09,41.23,42.15,41.15,42.14,3.5198,1289200,0,1,AOS
2007-07-06,40.99,41.37,40.76,41.31,3.4505,963600,0,1,AOS
2007-07-05,40.95,40.95,40.41,40.93,3.4188,1120800,0,1,AOS
2007-07-03,40.7,41.08,40.63,40.98,3.4229,447600,0,1,AOS
2007-07-02,40.05,40.8,40.03,40.77,3.4054,806400,0,1,AOS
2007-06-29,40.3,40.4331,39.54,39.89,3.3319,1001200,0,1,AOS
2007-06-28,39.96,40.54,39.96,40.24,3.3611,624400,0,1,AOS
2007-06-27,39.61,39.99,39.28,39.97,3.3386,1181200,0,1,AOS
2007-06-26,40.21,40.36,39.482,39.82,3.326,1642800,0,1,AOS
2007-06-25,40.15,40.76,39.96,40.11,3.3503,928800,0,1,AOS
2007-06-22,40.29,40.31,39.81,40.3,3.3661,2526000,0,1,AOS
2007-06-21,40.3,40.7,39.84,40.49,3.382,828400,0,1,AOS
2007-06-20,40.45,40.7,40.32,40.42,3.3762,1278000,0,1,AOS
2007-06-19,40.35,40.7,40.3,40.42,3.3762,1368000,0,1,AOS
2007-06-18,40.79,41.02,40.4,40.7,3.3996,2006400,0,1,AOS
2007-06-15,41.12,41.3,40.55,40.76,3.4046,1474000,0,1,AOS
2007-06-14,39.81,40.46,39.8,40.33,3.3686,998800,0,1,AOS
2007-06-13,39.51,39.94,39.4,39.81,3.3252,1495200,0,1,AOS
2007-06-12,39.05,39.52,39,39.34,3.286,1490800,0,1,AOS
2007-06-11,38.9503,39.53,38.77,39.25,3.2784,1015200,0,1,AOS
2007-06-08,39.4,39.4,38.8,39.1,3.2659,1897200,0,1,AOS
2007-06-07,39.95,40.04,39.39,39.48,3.2976,1564800,0,1,AOS
2007-06-06,40.2391,40.24,39.8,40.05,3.3453,1122400,0,1,AOS
2007-06-05,40.74,40.74,40.3,40.55,3.387,1160400,0,1,AOS
2007-06-04,40.9,41.27,40.4,40.86,3.4129,1747600,0,1,AOS
2007-06-01,39.5115,41.04,39.5,41.02,3.4263,2907600,0,1,AOS
2007-05-31,39.2,39.57,39.1069,39.29,3.2818,1264800,0,1,AOS
2007-05-30,38.85,39.31,38.55,39.31,3.2834,962800,0,1,AOS
2007-05-29,38.7,39.1932,38.69,39.1,3.2659,945600,0,1,AOS
2007-05-25,38.85,38.93,38.41,38.6,3.2241,875200,0,1,AOS
2007-05-24,39.27,39.59,38.45,38.65,3.2283,2002000,0,1,AOS
2007-05-23,39.17,39.73,39.17,39.3,3.2826,1833600,0,1,AOS
2007-05-22,39.12,39.21,38.8,39.13,3.2684,2041200,0,1,AOS
2007-05-21,39,39.48,38.86,39.21,3.2751,979600,0,1,AOS
2007-05-18,38.7,39.3,38.59,39.06,3.2626,699600,0,1,AOS
2007-05-17,38.76,38.82,38.27,38.68,3.2308,744000,0,1,AOS
2007-05-16,38.65,38.97,38.4568,38.94,3.2525,681600,0,1,AOS
2007-05-15,38.4,39.14,38.3,38.57,3.2216,1646800,0,1,AOS
2007-05-14,38.92,38.92,38.3,38.47,3.2133,966400,0,1,AOS
2007-05-11,38.9,39.15,38.5,38.99,3.2567,947200,0,1,AOS
2007-05-10,39.61,39.61,38.41,38.65,3.2283,1273600,0,1,AOS
2007-05-09,39.5,40,38.78,39.86,3.3294,2370400,0,1,AOS
2007-05-08,39.03,39.79,38.71,39.74,3.3194,2497600,0,1,AOS
2007-05-07,38.99,39.21,38.74,39.21,3.2751,1443600,0,1,AOS
2007-05-04,38.82,38.87,38.46,38.87,3.2467,1636800,0,1,AOS
2007-05-03,38.6,38.72,38,38.59,3.2233,1086000,0,1,AOS
2007-05-02,38.27,38.86,38.01,38.6,3.2241,1115200,0,1,AOS
2007-05-01,38.2611,38.4,37.57,38.08,3.1807,1786800,0,1,AOS
2007-04-30,38.34,38.51,38.04,38.1,3.1824,2095600,0,1,AOS
2007-04-27,38.19,38.5024,38,38.34,3.2024,1630000,0,1,AOS
2007-04-26,38.45,38.57,37.96,38.43,3.2099,1130400,0.17,1,AOS
2007-04-25,38.31,38.62,38.2,38.53,3.1331,2100400,0,1,AOS
2007-04-24,37.9421,38.17,37.65,38.14,3.1014,1803600,0,1,AOS
2007-04-23,38.2011,38.24,37.63,37.8,3.0737,1323600,0,1,AOS
2007-04-20,38.15,38.3,37.8,38.18,3.1046,1781200,0,1,AOS
2007-04-19,38.53,38.53,37.53,37.64,3.0607,5164000,0,1,AOS
2007-04-18,40.65,41.35,38.87,38.95,3.1673,10756000,0,1,AOS
2007-04-17,39.33,39.43,38.25,38.7,3.1469,2029600,0,1,AOS
2007-04-16,38.38,39.33,38.38,39.32,3.1973,1712400,0,1,AOS
2007-04-13,38.55,38.62,37.95,38.33,3.1168,2664400,0,1,AOS
2007-04-12,38.24,38.77,38.08,38.65,3.1429,1694400,0,1,AOS
2007-04-11,38.6921,38.8,38.21,38.41,3.1233,2365200,0,1,AOS
2007-04-10,38.46,38.78,38.37,38.72,3.1486,824800,0,1,AOS
2007-04-09,38.28,38.6,37.98,38.52,3.1323,1578400,0,1,AOS
2007-04-05,38.49,38.65,38.21,38.26,3.1111,1454800,0,1,AOS
2007-04-04,38.75,38.75,38.37,38.5,3.1307,846000,0,1,AOS
2007-04-03,38.39,38.91,38.37,38.8,3.1551,1460400,0,1,AOS
2007-04-02,38.23,38.25,37.92,38.19,3.1055,1460800,0,1,AOS
2007-03-30,38.49,38.57,37.94,38.22,3.1079,1551600,0,1,AOS
2007-03-29,38.55,38.6,38.21,38.52,3.1323,1250400,0,1,AOS
2007-03-28,38.4,38.66,38.04,38.37,3.1201,1752400,0,1,AOS
2007-03-27,38.65,38.75,38.25,38.55,3.1347,1753200,0,1,AOS
2007-03-26,38.81,38.9578,38.01,38.75,3.151,1154400,0,1,AOS
2007-03-23,38.96,39.0308,38.67,38.81,3.1559,728800,0,1,AOS
2007-03-22,39.2,39.22,38.8,38.96,3.1681,754000,0,1,AOS
2007-03-21,38.49,39.27,38.15,39.27,3.1933,1380000,0,1,AOS
2007-03-20,38.16,38.25,38,38.25,3.1103,1243600,0,1,AOS
2007-03-19,38.04,38.15,37.74,38.1,3.0981,2262400,0,1,AOS
2007-03-16,38,38.05,37.5,37.63,3.0599,1388800,0,1,AOS
2007-03-15,38.12,38.3,37.92,38.14,3.1014,536400,0,1,AOS
2007-03-14,38,38.2,37.61,38.1,3.0981,1208800,0,1,AOS
2007-03-13,38.98,38.9984,37.96,37.96,3.0868,1342800,0,1,AOS
2007-03-12,38.86,39.39,38.67,39.19,3.1868,2162800,0,1,AOS
2007-03-09,38.94,39.1,38.5281,38.9,3.1632,2295600,0,1,AOS
2007-03-08,39.4989,39.8,38.63,38.79,3.1542,2283600,0,1,AOS
2007-03-07,38.21,39.97,38.12,39.25,3.1916,2278800,0,1,AOS
2007-03-06,37.85,38.34,37.11,38.18,3.1046,2401200,0,1,AOS
2007-03-05,37.75,38.29,37.34,37.57,3.055,2059200,0,1,AOS
2007-03-02,37.95,38.25,37.67,37.9,3.0819,1434400,0,1,AOS
2007-03-01,38,38.72,37.79,38.4,3.1225,1482400,0,1,AOS
2007-02-28,38.5,38.95,38.13,38.65,3.1429,1866000,0,1,AOS
2007-02-27,38.22,39.4981,38.22,38.5,3.1307,2431200,0,1,AOS
2007-02-26,40.38,40.51,40.1,40.12,3.2624,1492000,0,1,AOS
2007-02-23,40.13,40.49,39.9,40.33,3.2795,1265200,0,1,AOS
2007-02-22,40.25,40.43,39.93,40.13,3.2632,1471600,0,1,AOS
2007-02-21,39.85,40.44,39.7171,40.13,3.2632,2101200,0,1,AOS
2007-02-20,38.37,40.07,38.21,39.96,3.2494,2098800,0,1,AOS
2007-02-16,38.29,38.55,37.84,38.44,3.1258,1002400,0,1,AOS
2007-02-15,38.45,38.91,38.04,38.29,3.1136,1771600,0,1,AOS
2007-02-14,38.62,38.89,38.48,38.51,3.1315,1490800,0,1,AOS
2007-02-13,38.45,38.59,38.072,38.59,3.138,664800,0,1,AOS
2007-02-12,38.7,38.89,38.02,38.44,3.1258,664000,0,1,AOS
2007-02-09,38.85,39.0571,38.45,38.7,3.1469,937200,0,1,AOS
2007-02-08,38.95,39.0317,38.68,38.89,3.1624,1535200,0,1,AOS
2007-02-07,38.33,39.06,38.16,38.98,3.1697,930000,0,1,AOS
2007-02-06,38.3,38.45,37.71,38.32,3.116,990000,0,1,AOS
2007-02-05,38.85,39,38.14,38.37,3.1201,1268400,0,1,AOS
2007-02-02,39,39.33,38.65,39.21,3.1884,1833600,0,1,AOS
2007-02-01,38.33,39.1183,38.27,38.93,3.1656,2956000,0,1,AOS
2007-01-31,38.38,38.65,37.94,38.35,3.1185,856800,0,1,AOS
2007-01-30,38.4,38.57,37.99,38.48,3.129,1024800,0,1,AOS
2007-01-29,38.35,38.55,38.02,38.23,3.1087,990000,0.17,1,AOS
2007-01-26,37.87,38.5701,37.84,38.48,3.0461,1036800,0,1,AOS
2007-01-25,38.98,38.98,37.66,37.83,2.9946,2225200,0,1,AOS
2007-01-24,38.44,39.1,38.29,38.9,3.0793,2107600,0,1,AOS
2007-01-23,38.25,38.65,37.82,38.33,3.0342,3181600,0,1,AOS
2007-01-22,37.7,40.74,37.7,38.25,3.0279,8574400,0,1,AOS
2007-01-19,36.09,36.09,35.5,36,2.8498,1308400,0,1,AOS
2007-01-18,36.2,36.55,35.92,36,2.8498,1558800,0,1,AOS
2007-01-17,35.94,36.39,35.94,36.24,2.8688,747600,0,1,AOS
2007-01-16,36.42,36.5,35.8802,36.08,2.8561,1652800,0,1,AOS
2007-01-12,36.3,36.42,35.92,36.42,2.883,797200,0,1,AOS
2007-01-11,36.2,36.43,35.98,36.43,2.8838,1560400,0,1,AOS
2007-01-10,36.05,36.14,35.66,36.09,2.8569,1596000,0,1,AOS
2007-01-09,36.18,36.4,35.78,36.35,2.8775,1551600,0,1,AOS
2007-01-08,36.19,36.43,35.87,36.28,2.8719,1254000,0,1,AOS
2007-01-05,36.03,36.86,36.03,36.26,2.8704,1492800,0,1,AOS
2007-01-04,37.0883,37.1,36.34,36.87,2.9186,1650000,0,1,AOS
2007-01-03,37.75,37.75,36.78,37.09,2.9361,3224800,0,1,AOS
2006-12-29,38.1,38.28,37.56,37.56,2.9733,1148400,0,1,AOS
2006-12-28,38,38.21,37.91,38.02,3.0097,1108800,0,1,AOS
2006-12-27,37.88,38.09,37.57,38,3.0081,1496800,0,1,AOS
2006-12-26,37.25,37.83,37.18,37.8,2.9923,1090000,0,1,AOS
2006-12-22,37.09,37.86,37.09,37.15,2.9408,1722400,0,1,AOS
2006-12-21,36.9,37.37,36.8,37.09,2.9361,2670400,0,1,AOS
2006-12-20,35.9,36.75,35.7191,36.45,2.8854,3764400,0,1,AOS
2006-12-19,35.18,35.88,34.7,35.6,2.8181,3146400,0,1,AOS
2006-12-18,34.05,35.36,34.05,35.34,2.7975,2713600,0,1,AOS
2006-12-15,34.44,34.77,34.05,34.05,2.6954,1507200,0,1,AOS
2006-12-14,34.55,34.74,34.11,34.39,2.7223,2649600,0,1,AOS
2006-12-13,35.02,35.13,34.4,34.47,2.7287,886800,0,1,AOS
2006-12-12,35.3578,35.47,34.5,34.78,2.7532,1786800,0,1,AOS
2006-12-11,35.46,35.8,35.32,35.48,2.8086,1620000,0,1,AOS
2006-12-08,35.8,35.9488,35.33,35.45,2.8062,1933600,0,1,AOS
2006-12-07,36.49,36.5586,35.68,35.92,2.8434,1254400,0,1,AOS
2006-12-06,36.4,36.59,36.08,36.4,2.8814,902800,0,1,AOS
2006-12-05,36.6,36.65,35.9,36.4,2.8814,1588000,0,1,AOS
2006-12-04,36.1499,36.76,36.1,36.4,2.8814,873600,0,1,AOS
2006-12-01,36.15,36.34,35.35,36.01,2.8506,1672800,0,1,AOS
2006-11-30,35.82,36.08,35.38,35.79,2.8332,1016400,0,1,AOS
2006-11-29,35.34,35.82,35.34,35.8,2.8339,1384800,0,1,AOS
2006-11-28,35.57,35.7,34.96,35.09,2.7777,1910800,0,1,AOS
2006-11-27,36.25,36.8,35.48,35.63,2.8205,1506000,0,1,AOS
2006-11-24,36.4,36.96,36.28,36.63,2.8996,359200,0,1,AOS
2006-11-22,37.07,37.37,36.62,36.65,2.9012,1378800,0,1,AOS
2006-11-21,37.15,37.15,36.47,37.09,2.9361,2220000,0,1,AOS
2006-11-20,37.28,37.31,36.9,37.16,2.9416,681600,0,1,AOS
2006-11-17,37.5,37.5,36.73,36.89,2.9202,818400,0,1,AOS
2006-11-16,37.75,37.8,37.3569,37.52,2.9701,1544400,0,1,AOS
2006-11-15,37.04,38,36.85,37.5,2.9685,4235200,0,1,AOS
2006-11-14,35.56,36.8883,35.3,36.79,2.9123,2682400,0,1,AOS
2006-11-13,35.18,35.7206,35.15,35.54,2.8134,1199200,0,1,AOS
2006-11-10,35.05,35.47,35,35.36,2.7991,982000,0,1,AOS
2006-11-09,34.86,35.3,34.5526,35.05,2.7746,2672800,0,1,AOS
2006-11-08,34.51,35.08,34.22,34.81,2.7556,928800,0,1,AOS
2006-11-07,34.76,35.16,34.5121,34.71,2.7477,1260400,0,1,AOS
2006-11-06,34.56,34.9,34.04,34.76,2.7516,1038000,0,1,AOS
2006-11-03,34.58,34.8,33.93,34.24,2.7105,1362000,0,1,AOS
2006-11-02,34.43,34.89,34.04,34.55,2.735,2136400,0,1,AOS
2006-11-01,35.32,35.48,34.54,34.58,2.7374,2510400,0,1,AOS
2006-10-31,35.32,35.5,34.95,35.16,2.7833,3181200,0,1,AOS
2006-10-30,35.35,35.85,35.06,35.4,2.8023,1609200,0,1,AOS
2006-10-27,35.54,36.04,34.98,35.39,2.8015,1524400,0.17,1,AOS
2006-10-26,36.45,36.45,35.35,35.64,2.7405,1893600,0,1,AOS
2006-10-25,35.55,36.46,35.5385,36.21,2.7844,2149600,0,1,AOS
2006-10-24,35.9,36.1,35.11,35.44,2.7252,3284800,0,1,AOS
2006-10-23,36.4,36.51,35.85,36,2.7682,2075200,0,1,AOS
2006-10-20,37.49,37.49,36.42,36.65,2.8182,1126800,0,1,AOS
2006-10-19,37.36,37.92,37.05,37.39,2.8751,1740400,0,1,AOS
2006-10-18,39,39.13,36.96,37.38,2.8743,3179200,0,1,AOS
2006-10-17,40.97,40.97,38.5,38.91,2.992,7818400,0,1,AOS
2006-10-16,42.63,43.9,42.63,43.88,3.3741,1640800,0,1,AOS
2006-10-13,41.33,42.75,41.33,42.75,3.2873,2210400,0,1,AOS
2006-10-12,40.01,41.34,40,41.34,3.1788,1022400,0,1,AOS
2006-10-11,40.32,40.67,39.6,39.91,3.0689,687600,0,1,AOS
2006-10-10,41.2544,41.25,40.33,40.49,3.1135,1146000,0,1,AOS
2006-10-09,40.1,41.49,39.75,41.35,3.1796,1326400,0,1,AOS
2006-10-06,40.5,40.52,40.1,40.28,3.0973,1854400,0,1,AOS
2006-10-05,40.7,40.86,40.25,40.68,3.1281,1711600,0,1,AOS
2006-10-04,40.163,40.74,40.04,40.63,3.1242,2550400,0,1,AOS
2006-10-03,39.51,40.5,38.91,40.28,3.0973,1509600,0,1,AOS
2006-10-02,39.43,39.76,38.82,39.49,3.0366,1233600,0,1,AOS
2006-09-29,40.95,41.16,39.38,39.43,3.032,1019200,0,1,AOS
2006-09-28,40.31,41.22,40.31,40.94,3.1481,926400,0,1,AOS
2006-09-27,40,40.44,39.55,40.25,3.095,876400,0,1,AOS
2006-09-26,40.1558,40.68,39.81,40.23,3.0935,739600,0,1,AOS
2006-09-25,39.62,40.6014,39.24,40.31,3.0996,641200,0,1,AOS
2006-09-22,39.8,39.96,39.15,39.52,3.0389,554400,0,1,AOS
2006-09-21,40.8994,41.19,39.75,40.11,3.0843,673600,0,1,AOS
2006-09-20,40.14,41.05,40.0679,40.74,3.1327,966400,0,1,AOS
2006-09-19,40.1,40.1,38.78,39.94,3.0712,1848400,0,1,AOS
2006-09-18,40.7,40.97,40.07,40.1,3.0835,655600,0,1,AOS
2006-09-15,40.6,41.1,40.17,40.93,3.1473,1534800,0,1,AOS
2006-09-14,40.35,40.45,39.57,40.29,3.0981,769600,0,1,AOS
2006-09-13,40.24,40.74,40.19,40.6,3.1219,883200,0,1,AOS
2006-09-12,39,40.8,39,40.37,3.1042,1947600,0,1,AOS
2006-09-11,38.65,38.93,38.16,38.9,2.9912,1347600,0,1,AOS
2006-09-08,38.62,39.18,38.57,38.8,2.9835,661600,0,1,AOS
2006-09-07,39.2,39.3,38.49,38.59,2.9674,1130400,0,1,AOS
2006-09-06,40.35,40.38,39.27,39.39,3.0289,1141200,0,1,AOS
2006-09-05,40.63,40.82,40.41,40.6,3.1219,604000,0,1,AOS
2006-09-01,40.16,40.99,40.04,40.64,3.125,523600,0,1,AOS
2006-08-31,40.54,40.64,39.93,40.11,3.0843,913200,0,1,AOS
2006-08-30,40.1,40.73,40.0721,40.29,3.0981,848800,0,1,AOS
2006-08-29,40.5,40.51,39.58,40.02,3.0773,1033200,0,1,AOS
2006-08-28,40.2,40.89,40.2,40.45,3.1104,506400,0,1,AOS
2006-08-25,40,40.31,39.82,40.29,3.0981,929200,0,1,AOS
2006-08-24,40.28,40.4,39.88,40.02,3.0773,1650000,0,1,AOS
2006-08-23,40.46,40.72,39.95,40.26,3.0958,1536000,0,1,AOS
2006-08-22,41.35,41.63,39.94,40.47,3.1119,1669600,0,1,AOS
2006-08-21,41.45,41.55,41.02,41.27,3.1735,553200,0,1,AOS
2006-08-18,42.67,42.77,41.36,41.65,3.2027,577600,0,1,AOS
2006-08-17,42.4,42.82,42.21,42.52,3.2696,775200,0,1,AOS
2006-08-16,41.23,42.88,41.08,42.55,3.2719,1206400,0,1,AOS
2006-08-15,40,41.3,40,41.24,3.1711,865200,0,1,AOS
2006-08-14,39.89,40.4,39.4,39.47,3.035,888000,0,1,AOS
2006-08-11,40.02,40.22,39.5,39.64,3.0481,810400,0,1,AOS
2006-08-10,39.85,40.29,39.5,40.01,3.0766,1432800,0,1,AOS
2006-08-09,40.79,41.09,39.7,39.94,3.0712,1188400,0,1,AOS
2006-08-08,41.23,41.88,40.5,40.69,3.1289,1556800,0,1,AOS
2006-08-07,41.91,42.14,41.1,41.21,3.1688,1198800,0,1,AOS
2006-08-04,43.18,43.59,41.85,42.16,3.2419,899200,0,1,AOS
2006-08-03,42.24,43.15,41.74,42.79,3.2903,1212000,0,1,AOS
2006-08-02,42.8978,43.22,42.25,42.49,3.2673,518800,0,1,AOS
2006-08-01,42.4,42.97,42.01,42.77,3.2888,928800,0,1,AOS
2006-07-31,42.65,43.07,42.27,42.86,3.2957,1390000,0,1,AOS
2006-07-28,42.9,43.8226,42.75,43.09,3.3134,1253200,0,1,AOS
2006-07-27,42.38,43.43,42.05,42.33,3.255,1046800,0.17,1,AOS
2006-07-26,43.34,43.34,41.81,42.53,3.1919,1464000,0,1,AOS
2006-07-25,43.22,44.07,42.91,43.54,3.2677,878400,0,1,AOS
2006-07-24,41.83,43.54,41.83,43.32,3.2512,1046400,0,1,AOS
2006-07-21,44.1,44.1,41.19,41.53,3.1169,2402800,0,1,AOS
2006-07-20,44.88,45.26,44.13,44.21,3.318,2911600,0,1,AOS
2006-07-19,45.33,45.64,43.6921,44.63,3.3495,2701200,0,1,AOS
2006-07-18,42.38,42.7,41.31,42.51,3.1904,882400,0,1,AOS
2006-07-17,42.991,43.32,42.1,42.27,3.1724,819600,0,1,AOS
2006-07-14,42.85,42.88,41.4103,42.4,3.1822,1293600,0,1,AOS
2006-07-13,43.89,43.9,42.448,42.88,3.2182,1660000,0,1,AOS
2006-07-12,45.36,45.47,44.05,44.07,3.3075,1038400,0,1,AOS
2006-07-11,45.4,45.53,44.76,45.45,3.4111,1264800,0,1,AOS
2006-07-10,45.06,46.28,45.06,45.55,3.4186,919200,0,1,AOS
2006-07-07,45.3,45.9236,44.86,45.01,3.378,636400,0,1,AOS
2006-07-06,45.45,46.05,45.32,45.41,3.4081,1477600,0,1,AOS
2006-07-05,46.43,46.49,45.12,45.52,3.4163,1491600,0,1,AOS
2006-07-03,46.36,47.04,45.76,46.68,3.5034,730000,0,1,AOS
2006-06-30,46.72,47.1474,46.3,46.36,3.4794,2270800,0,1,AOS
2006-06-29,44.6,46.68,44.6028,46.6,3.4974,1831200,0,1,AOS
2006-06-28,44.65,44.85,43.97,44.47,3.3375,804400,0,1,AOS
2006-06-27,44.65,45.26,44.33,44.64,3.3503,1133200,0,1,AOS
2006-06-26,44.95,45.5,44.2264,44.71,3.3555,1759600,0,1,AOS
2006-06-23,44.15,45.2,43.85,44.75,3.3585,920800,0,1,AOS
2006-06-22,43.851,44.42,43.55,44.03,3.3045,658800,0,1,AOS
2006-06-21,43.85,44.47,43.76,43.9,3.2947,1815600,0,1,AOS
2006-06-20,43.59,44.08,43.06,43.77,3.285,1199200,0,1,AOS
2006-06-19,43.85,43.94,42.93,43.6,3.2722,1272400,0,1,AOS
2006-06-16,44.35,45,43.52,43.65,3.276,2341200,0,1,AOS
2006-06-15,43.93,44.72,43.7,44.4,3.3323,1772400,0,1,AOS
2006-06-14,43.1695,43.79,43.1,43.43,3.2595,2487600,0,1,AOS
2006-06-13,43,43.83,42.61,43.23,3.2444,2713200,0,1,AOS
2006-06-12,43.45,43.45,42.48,43,3.2272,3110400,0,1,AOS
2006-06-09,42.71,44.55,42.71,43.49,3.264,2822800,0,1,AOS
2006-06-08,42.15,42.7715,40.76,42.71,3.2054,1874800,0,1,AOS
2006-06-07,42.01,43.39,42,42.25,3.1709,1856400,0,1,AOS
2006-06-06,42.5034,42.74,41.48,41.99,3.1514,1849600,0,1,AOS
2006-06-05,43.75,43.9,42.2,42.32,3.1761,2200800,0,1,AOS
2006-06-02,45,45,43.8092,43.9,3.2947,1662400,0,1,AOS
2006-06-01,44.4,45.44,44.26,45.12,3.3863,3235200,0,1,AOS
2006-05-31,42.98,44.1,42.64,43.95,3.2985,2702400,0,1,AOS
2006-05-30,43.14,43.65,42.51,42.63,3.1994,1561600,0,1,AOS
2006-05-26,43.16,44.13,43.16,43.44,3.2602,1008400,0,1,AOS
2006-05-25,41.65,43.55,41.55,43.17,3.2399,2984400,0,1,AOS
2006-05-24,41.13,42.07,40.6,41.61,3.1229,3034800,0,1,AOS
2006-05-23,42.25,43,40.86,41.03,3.0793,2396400,0,1,AOS
2006-05-22,43.25,43.25,41.24,42,3.1521,3388000,0,1,AOS
2006-05-19,42.13,44.27,41.64,43.79,3.2865,4298400,0,1,AOS
2006-05-18,42.9204,44.16,42.04,42.25,3.1709,2898400,0,1,AOS
2006-05-17,43.45,44.04,42.4,42.72,3.2062,1545600,0,1,AOS
2006-05-16,43.3,43.98,43.03,43.64,3.2752,1846000,0,1,AOS
2006-05-15,43.25,44.06,42.9,43.38,3.2557,2767600,0,1,AOS
2006-05-12,41.9,44.09,41.9,43.77,3.285,2481600,0,1,AOS
2006-05-11,44.4,44.47,42.85,42.85,3.2159,1095600,0,1,AOS
2006-05-10,45,45.05,43.86,44.46,3.3368,1334800,0,1,AOS
2006-05-09,45.2,45.45,44.6,44.99,3.3765,1944000,0,1,AOS
2006-05-08,45.97,46.38,45.179,45.2,3.3923,1224400,0,1,AOS
2006-05-05,46.15,46.51,45.88,46.12,3.4613,2024400,0,1,AOS
2006-05-04,46.04,46.58,45.81,45.95,3.4486,1125600,0,1,AOS
2006-05-03,45.33,46.32,45.33,46.04,3.4553,1558800,0,1,AOS
2006-05-02,45.44,45.5,44.0592,45.2,3.3923,3317200,0,1,AOS
2006-05-01,47.46,47.46,45.36,45.51,3.4156,1838800,0,1,AOS
2006-04-28,45.58,47.73,45.57,47.42,3.5589,2100000,0,1,AOS
2006-04-27,47.15,47.64,46.15,46.53,3.4921,2040400,0,1,AOS
2006-04-26,47.75,48.72,47.75,47.88,3.5934,1491600,0.16,1,AOS
2006-04-25,48.97,49.06,47.65,48.01,3.5311,2142000,0,1,AOS
2006-04-24,48.66,49.32,48.01,49.17,3.6165,2820000,0,1,AOS
2006-04-21,50.43,50.48,48.85,49.06,3.6084,2233200,0,1,AOS
2006-04-20,51.35,51.35,49.83,50.42,3.7084,2566800,0,1,AOS
2006-04-19,52,52,48.4188,51.35,3.7768,5978400,0,1,AOS
2006-04-18,57.15,57.57,53.161,53.52,3.9364,5635600,0,1,AOS
2006-04-17,55.3,58.06,55.08,56.66,4.1673,3540400,0,1,AOS
2006-04-13,56.4,56.85,55.31,55.54,4.085,2080000,0,1,AOS
2006-04-12,55.95,56.36,55.53,56.26,4.1379,1653600,0,1,AOS
2006-04-11,55.3,56.29,55.03,55.85,4.1078,1878000,0,1,AOS
2006-04-10,56.05,56.05,55.04,55.37,4.0725,1287600,0,1,AOS
2006-04-07,54.4,57.01,54.34,56.06,4.1232,3584400,0,1,AOS
2006-04-06,54.54,54.54,53.47,54.25,3.9901,1342800,0,1,AOS
2006-04-05,54.35,54.7282,54,54.53,4.0107,1286800,0,1,AOS
2006-04-04,52.98,54.23,52.71,54,3.9717,1408800,0,1,AOS
2006-04-03,53.297,54.68,52.59,53.08,3.904,2069200,0,1,AOS
2006-03-31,52.48,53.42,52.41,52.8,3.8834,914400,0,1,AOS
2006-03-30,52.78,53.16,52.1,52.63,3.8709,680800,0,1,AOS
2006-03-29,52.93,52.93,51.7,52.58,3.8673,802800,0,1,AOS
2006-03-28,52.37,53.27,51.72,51.98,3.8231,1047600,0,1,AOS
2006-03-27,52.53,52.832,51.76,52.77,3.8812,1106800,0,1,AOS
2006-03-24,52.98,53.3477,52.26,52.98,3.8967,904000,0,1,AOS
2006-03-23,51.85,52.89,51.65,52.76,3.8805,1540800,0,1,AOS
2006-03-22,51.2,51.99,50.8506,51.85,3.8136,1273200,0,1,AOS
2006-03-21,51.3,52.0508,50.75,51.36,3.7775,1226400,0,1,AOS
2006-03-20,50.85,51.69,50.6,51.5,3.7878,1549200,0,1,AOS
2006-03-17,50.2,50.84,50.05,50.55,3.718,1333200,0,1,AOS
2006-03-16,51.3,51.33,50.01,50.09,3.6841,1505200,0,1,AOS
2006-03-15,49.55,51.32,49.22,50.96,3.7481,2263200,0,1,AOS
2006-03-14,48.5,49.4,48.25,49.37,3.6312,1510000,0,1,AOS
2006-03-13,48.89,49.619,48.49,48.6,3.5745,1452000,0,1,AOS
2006-03-10,48.03,48.85,47.65,48.64,3.5775,883600,0,1,AOS
2006-03-09,47.8,48.43,47.8,48.13,3.54,945600,0,1,AOS
2006-03-08,48.25,48.43,47.14,47.8,3.5157,1474000,0,1,AOS
2006-03-07,47.95,48.37,47.67,48.35,3.5561,2106000,0,1,AOS
2006-03-06,48,49.06,47.85,47.98,3.5289,1714800,0,1,AOS
2006-03-03,47.2,49.07,47.1,48.83,3.5914,2590800,0,1,AOS
2006-03-02,47.12,47.96,47.07,47.25,3.4752,2138800,0,1,AOS
2006-03-01,46.45,47.44,46.26,47.12,3.4657,3299200,0,1,AOS
2006-02-28,46.78,46.84,46.2378,46.3,3.4054,1111600,0,1,AOS
2006-02-27,46.944,47.33,46.64,46.93,3.4517,1153600,0,1,AOS
2006-02-24,47,47,46.6389,46.74,3.4377,1322400,0,1,AOS
2006-02-23,46.93,47.15,46.48,46.95,3.4532,907600,0,1,AOS
2006-02-22,46.32,47.37,46.3,46.9,3.4495,1802400,0,1,AOS
2006-02-21,46.27,46.54,45.75,46.3,3.4054,1842400,0,1,AOS
2006-02-17,45.61,46.44,45.26,46.27,3.4032,1591200,0,1,AOS
2006-02-16,45,45.7,44.98,45.41,3.3399,2650800,0,1,AOS
2006-02-15,45.5,45.505,44.542,44.92,3.3039,2089600,0,1,AOS
2006-02-14,43.47,45.83,43.3677,45.59,3.3531,2558400,0,1,AOS
2006-02-13,43.75,43.81,43.15,43.3,3.1847,3368400,0,1,AOS
2006-02-10,43.55,44.02,42.96,43.75,3.2178,2634000,0,1,AOS
2006-02-09,43.08,44.52,42.93,43.55,3.2031,2358400,0,1,AOS
2006-02-08,44.25,44.25,42.27,43.08,3.1685,1836000,0,1,AOS
2006-02-07,44.76,45,43.59,43.65,3.2105,2308800,0,1,AOS
2006-02-06,42.2,46.25,42.15,44.75,3.2914,5599600,0,1,AOS
2006-02-03,42.23,42.69,41.85,41.85,3.0781,1265200,0,1,AOS
2006-02-02,42.33,42.89,41.93,42.28,3.1097,1760800,0,1,AOS
2006-02-01,42.97,42.97,40.54,41.93,3.084,4589200,0,1,AOS
2006-01-31,43.2,43.43,42.78,43.09,3.1693,1650400,0,1,AOS
2006-01-30,42.9,43.42,42.9021,43.2,3.1774,1289200,0,1,AOS
2006-01-27,42.35,42.91,42.01,42.65,3.1369,955200,0.16,1,AOS
2006-01-26,42.7,42.88,42.4,42.61,3.0634,1342000,0,1,AOS
2006-01-25,43.02,43.02,42.14,42.5,3.0555,916800,0,1,AOS
2006-01-24,42.25,43.3333,42.16,43,3.0914,1592400,0,1,AOS
2006-01-23,42.45,42.73,40.91,42.05,3.0231,3603600,0,1,AOS
2006-01-20,41.5,44.41,40.7485,43.9,3.1561,6706000,0,1,AOS
2006-01-19,40.45,40.68,39.71,39.79,2.8606,1537200,0,1,AOS
2006-01-18,39.18,40.43,39.0706,40.43,2.9066,2258800,0,1,AOS
2006-01-17,38.9,39.49,38.75,39.19,2.8175,1850400,0,1,AOS
2006-01-13,38.85,39.03,38.67,38.81,2.7902,1042800,0,1,AOS
2006-01-12,39.61,39.99,38.62,38.73,2.7844,1913200,0,1,AOS
2006-01-11,40.08,40.25,39.39,39.59,2.8462,1474800,0,1,AOS
2006-01-10,39.25,40.68,38.94,40.19,2.8894,2080800,0,1,AOS
2006-01-09,37.85,39.61,37.85,39.25,2.8218,2010400,0,1,AOS
2006-01-06,37.7,38.25,37.6,37.96,2.7291,2917200,0,1,AOS
2006-01-05,37.55,37.68,36.51,36.7,2.6385,1296400,0,1,AOS
2006-01-04,36.85,37.38,36.72,37.05,2.6636,1293600,0,1,AOS
2006-01-03,35.22,36.88,35.18,36.85,2.6493,1702800,0,1,AOS
2005-12-30,35.4614,35.46,34.88,35.1,2.5234,702400,0,1,AOS
2005-12-29,36.22,36.4,35.57,35.57,2.5572,994800,0,1,AOS
2005-12-28,35.17,36.35,35.17,36.2,2.6025,1143600,0,1,AOS
2005-12-27,35.25,35.84,35.04,35.18,2.5292,2263200,0,1,AOS
2005-12-23,35.33,35.4685,35.18,35.37,2.5429,2438800,0,1,AOS
2005-12-22,35.93,36.01,35.53,35.58,2.558,1056400,0,1,AOS
2005-12-21,36.29,36.41,35.6672,35.93,2.5831,1064800,0,1,AOS
2005-12-20,36.2,36.92,36.02,36.29,2.609,1184400,0,1,AOS
2005-12-19,35.67,36.47,35.63,36.15,2.5989,1788400,0,1,AOS
2005-12-16,35.68,36.54,35.17,35.63,2.5615,2125600,0,1,AOS
2005-12-15,36.51,36.53,35.59,35.78,2.5723,2046000,0,1,AOS
2005-12-14,36.85,37,36.45,36.6,2.6313,1645200,0,1,AOS
2005-12-13,36.6,37.02,36.5,36.75,2.6421,1303200,0,1,AOS
2005-12-12,36,36.92,35.84,36.8,2.6457,1078800,0,1,AOS
2005-12-09,35.9,35.94,35.67,35.85,2.5774,944400,0,1,AOS
2005-12-08,35.55,36.08,35.37,35.9,2.581,1196400,0,1,AOS
2005-12-07,35.97,35.97,35.27,35.45,2.5486,1250400,0,1,AOS
2005-12-06,36.37,36.5986,35.83,36.02,2.5896,928800,0,1,AOS
2005-12-05,35.77,36.55,35.42,36.36,2.614,2648400,0,1,AOS
2005-12-02,37.05,37.05,35.93,36.2,2.6025,1382800,0,1,AOS
2005-12-01,36.5995,37.2,36.6,37.13,2.6694,1640800,0,1,AOS
2005-11-30,35.36,36.48,35.36,36.4,2.6169,1678800,0,1,AOS
2005-11-29,35.29,35.7003,35.15,35.36,2.5421,1135200,0,1,AOS
2005-11-28,35.7,35.785,35.051,35.09,2.5227,1237600,0,1,AOS
2005-11-25,35.67,35.93,35.49,35.69,2.5659,648000,0,1,AOS
2005-11-23,35.67,36.03,34.05,35.61,2.5601,3382000,0,1,AOS
2005-11-22,36.17,36.69,35.5,35.92,2.5824,1348000,0,1,AOS
2005-11-21,36.09,36.46,35.79,36.17,2.6004,2101600,0,1,AOS
2005-11-18,35.52,36.1916,35.49,35.84,2.5766,1573200,0,1,AOS
2005-11-17,34,35.1401,34,35.02,2.5177,1158000,0,1,AOS
2005-11-16,34.54,34.81,33.92,33.94,2.44,1160800,0,1,AOS
2005-11-15,34.54,35.08,34.53,34.57,2.4853,2254800,0,1,AOS
2005-11-14,34,34.97,33.76,34.64,2.4904,2250400,0,1,AOS
2005-11-11,33.7,34,33.56,33.62,2.417,777600,0,1,AOS
2005-11-10,33.35,33.85,32.97,33.83,2.4321,1649200,0,1,AOS
2005-11-09,33.23,33.502,32.9,33.35,2.3976,2225200,0,1,AOS
2005-11-08,33.11,33.39,32.68,33.25,2.3904,1591600,0,1,AOS
2005-11-07,32.46,33.4,32.37,33.25,2.3904,2290000,0,1,AOS
2005-11-04,32.5,32.8,32.12,32.36,2.3265,1880400,0,1,AOS
2005-11-03,33.08,33.86,32.84,33.07,2.3775,1285600,0,1,AOS
2005-11-02,31.75,33.05,31.75,32.98,2.371,2095600,0,1,AOS
2005-11-01,32.37,32.37,31.79,31.97,2.2984,1044400,0,1,AOS
2005-10-31,31.2,32.67,31.2,32.38,2.3279,2635200,0,1,AOS
2005-10-28,30.95,31.39,30.95,31.16,2.2402,1702800,0,1,AOS
2005-10-27,31.45,32.08,30.85,30.9,2.2215,2196400,0.16,1,AOS
2005-10-26,31.7,32.35,31.5,31.53,2.1978,3877200,0,1,AOS
2005-10-25,31.8,31.97,31.55,31.7,2.2096,2644000,0,1,AOS
2005-10-24,31.3,31.98,31.3,31.8,2.2166,3660400,0,1,AOS
2005-10-21,31.45,31.76,31.17,31.2,2.1748,2197600,0,1,AOS
2005-10-20,31.72,32.1,31,31.33,2.1838,2164800,0,1,AOS
2005-10-19,31.95,32.38,31.6,31.72,2.211,2627200,0,1,AOS
2005-10-18,31.75,32.75,31.65,32.2,2.2445,2171200,0,1,AOS
2005-10-17,30.87,32,30.84,31.75,2.2131,2795200,0,1,AOS
2005-10-14,31,31.4,29.41,30.8,2.1469,6574800,0,1,AOS
2005-10-13,28.15,28.5,27.85,28.16,1.9629,1067200,0,1,AOS
2005-10-12,28.65,28.88,28.11,28.21,1.9663,876400,0,1,AOS
2005-10-11,29.37,29.66,28.73,28.8,2.0075,1144000,0,1,AOS
2005-10-10,29.35,29.4,28.99,29.35,2.0458,986800,0,1,AOS
2005-10-07,29.23,29.5,28.8,29.45,2.0528,624400,0,1,AOS
2005-10-06,28.71,29.4,28.682,29.19,2.0347,988000,0,1,AOS
2005-10-05,28.85,28.94,28.4,28.7,2.0005,1031200,0,1,AOS
2005-10-04,29.25,29.44,28.7,28.94,2.0172,904000,0,1,AOS
2005-10-03,28.65,29.26,28.61,29.21,2.0361,919600,0,1,AOS
2005-09-30,27.79,28.59,27.55,28.5,1.9866,690400,0,1,AOS
2005-09-29,27.47,27.82,27.15,27.79,1.9371,569200,0,1,AOS
2005-09-28,27.05,27.69,26.95,27.37,1.9078,798000,0,1,AOS
2005-09-27,26.8989,27.26,26.65,27.05,1.8855,1194400,0,1,AOS
2005-09-26,26.5,26.87,26.15,26.79,1.8674,829600,0,1,AOS
2005-09-23,25.71,26.3,25.5533,26.3,1.8332,588000,0,1,AOS
2005-09-22,25.46,25.89,25.12,25.7,1.7914,727600,0,1,AOS
2005-09-21,25.1,25.6311,24.9,25.36,1.7677,827200,0,1,AOS
2005-09-20,25.9,26.26,24.85,25.13,1.7517,1201600,0,1,AOS
2005-09-19,27.12,27.12,25.87,26.24,1.829,979200,0,1,AOS
2005-09-16,28.03,28.03,26.6,27,1.882,2362800,0,1,AOS
2005-09-15,27.9,28.15,27.7,27.83,1.9399,572400,0,1,AOS
2005-09-14,27.87,27.87,27.7,27.75,1.9343,436000,0,1,AOS
2005-09-13,27.78,28.04,27.5,27.75,1.9343,290400,0,1,AOS
2005-09-12,27.15,27.95,27.15,27.8,1.9378,533200,0,1,AOS
2005-09-09,27.3012,27.52,27.18,27.39,1.9092,335200,0,1,AOS
2005-09-08,27.54,27.5502,27.15,27.18,1.8946,372400,0,1,AOS
2005-09-07,27.65,27.7,27.38,27.54,1.9196,458800,0,1,AOS
2005-09-06,27.7,27.7,27.38,27.6,1.9238,682800,0,1,AOS
2005-09-02,27.95,28,27.22,27.64,1.9266,548400,0,1,AOS
2005-09-01,28.15,28.15,27.83,27.95,1.9482,360400,0,1,AOS
2005-08-31,27.64,28.2,27.23,28.14,1.9615,691600,0,1,AOS
2005-08-30,27.9305,27.93,27.26,27.54,1.9196,593200,0,1,AOS
2005-08-29,27.6,28.04,27.5206,28,1.9517,249600,0,1,AOS
2005-08-26,27.75,27.77,27.12,27.66,1.928,477600,0,1,AOS
2005-08-25,27.7,27.93,27.6,27.85,1.9413,587200,0,1,AOS
2005-08-24,27.6,28,27.51,27.73,1.9329,266400,0,1,AOS
2005-08-23,27.35,27.94,27.3,27.6,1.9238,373600,0,1,AOS
2005-08-22,27.45,27.5,27.3,27.4,1.9099,600000,0,1,AOS
2005-08-19,27.35,27.49,27.25,27.3,1.9029,185200,0,1,AOS
2005-08-18,27.65,27.65,27.33,27.35,1.9064,355600,0,1,AOS
2005-08-17,27.8,27.85,27.65,27.75,1.9343,396400,0,1,AOS
2005-08-16,27.88,28.03,27.68,27.7,1.9308,854400,0,1,AOS
2005-08-15,28,28.16,27.95,27.98,1.9503,914800,0,1,AOS
2005-08-12,27.93,28.31,27.6,28.04,1.9545,744400,0,1,AOS
2005-08-11,27.65,28.13,27.6,28,1.9517,451600,0,1,AOS
2005-08-10,27.5,28.03,27.4,27.55,1.9203,468000,0,1,AOS
2005-08-09,27.54,27.84,27.15,27.45,1.9134,564400,0,1,AOS
2005-08-08,27.14,27.64,27.12,27.53,1.919,435600,0,1,AOS
2005-08-05,27.6993,27.89,27.05,27.09,1.8883,354000,0,1,AOS
2005-08-04,27.38,27.97,27.24,27.63,1.9259,831600,0,1,AOS
2005-08-03,27.9012,27.98,27.45,27.48,1.9155,403200,0,1,AOS
2005-08-02,27.7787,28.1,27.6,28,1.9517,796000,0,1,AOS
2005-08-01,27,27.82,27,27.78,1.9364,451200,0,1,AOS
2005-07-29,27.5,27.52,27,27,1.882,533200,0,1,AOS
2005-07-28,27.25,27.7,27.1005,27.7,1.9308,578400,0,1,AOS
2005-07-27,27.3,27.39,26.8,27.25,1.8994,765600,0.16,1,AOS
2005-07-26,27.5897,27.59,27,27.36,1.8402,690000,0,1,AOS
2005-07-25,27.77,27.77,27.51,27.57,1.8543,820000,0,1,AOS
2005-07-22,27.66,27.92,27.47,27.77,1.8678,480400,0,1,AOS
2005-07-21,28.3,28.3,27.5,27.53,1.8516,610000,0,1,AOS
2005-07-20,27.8,28.25,27.74,28.24,1.8994,1636000,0,1,AOS
2005-07-19,27,28.01,26.96,27.8,1.8698,1546000,0,1,AOS
2005-07-18,26.86,27.05,26.38,26.98,1.8146,1031200,0,1,AOS
2005-07-15,26.92,27.15,26.2,27.05,1.8193,1590000,0,1,AOS
2005-07-14,27.13,27.64,26.88,26.91,1.8099,900400,0,1,AOS
2005-07-13,27.11,27.38,26.7502,27.14,1.8254,1188400,0,1,AOS
2005-07-12,27.15,27.45,26.83,27.07,1.8207,1545600,0,1,AOS
2005-07-11,27,27.4,26.9,27.35,1.8395,876000,0,1,AOS
2005-07-08,26.5608,27.21,26.56,27.19,1.8288,865600,0,1,AOS
2005-07-07,26.3,26.82,26,26.52,1.7837,441600,0,1,AOS
2005-07-06,27,27.18,26.75,26.9,1.8092,587200,0,1,AOS
2005-07-05,26.83,27.05,26.66,27,1.816,865200,0,1,AOS
2005-07-01,26.73,27.11,26.72,27.03,1.818,984000,0,1,AOS
2005-06-30,26.74,26.88,26.58,26.71,1.7965,756400,0,1,AOS
2005-06-29,26.25,26.64,26.24,26.62,1.7904,1505200,0,1,AOS
2005-06-28,26.5,26.74,26.1,26.16,1.7595,1109200,0,1,AOS
2005-06-27,27.15,27.15,26.14,26.42,1.777,2464800,0,1,AOS
2005-06-24,28.75,29.47,26.82,27.29,1.8355,5630800,0,1,AOS
2005-06-23,31.88,32.07,31.65,32.07,2.157,797200,0,1,AOS
2005-06-22,32.25,32.2484,31.67,31.74,2.1348,1068400,0,1,AOS
2005-06-21,32.1,32.2,31.92,32.16,2.163,1160400,0,1,AOS
2005-06-20,32.32,32.7,31.9,32,2.1523,974800,0,1,AOS
2005-06-17,32.75,32.8,32.41,32.41,2.1798,1157200,0,1,AOS
2005-06-16,32.25,32.7397,32.14,32.69,2.1987,430800,0,1,AOS
2005-06-15,32.5,32.5,31.98,32.3,2.1724,628000,0,1,AOS
2005-06-14,31.96,32.3,31.8,32.3,2.1724,411600,0,1,AOS
2005-06-13,31.81,32.21,31.7,32.01,2.1529,361200,0,1,AOS
2005-06-10,31.6,32.06,31.55,31.93,2.1476,475600,0,1,AOS
2005-06-09,31.8,32.01,31.7,31.7,2.1321,835200,0,1,AOS
2005-06-08,32.14,32.19,31.8,31.85,2.1422,492000,0,1,AOS
2005-06-07,31.95,32.45,31.89,32.14,2.1617,580800,0,1,AOS
2005-06-06,31.8514,31.95,31.7,31.84,2.1415,465600,0,1,AOS
2005-06-03,31.56,31.9,31.36,31.85,2.1422,510400,0,1,AOS
2005-06-02,31.33,31.75,31.11,31.57,2.1233,506400,0,1,AOS
2005-06-01,31.3,31.91,31.3,31.45,2.1159,546400,0,1,AOS
2005-05-31,30.84,31.5415,30.6,31.36,2.1092,522400,0,1,AOS
2005-05-27,30.97,31.15,30.51,30.9,2.0783,374400,0,1,AOS
2005-05-26,30.22,30.96,30.22,30.92,2.0796,552000,0,1,AOS
2005-05-25,30.8,30.8,29.79,30.2,2.0312,490000,0,1,AOS
2005-05-24,31.03,31.03,30.75,30.86,2.0756,623200,0,1,AOS
2005-05-23,30.7,31.45,30.7,31.08,2.0904,729600,0,1,AOS
2005-05-20,30.5,30.77,30.1807,30.66,2.0621,666000,0,1,AOS
2005-05-19,30.23,30.59,30.15,30.46,2.0487,715200,0,1,AOS
2005-05-18,29.65,30.66,29.65,30.48,2.05,1064800,0,1,AOS
2005-05-17,28.8,29.5,28.76,29.5,1.9841,721200,0,1,AOS
2005-05-16,28.9,29.34,28.75,28.95,1.9471,576400,0,1,AOS
2005-05-13,28.25,29.32,28.06,28.95,1.9471,1605600,0,1,AOS
2005-05-12,28.78,29.15,28.13,28.19,1.896,431200,0,1,AOS
2005-05-11,28.33,29,28.11,28.76,1.9343,541200,0,1,AOS
2005-05-10,28.51,28.73,28.27,28.28,1.9021,408400,0,1,AOS
2005-05-09,28.5,28.7,28.1899,28.51,1.9175,1195200,0,1,AOS
2005-05-06,28.72,28.92,28.45,28.54,1.9196,514000,0,1,AOS
2005-05-05,29.1807,29.32,28.5,28.62,1.9249,447600,0,1,AOS
2005-05-04,28.5,29.33,28.5,29.28,1.9693,566400,0,1,AOS
2005-05-03,28.7,29,28.5,28.5,1.9169,682800,0,1,AOS
2005-05-02,28.55,28.83,28.55,28.7,1.9303,396400,0,1,AOS
2005-04-29,28.49,28.7,27.98,28.5,1.9169,828400,0,1,AOS
2005-04-28,28.95,28.95,28.28,28.29,1.9027,647200,0,1,AOS
2005-04-27,28.36,29.14,28.34,28.95,1.9471,1441200,0.16,1,AOS
2005-04-26,29.7,29.7,28.41,28.42,1.8469,1435600,0,1,AOS
2005-04-25,29.59,30.07,29.58,29.76,1.934,946800,0,1,AOS
2005-04-22,31.02,31.09,29.17,29.34,1.9067,1732000,0,1,AOS
2005-04-21,30.44,31.45,30.43,31,2.0146,1426800,0,1,AOS
2005-04-20,30.92,31.45,30.07,30.19,1.9619,2222400,0,1,AOS
2005-04-19,28.25,31.04,28.25,30.85,2.0048,3692400,0,1,AOS
2005-04-18,28.99,29.35,28,28.17,1.8307,2214000,0,1,AOS
2005-04-15,30.8,30.8,28.63,28.98,1.8833,1907200,0,1,AOS
2005-04-14,29.11,29.6,29.03,29.5,1.9171,1098400,0,1,AOS
2005-04-13,29.95,29.95,28.9,29.05,1.8879,1016800,0,1,AOS
2005-04-12,29.37,30.04,28.9,30,1.9496,847200,0,1,AOS
2005-04-11,29.21,29.4,29.04,29.37,1.9086,1008000,0,1,AOS
2005-04-08,28.92,29.22,28.85,29.01,1.8853,694800,0,1,AOS
2005-04-07,28.65,29.1,28.19,28.91,1.8788,762400,0,1,AOS
2005-04-06,28.81,29.11,28.65,28.65,1.8619,416400,0,1,AOS
2005-04-05,28.55,28.88,28.55,28.76,1.869,538000,0,1,AOS
2005-04-04,28.5,28.7,27.94,28.6,1.8586,441600,0,1,AOS
2005-04-01,28.86,29.1801,28.44,28.48,1.8508,768000,0,1,AOS
2005-03-31,29.0978,29.13,28.71,28.87,1.8762,459600,0,1,AOS
2005-03-30,28.61,29.15,28.61,29.15,1.8944,544800,0,1,AOS
2005-03-29,28.32,28.7,28.32,28.51,1.8528,668400,0,1,AOS
2005-03-28,28.66,28.89,28.25,28.31,1.8398,686400,0,1,AOS
2005-03-24,28.61,29,28.61,28.66,1.8625,460800,0,1,AOS
2005-03-23,28.77,28.77,28.49,28.6,1.8586,706800,0,1,AOS
2005-03-22,28.7,29.08,28.5,28.82,1.8729,497200,0,1,AOS
2005-03-21,28.45,28.8,28.28,28.64,1.8612,611200,0,1,AOS
2005-03-18,28.8,28.85,28.152,28.39,1.845,1291600,0,1,AOS
2005-03-17,28.8488,28.86,28.56,28.72,1.8664,458800,0,1,AOS
2005-03-16,28.71,28.97,28.44,28.9,1.8781,806800,0,1,AOS
2005-03-15,28.6596,28.96,28.66,28.7,1.8651,588000,0,1,AOS
2005-03-14,28.12,28.74,28.12,28.64,1.8612,896800,0,1,AOS
2005-03-11,28,28.35,27.9,28.07,1.8242,854400,0,1,AOS
2005-03-10,28.07,28.51,28,28.01,1.8203,505600,0,1,AOS
2005-03-09,28.5,28.59,27.85,28.06,1.8235,1936000,0,1,AOS
2005-03-08,28.26,28.71,28.23,28.51,1.8528,998400,0,1,AOS
2005-03-07,28,28.45,27.8,28.26,1.8365,590400,0,1,AOS
2005-03-04,28,28.21,27.79,28,1.8196,1318000,0,1,AOS
2005-03-03,27.17,28,27.09,28,1.8196,1251600,0,1,AOS
2005-03-02,27,27.29,26.85,27.16,1.765,621600,0,1,AOS
2005-03-01,26.33,27.09,26.3,27.05,1.7579,845200,0,1,AOS
2005-02-28,26.68,26.9,26.18,26.28,1.7078,1129200,0,1,AOS
2005-02-25,26.55,26.73,26.3,26.67,1.7332,511200,0,1,AOS
2005-02-24,26.53,26.71,26.05,26.6,1.7286,396000,0,1,AOS
2005-02-23,26.38,26.85,26.34,26.58,1.7273,585600,0,1,AOS
2005-02-22,26.79,26.96,26.45,26.55,1.7254,667600,0,1,AOS
2005-02-18,27.05,27.13,26.8,26.89,1.7475,435600,0,1,AOS
2005-02-17,27.71,27.71,26.8401,27,1.7546,590400,0,1,AOS
2005-02-16,27.1492,27.67,27.06,27.67,1.7982,311200,0,1,AOS
2005-02-15,27.3494,27.54,26.98,27.17,1.7657,287200,0,1,AOS
2005-02-14,27.3,27.48,27.15,27.4,1.7806,273600,0,1,AOS
2005-02-11,27,27.4,26.75,27.37,1.7787,584800,0,1,AOS
2005-02-10,27.48,27.54,27.07,27.11,1.7618,497200,0,1,AOS
2005-02-09,28.05,28.11,27.42,27.48,1.7858,477600,0,1,AOS
2005-02-08,28.16,28.23,27.7,27.95,1.8164,446800,0,1,AOS
2005-02-07,28.1696,28.6,27.94,28.2,1.8326,506400,0,1,AOS
2005-02-04,28,28.1,27.85,28.07,1.8242,649200,0,1,AOS
2005-02-03,28,28,27.6,28,1.8196,427600,0,1,AOS
2005-02-02,27.92,28.03,27.8,27.99,1.819,823600,0,1,AOS
2005-02-01,27.16,28.05,27.1,27.88,1.8118,1472400,0,1,AOS
2005-01-31,26.93,27.2785,26.82,27.11,1.7618,864400,0,1,AOS
2005-01-28,26.9,27.1,26.74,26.84,1.7442,307600,0,1,AOS
2005-01-27,26.94,27.07,26.82,26.87,1.7462,628000,0.16,1,AOS
2005-01-26,27.06,27.32,27.04,27.09,1.6981,1158400,0,1,AOS
2005-01-25,26.96,27.4,26.92,27.03,1.6943,1334400,0,1,AOS
2005-01-24,27.24,27.67,26.71,26.95,1.6893,1057200,0,1,AOS
2005-01-21,27.62,27.96,27.23,27.24,1.7075,1472400,0,1,AOS
2005-01-20,26.43,27.369,26.4,27.02,1.6937,1469200,0,1,AOS
2005-01-19,26.5,26.74,26.4,26.51,1.6617,949200,0,1,AOS
2005-01-18,26.47,26.8795,26.3,26.51,1.6617,1402000,0,1,AOS
2005-01-14,26.64,26.87,26.4203,26.55,1.6642,1094800,0,1,AOS
2005-01-13,26.66,26.89,26.45,26.62,1.6686,1585600,0,1,AOS
2005-01-12,26.9,26.9,26.4487,26.64,1.6699,1797600,0,1,AOS
2005-01-11,27.65,27.71,26.9,26.9,1.6862,925200,0,1,AOS
2005-01-10,27.9,28.0003,27.5,27.66,1.7338,742800,0,1,AOS
2005-01-07,28.1,28.11,27.5,28,1.7551,660000,0,1,AOS
2005-01-06,27.76,28.12,27.66,28.09,1.7608,1024800,0,1,AOS
2005-01-05,28.6,28.6,27.5989,27.72,1.7376,1250400,0,1,AOS
2005-01-04,29.4,29.5,28.59,28.66,1.7965,654000,0,1,AOS
2005-01-03,29.94,30.28,29.16,29.32,1.8379,706000,0,1,AOS
2004-12-31,30.252,30.44,29.93,29.94,1.8767,386400,0,1,AOS
2004-12-30,29.81,30.35,29.8084,30.2,1.893,481200,0,1,AOS
2004-12-29,29.49,29.71,29.3,29.56,1.8529,203200,0,1,AOS
2004-12-28,28.97,29.6,28.97,29.59,1.8548,276400,0,1,AOS
2004-12-27,29.6,29.65,29.07,29.07,1.8222,192000,0,1,AOS
2004-12-23,29.66,29.97,29.5,29.55,1.8523,246000,0,1,AOS
2004-12-22,28.93,29.78,28.76,29.65,1.8586,882400,0,1,AOS
2004-12-21,29.25,29.25,28.36,28.93,1.8134,1774000,0,1,AOS
2004-12-20,29.63,30.12,29.2,29.25,1.8335,774000,0,1,AOS
2004-12-17,29.59,29.85,29.49,29.56,1.8529,710400,0,1,AOS
2004-12-16,29.4,29.51,29.3,29.39,1.8423,920800,0,1,AOS
2004-12-15,29.45,29.65,29.3821,29.46,1.8467,878400,0,1,AOS
2004-12-14,29.41,29.65,29.31,29.4,1.8429,732000,0,1,AOS
2004-12-13,29.6,29.62,29.35,29.4,1.8429,656400,0,1,AOS
2004-12-10,29.45,29.69,29.34,29.5,1.8492,480400,0,1,AOS
2004-12-09,29.37,29.5,29.09,29.45,1.846,664000,0,1,AOS
2004-12-08,29.55,29.8,29.1,29.38,1.8416,958800,0,1,AOS
2004-12-07,29.8,29.88,29.4,29.4,1.8429,792000,0,1,AOS
2004-12-06,29.84,30.04,29.66,29.84,1.8705,496000,0,1,AOS
2004-12-03,30.17,30.32,29.9,29.94,1.8767,539200,0,1,AOS
2004-12-02,30.14,30.42,30,30.17,1.8912,743200,0,1,AOS
2004-12-01,30.06,30.38,30,30.19,1.8924,1349200,0,1,AOS
2004-11-30,30.85,30.85,29.95,30.05,1.8836,1044000,0,1,AOS
2004-11-29,30.1,30.99,29.89,30.85,1.9338,598000,0,1,AOS
2004-11-26,30.25,30.25,30.02,30.05,1.8836,264400,0,1,AOS
2004-11-24,30.22,30.35,30.04,30.2,1.893,852400,0,1,AOS
2004-11-23,30.23,30.25,29.95,30.2,1.893,477600,0,1,AOS
2004-11-22,30.02,30.37,30.01,30.18,1.8918,1019200,0,1,AOS
2004-11-19,30.4,30.41,30.01,30.01,1.8811,1014000,0,1,AOS
2004-11-18,30.06,30.68,30.06,30.45,1.9087,1075200,0,1,AOS
2004-11-17,30.0208,30.29,30,30.16,1.8905,1126800,0,1,AOS
2004-11-16,30,30.03,29.85,30.01,1.8811,2447200,0,1,AOS
2004-11-15,30,30.2,29.93,30,1.8805,1786800,0,1,AOS
2004-11-12,29.23,30.15,29.23,30,1.8805,1928400,0,1,AOS
2004-11-11,29.06,29.42,29.04,29.33,1.8385,1312800,0,1,AOS
2004-11-10,28.8025,29.28,28.55,28.91,1.8122,4025200,0,1,AOS
2004-11-09,26.95,27.43,26.74,27.43,1.7194,870000,0,1,AOS
2004-11-08,27.12,27.2,26.56,26.8,1.6799,1220400,0,1,AOS
2004-11-05,27.3,27.85,27.11,27.27,1.7094,1525600,0,1,AOS
2004-11-04,26.78,27.4,26.44,27.25,1.7081,1433200,0,1,AOS
2004-11-03,27.4,27.5,26.8787,26.98,1.6912,486400,0,1,AOS
2004-11-02,26.87,27.4026,26.6,27.25,1.7081,698800,0,1,AOS
2004-11-01,26.44,26.82,26.3,26.82,1.6812,709600,0,1,AOS
2004-10-29,26.75,26.93,26.5,26.54,1.6636,616000,0,1,AOS
2004-10-28,26.85,27.2224,26.75,26.85,1.683,767200,0,1,AOS
2004-10-27,26.78,26.99,26.43,26.85,1.683,738000,0.16,1,AOS
2004-10-26,26.35,26.95,26.25,26.93,1.6279,440800,0,1,AOS
2004-10-25,26.29,26.65,26.18,26.35,1.5928,708400,0,1,AOS
2004-10-22,26.5,26.7,26.18,26.29,1.5892,796800,0,1,AOS
2004-10-21,26,26.67,25.8,26.53,1.6037,874800,0,1,AOS
2004-10-20,26.25,26.36,25.93,25.98,1.5705,1072800,0,1,AOS
2004-10-19,26.19,26.79,26.1899,26.25,1.5868,1482000,0,1,AOS
2004-10-18,24.9,26.6,24.77,26.29,1.5892,2671600,0,1,AOS
2004-10-15,24.82,25.53,24.82,24.99,1.5106,1791600,0,1,AOS
2004-10-14,24.95,25.75,24.77,24.77,1.4973,2133600,0,1,AOS
2004-10-13,24.66,24.74,24.35,24.45,1.478,1068400,0,1,AOS
2004-10-12,24.7,24.785,24.48,24.6,1.487,1226800,0,1,AOS
2004-10-11,25,25.02,24.4,24.7,1.4931,1931200,0,1,AOS
2004-10-08,25,25.22,24.9,25,1.5112,2461200,0,1,AOS
2004-10-07,25.11,25.18,24.8601,24.94,1.5076,1582800,0,1,AOS
2004-10-06,24.8,25,24.8,25,1.5112,1309200,0,1,AOS
2004-10-05,24.99,25.01,24.57,24.75,1.4961,1512400,0,1,AOS
2004-10-04,24.95,25.36,24.6,24.99,1.5106,1557600,0,1,AOS
2004-10-01,24.58,24.95,24.21,24.95,1.5082,1030000,0,1,AOS
2004-09-30,24.0718,24.5,24.02,24.35,1.4719,862800,0,1,AOS
2004-09-29,23.75,24.245,23.7495,24.03,1.4526,1032000,0,1,AOS
2004-09-28,23.6016,23.86,23.43,23.54,1.423,808000,0,1,AOS
2004-09-27,23.67,23.75,23.4,23.54,1.423,1046400,0,1,AOS
2004-09-24,23.64,23.8,23.2,23.66,1.4302,1043200,0,1,AOS
2004-09-23,23.81,24.03,23.56,23.68,1.4314,777600,0,1,AOS
2004-09-22,24.39,24.39,23.56,23.77,1.4369,1659600,0,1,AOS
2004-09-21,23.77,24.46,23.7701,24.44,1.4774,1836000,0,1,AOS
2004-09-20,23.89,23.99,23.67,23.72,1.4338,854800,0,1,AOS
2004-09-17,23.6,23.92,23.38,23.89,1.4441,1401600,0,1,AOS
2004-09-16,23.05,23.65,23.05,23.38,1.4133,1313200,0,1,AOS
2004-09-15,23.35,23.35,22.82,23.2,1.4024,2394000,0,1,AOS
2004-09-14,23,23.43,21.62,23.36,1.4121,14138400,0,1,AOS
2004-09-13,25.66,25.86,25.41,25.5,1.5414,658800,0,1,AOS
2004-09-10,25.55,25.66,25.28,25.66,1.5511,546400,0,1,AOS
2004-09-09,25.12,25.66,25.12,25.61,1.5481,904800,0,1,AOS
2004-09-08,25.4,25.44,25,25.02,1.5124,560400,0,1,AOS
2004-09-07,25.09,25.52,25,25.46,1.539,872400,0,1,AOS
2004-09-03,24.77,25.09,24.6109,25.09,1.5167,890800,0,1,AOS
2004-09-02,24.15,24.87,24,24.77,1.4973,934800,0,1,AOS
2004-09-01,24.42,24.6,24,24.05,1.4538,1605600,0,1,AOS
2004-08-31,24.4,24.46,24.25,24.42,1.4762,1192800,0,1,AOS
2004-08-30,24.5,24.5,24.05,24.25,1.4659,1046400,0,1,AOS
2004-08-27,23.93,24.73,23.93,24.37,1.4731,1507600,0,1,AOS
2004-08-26,24,24.32,23.54,23.85,1.4417,10730400,0,1,AOS
2004-08-25,26.4,26.5005,26.17,26.22,1.585,1242400,0,1,AOS
2004-08-24,26.55,26.7,26.15,26.35,1.5928,1190400,0,1,AOS
2004-08-23,26.7018,26.7,26.41,26.52,1.6031,1116000,0,1,AOS
2004-08-20,26.65,26.7,26.5602,26.68,1.6128,790800,0,1,AOS
2004-08-19,27.15,27.24,26.35,26.65,1.611,1455600,0,1,AOS
2004-08-18,26.85,27.1,26.78,27,1.6321,850000,0,1,AOS
2004-08-17,27.0001,27.06,26.9,27,1.6321,1278000,0,1,AOS
2004-08-16,27.17,27.24,26.89,27,1.6321,1002400,0,1,AOS
2004-08-13,27.8,27.8,27.16,27.17,1.6424,529600,0,1,AOS
2004-08-12,28.7,28.7,27.76,27.76,1.6781,420400,0,1,AOS
2004-08-11,28.43,28.76,28.05,28.75,1.7379,406800,0,1,AOS
2004-08-10,28.1,28.48,28.07,28.48,1.7216,229600,0,1,AOS
2004-08-09,28,28.1,27.95,28.05,1.6956,373600,0,1,AOS
2004-08-06,27.96,28.15,27.87,27.98,1.6914,792000,0,1,AOS
2004-08-05,28.81,29.16,28.33,28.33,1.7125,538800,0,1,AOS
2004-08-04,28.55,28.83,27.9,28.81,1.7415,392800,0,1,AOS
2004-08-03,28.84,28.87,28.35,28.65,1.7319,349200,0,1,AOS
2004-08-02,28.72,28.87,28.32,28.84,1.7433,258400,0,1,AOS
2004-07-30,28.84,28.9,28.63,28.72,1.7361,295600,0,1,AOS
2004-07-29,28.9,29,28.54,28.84,1.7433,350800,0,1,AOS
2004-07-28,28.83,28.95,28.5114,28.8,1.7409,465600,0.16,1,AOS
2004-07-27,29,29,28.65,29,1.695,589600,0,1,AOS
2004-07-26,28.3,28.86,28.29,28.86,1.6868,899200,0,1,AOS
2004-07-23,28.43,28.43,28.15,28.32,1.6552,558400,0,1,AOS
2004-07-22,28.53,28.7,28.25,28.43,1.6617,744000,0,1,AOS
2004-07-21,29,29,28.4,28.5,1.6658,531600,0,1,AOS
2004-07-20,28.8,28.99,28.44,28.99,1.6944,335200,0,1,AOS
2004-07-19,29,29,28.15,28.85,1.6862,976000,0,1,AOS
2004-07-16,28.94,29,28.38,29,1.695,1640400,0,1,AOS
2004-07-15,29.5,29.7,28.4496,28.93,1.6909,1426000,0,1,AOS
2004-07-14,29.8,30.05,29.43,29.5,1.7242,501600,0,1,AOS
2004-07-13,29.7,30.16,29.7,29.81,1.7423,366400,0,1,AOS
2004-07-12,29.55,29.66,29.3,29.64,1.7324,323200,0,1,AOS
2004-07-09,29.27,29.6,28.9,29.6,1.7301,608800,0,1,AOS
2004-07-08,29.84,29.84,29.15,29.22,1.7078,374400,0,1,AOS
2004-07-07,30.48,30.6,29.35,29.94,1.7499,777600,0,1,AOS
2004-07-06,30.73,30.73,30.3,30.4,1.7768,626400,0,1,AOS
2004-07-02,31,31,30.45,30.73,1.7961,204000,0,1,AOS
2004-07-01,31.79,31.95,30.81,30.95,1.809,494800,0,1,AOS
2004-06-30,31.1,31.83,31,31.79,1.8581,285600,0,1,AOS
2004-06-29,30.75,31.37,30.7,31.1,1.8177,526000,0,1,AOS
2004-06-28,30.24,30.93,30.23,30.63,1.7903,379200,0,1,AOS
2004-06-25,30.26,30.48,30.15,30.25,1.768,438400,0,1,AOS
2004-06-24,30.3,30.42,30.1987,30.36,1.7745,318000,0,1,AOS
2004-06-23,29.95,30.4,29.83,30.37,1.7751,399600,0,1,AOS
2004-06-22,29.88,29.97,29.5,29.95,1.7505,326400,0,1,AOS
2004-06-21,30.02,30.39,29.85,29.93,1.7493,347200,0,1,AOS
2004-06-18,29.75,30.09,29.75,29.97,1.7517,406000,0,1,AOS
2004-06-17,29.52,29.77,29.39,29.7,1.7359,481600,0,1,AOS
2004-06-16,29.5,29.51,29.15,29.47,1.7225,391600,0,1,AOS
2004-06-15,29.25,29.45,29.132,29.4,1.7184,547600,0,1,AOS
2004-06-14,29.31,29.6,29.15,29.15,1.7038,539200,0,1,AOS
2004-06-10,29.37,29.9,29.33,29.56,1.7277,408400,0,1,AOS
2004-06-09,30.3,30.45,29.42,29.42,1.7195,319200,0,1,AOS
2004-06-08,30,30.41,29.99,30.41,1.7774,266400,0,1,AOS
2004-06-07,29.45,29.9704,29.45,29.96,1.7511,334800,0,1,AOS
2004-06-04,29.44,29.53,29.2,29.35,1.7154,328800,0,1,AOS
2004-06-03,29.22,29.45,28.95,29.35,1.7154,763600,0,1,AOS
2004-06-02,29.44,29.44,29,29.32,1.7137,483600,0,1,AOS
2004-06-01,29.46,29.59,29.2787,29.44,1.7207,388000,0,1,AOS
2004-05-28,29.2,29.6,29.2,29.45,1.7213,324000,0,1,AOS
2004-05-27,29.74,29.85,29.4,29.41,1.7189,272800,0,1,AOS
2004-05-26,29.85,29.93,29.64,29.75,1.7388,574800,0,1,AOS
2004-05-25,29.15,29.9,29.06,29.88,1.7464,813600,0,1,AOS
2004-05-24,28.96,29.3085,28.64,29.15,1.7038,336000,0,1,AOS
2004-05-21,28.74,28.92,28.35,28.92,1.6903,446800,0,1,AOS
2004-05-20,28.7,28.72,28.09,28.59,1.671,447600,0,1,AOS
2004-05-19,28.82,29.25,28.7,28.74,1.6798,439600,0,1,AOS
2004-05-18,28.34,28.75,28,28.72,1.6786,726000,0,1,AOS
2004-05-17,28.8,28.7996,27.9,28.34,1.6564,703600,0,1,AOS
2004-05-14,29,29.05,28.7,28.86,1.6868,546000,0,1,AOS
2004-05-13,29.7,29.7,28.91,28.93,1.6909,637200,0,1,AOS
2004-05-12,29.05,29.7,28.75,29.7,1.7359,724000,0,1,AOS
2004-05-11,29.01,29.28,28.9,29.1,1.7008,706000,0,1,AOS
2004-05-10,29.47,29.47,28.85,29,1.695,786000,0,1,AOS
2004-05-07,29.72,30.18,29.21,29.52,1.7254,750000,0,1,AOS
2004-05-06,29.93,29.93,29,29.79,1.7412,505600,0,1,AOS
2004-05-05,29.78,30.13,29.5,29.97,1.7517,397200,0,1,AOS
2004-05-04,29.75,30.28,29.24,29.8,1.7417,600400,0,1,AOS
2004-05-03,29.95,30.32,29.58,29.68,1.7347,948400,0,1,AOS
2004-04-30,29.85,30.2584,29.34,29.9,1.7476,604000,0,1,AOS
2004-04-29,30.15,30.38,29.75,29.8,1.7417,702400,0,1,AOS
2004-04-28,31.09,31.09,30.15,30.15,1.7622,415200,0.15,1,AOS
2004-04-27,31.16,31.51,31.01,31.24,1.7733,783600,0,1,AOS
2004-04-26,31.68,31.85,30.9,31.06,1.7631,918000,0,1,AOS
2004-04-23,32.06,32.06,31.47,31.68,1.7983,1290000,0,1,AOS
2004-04-22,31.05,32.18,31.05,32.06,1.8199,1138000,0,1,AOS
2004-04-21,30.45,31.05,30.36,31.05,1.7625,759600,0,1,AOS
2004-04-20,30.6,30.78,30.5,30.55,1.7341,554800,0,1,AOS
2004-04-19,30.31,30.75,30.1,30.5,1.7313,696000,0,1,AOS
2004-04-16,29.31,31.28,29.31,30.3,1.7199,1173600,0,1,AOS
2004-04-15,28.22,29.4504,28.22,29.31,1.6638,1466800,0,1,AOS
2004-04-14,28.5988,28.6,27.5,27.82,1.5792,1280800,0,1,AOS
2004-04-13,29.18,29.18,28.4,28.6,1.6234,1358800,0,1,AOS
2004-04-12,28.94,29.1804,28.94,29.18,1.6564,700000,0,1,AOS
2004-04-08,29.64,29.64,28.9,28.93,1.6422,482400,0,1,AOS
2004-04-07,29.7,29.7309,28.89,29.63,1.6819,732400,0,1,AOS
2004-04-06,29.58,29.81,29.37,29.75,1.6887,878800,0,1,AOS
2004-04-05,29.75,29.81,29.4,29.58,1.6791,1258000,0,1,AOS
2004-04-02,28.6,30.3,28.6,29.99,1.7024,1427200,0,1,AOS
2004-04-01,29,29.15,29,29.12,1.653,736800,0,1,AOS
2004-03-31,29.1,29.15,28.92,28.95,1.6433,727600,0,1,AOS
2004-03-30,29.1,29.1,28.9108,29.06,1.6496,385600,0,1,AOS
2004-03-29,29.05,29.2,29.04,29.1,1.6518,1177200,0,1,AOS
2004-03-26,29.15,29.24,29,29.09,1.6513,658000,0,1,AOS
2004-03-25,28.9994,29.5,29,29.1,1.6518,776400,0,1,AOS
2004-03-24,29.23,29.37,28.94,29,1.6462,1374000,0,1,AOS
2004-03-23,28.75,29.36,28.5687,29.22,1.6586,770800,0,1,AOS
2004-03-22,29.42,29.42,28.1786,28.5,1.6178,757200,0,1,AOS
2004-03-19,29.46,29.78,28.85,29.41,1.6694,643600,0,1,AOS
2004-03-18,29.79,29.79,29.26,29.31,1.6638,714400,0,1,AOS
2004-03-17,29.3,29.98,29.06,29.79,1.691,499600,0,1,AOS
2004-03-16,29.81,29.81,28.88,29.05,1.649,608800,0,1,AOS
2004-03-15,30.2,30.2517,29.35,29.41,1.6694,463600,0,1,AOS
2004-03-12,29.95,30.1378,29.79,30.05,1.7058,700000,0,1,AOS
2004-03-11,30.82,30.82,29.83,29.94,1.6995,1092400,0,1,AOS
2004-03-10,31.09,31.23,30.6,30.81,1.7489,1255600,0,1,AOS
2004-03-09,32.35,32.35,31.19,31.19,1.7705,2186800,0,1,AOS
2004-03-08,32.41,32.42,32.23,32.38,1.838,724000,0,1,AOS
2004-03-05,31.7,32.21,31.55,32.11,1.8227,420400,0,1,AOS
2004-03-04,31.9,31.9,31.52,31.84,1.8074,234000,0,1,AOS
2004-03-03,31.7,31.96,31.52,31.78,1.804,682000,0,1,AOS
2004-03-02,31.65,31.86,31.55,31.8,1.8051,440800,0,1,AOS
2004-03-01,31.25,31.65,31,31.5,1.7881,490000,0,1,AOS
2004-02-27,31,31.47,30.8027,31.1,1.7654,531600,0,1,AOS
2004-02-26,30.6,31.12,30.51,31,1.7597,546400,0,1,AOS
2004-02-25,30.92,30.95,30.47,30.56,1.7347,1468800,0,1,AOS
2004-02-24,31.35,31.35,30.77,30.85,1.7512,1098400,0,1,AOS
2004-02-23,31.9,31.92,31.0891,31.35,1.7795,872800,0,1,AOS
2004-02-20,32.2,32.2,31.7478,31.79,1.8045,979200,0,1,AOS
2004-02-19,32.4,32.4311,32.15,32.17,1.8261,947200,0,1,AOS
2004-02-18,32.25,32.4504,32.04,32.36,1.8369,1260000,0,1,AOS
2004-02-17,32.21,32.37,31.98,32.14,1.8244,475200,0,1,AOS
2004-02-13,32.01,32.06,31.8993,32.01,1.817,979600,0,1,AOS
2004-02-12,32,32.25,31.95,32.01,1.817,789600,0,1,AOS
2004-02-11,31.76,32.2,31.55,32.1,1.8221,865600,0,1,AOS
2004-02-10,30.97,31.9,30.9,31.86,1.8085,1082800,0,1,AOS
2004-02-09,31.43,31.5,30.8,31.07,1.7637,1133200,0,1,AOS
2004-02-06,30.91,31.55,30.77,31.53,1.7898,643600,0,1,AOS
2004-02-05,30.51,31.1,30.5,30.91,1.7546,820800,0,1,AOS
2004-02-04,31,31.01,30.45,30.5,1.7313,1192800,0,1,AOS
2004-02-03,31.3,31.6,31.05,31.05,1.7625,1060800,0,1,AOS
2004-02-02,30.96,31.42,30.91,31.41,1.783,748000,0,1,AOS
2004-01-30,31.31,31.37,30.9,31.21,1.7716,664000,0,1,AOS
2004-01-29,31.66,31.8,31.35,31.5,1.7881,1018800,0,1,AOS
2004-01-28,31.39,32.79,31.31,31.66,1.7971,2268400,0.15,1,AOS
2004-01-27,30.6,31.55,30.45,31.55,1.7398,1820800,0,1,AOS
2004-01-26,30.3,30.65,30.3,30.54,1.6841,993600,0,1,AOS
2004-01-23,31.1,31.3,30.4,30.7,1.6929,1964400,0,1,AOS
2004-01-22,31.49,31.84,30.65,31.2,1.7205,1755600,0,1,AOS
2004-01-21,32.8,33.5,31.48,31.48,1.736,3656400,0,1,AOS
2004-01-20,33.5,33.95,33.35,33.77,1.8622,1052800,0,1,AOS
2004-01-16,33.77,33.94,33.28,33.31,1.8369,690400,0,1,AOS
2004-01-15,34.2505,34.25,33.76,33.84,1.8661,584400,0,1,AOS
2004-01-14,33.9,34.2794,33.9,34.25,1.8887,1270800,0,1,AOS
2004-01-13,33.75,33.95,33.56,33.7,1.8584,517600,0,1,AOS
2004-01-12,34.2,34.2015,33.9,33.99,1.8744,940000,0,1,AOS
2004-01-09,34.8,34.8,34.1989,34.2,1.8859,303600,0,1,AOS
2004-01-08,34.91,34.93,34.68,34.8,1.919,460800,0,1,AOS
2004-01-07,35.3,35.4,34.65,34.91,1.9251,492400,0,1,AOS
2004-01-06,35.49,35.51,35.1,35.12,1.9367,404400,0,1,AOS
2004-01-05,35.5,35.8,34.75,35.49,1.9571,973600,0,1,AOS
2004-01-02,34.9,35.67,34.9012,35.25,1.9438,262000,0,1,AOS
2003-12-31,35.67,35.67,34.92,35.05,1.9328,347200,0,1,AOS
2003-12-30,35.4,35.98,35.3,35.78,1.9731,352800,0,1,AOS
2003-12-29,35.05,35.55,34.98,35.52,1.9587,331200,0,1,AOS
2003-12-26,34.71,34.9609,34.7,34.96,1.9279,166000,0,1,AOS
2003-12-24,34.9,34.99,34.46,34.51,1.903,157200,0,1,AOS
2003-12-23,34.4,35.01,34.24,35.01,1.9306,347200,0,1,AOS
2003-12-22,33.9495,34.55,33.95,34.54,1.9047,520000,0,1,AOS
2003-12-19,34.15,34.34,33.85,33.95,1.8722,451200,0,1,AOS
2003-12-18,33.1468,34.24,33.08,34.15,1.8832,546000,0,1,AOS
2003-12-17,33.95,33.95,32.75,32.9,1.8143,927600,0,1,AOS
2003-12-16,33.5,34.3,33.4,34.15,1.8832,244000,0,1,AOS
2003-12-15,34.9796,35.05,33.7,33.7,1.8584,259200,0,1,AOS
2003-12-12,34.45,34.78,34.26,34.78,1.9179,334800,0,1,AOS
2003-12-11,33.6,34.15,33.6,34,1.8749,644800,0,1,AOS
2003-12-10,33.9,33.9,33.02,33.46,1.8451,546400,0,1,AOS
2003-12-09,33.8978,34.31,32.67,33.9,1.8694,2144400,0,1,AOS
2003-12-08,35,35,33.76,33.89,1.8689,2176000,0,1,AOS
2003-12-05,35.28,35.36,34.8,34.99,1.9295,656800,0,1,AOS
2003-12-04,36.25,36.27,35.4,35.53,1.9593,678000,0,1,AOS
2003-12-03,36.4,36.72,36.3,36.5,2.0128,648400,0,1,AOS
2003-12-02,36.37,36.5,36.22,36.4,2.0073,357600,0,1,AOS
2003-12-01,35.35,36.41,35.3514,36.12,1.9918,633600,0,1,AOS
2003-11-28,35.1,35.21,35.1,35.14,1.9378,144000,0,1,AOS
2003-11-26,35.1,35.3,34.75,35.03,1.9317,868000,0,1,AOS
2003-11-25,35.5,35.79,34.8491,34.85,1.9218,716400,0,1,AOS
2003-11-24,34.2,35.84,34.2,35.6,1.9632,1132800,0,1,AOS
2003-11-21,34.1,34.2,33.9,34.07,1.8788,378000,0,1,AOS
2003-11-20,34.07,34.07,33.5,33.9,1.8694,609600,0,1,AOS
2003-11-19,33.6,34.35,33.31,34.07,1.8788,972400,0,1,AOS
2003-11-18,33.7,33.73,33.41,33.5,1.8473,607600,0,1,AOS
2003-11-17,33.3,33.7,33.2,33.59,1.8523,1025200,0,1,AOS
2003-11-14,32.8,33.7,32.7,33.33,1.838,996400,0,1,AOS
2003-11-13,32.42,32.82,32.35,32.75,1.806,656400,0,1,AOS
2003-11-12,32.3,32.51,32.22,32.4,1.7867,913600,0,1,AOS
2003-11-11,32.5,32.5372,32.25,32.3,1.7812,1318800,0,1,AOS
2003-11-10,32.92,32.92,32.57,32.57,1.7961,594000,0,1,AOS
2003-11-07,33.3,33.45,32.96,32.98,1.8187,442000,0,1,AOS
2003-11-06,33.4,33.4,32.96,33.05,1.8225,472000,0,1,AOS
2003-11-05,33,33.23,32.53,33.23,1.8325,388000,0,1,AOS
2003-11-04,32.74,33.17,32.5,32.89,1.8137,722800,0,1,AOS
2003-11-03,31.85,32.78,31.75,32.75,1.806,580000,0,1,AOS
2003-10-31,31.38,31.77,31.35,31.65,1.7453,376000,0,1,AOS
2003-10-30,30.9697,31.65,30.8,31.34,1.7282,466800,0,1,AOS
2003-10-29,31.02,31.02,30.71,30.85,1.7012,367600,0.15,1,AOS
2003-10-28,30.9,31.17,30.69,31.17,1.6692,598000,0,1,AOS
2003-10-27,30.35,31,30.3,30.89,1.6542,454800,0,1,AOS
2003-10-24,30.5,30.5,30.05,30.25,1.62,489600,0,1,AOS
2003-10-23,30.75,30.9,30.47,30.55,1.636,766800,0,1,AOS
2003-10-22,31,31.13,30.7,30.78,1.6483,665200,0,1,AOS
2003-10-21,31.24,31.5,30.9,31,1.6601,738000,0,1,AOS
2003-10-20,31.75,31.84,31.02,31.23,1.6724,538800,0,1,AOS
2003-10-17,32,32.09,31.6,31.73,1.6992,1324000,0,1,AOS
2003-10-16,30.9,32.09,30.7,32,1.7137,2377600,0,1,AOS
2003-10-15,30.7,30.85,30.3,30.8,1.6494,1384800,0,1,AOS
2003-10-14,30.95,30.95,30.37,30.74,1.6462,3032400,0,1,AOS
2003-10-13,30.3,30.5,30.28,30.45,1.6307,857200,0,1,AOS
2003-10-10,30.17,30.34,30.07,30.26,1.6205,1986400,0,1,AOS
2003-10-09,29.25,29.92,29.25,29.92,1.6023,538000,0,1,AOS
2003-10-08,29,29.47,28.7293,29.12,1.5594,586000,0,1,AOS
2003-10-07,28.8,29,28.4,29,1.553,688800,0,1,AOS
2003-10-06,28.85,28.95,28.62,28.9,1.5477,436000,0,1,AOS
2003-10-03,28.8983,29.15,28.38,28.73,1.5386,962400,0,1,AOS
2003-10-02,28.3994,29.3,28.4,28.65,1.5343,649200,0,1,AOS
2003-10-01,28.01,28.75,27.96,28.25,1.5129,1420000,0,1,AOS
2003-09-30,27.85,28.38,27.32,28.01,1.5,956800,0,1,AOS
2003-09-29,28.15,28.34,27.58,27.92,1.4952,1558800,0,1,AOS
2003-09-26,28.94,28.94,28,28,1.4995,1569600,0,1,AOS
2003-09-25,29.93,29.94,28.69,28.69,1.5364,2443200,0,1,AOS
2003-09-24,29.7,30.12,29,29.75,1.5932,8896000,0,1,AOS
2003-09-23,34,35.11,34,34.43,1.8438,500800,0,1,AOS
2003-09-22,34.36,34.36,33.75,34.1,1.8261,899200,0,1,AOS
2003-09-19,34.57,34.8,34.52,34.61,1.8534,370800,0,1,AOS
2003-09-18,34.85,34.9,34.7,34.72,1.8593,204000,0,1,AOS
2003-09-17,34.75,34.9,34.57,34.9,1.869,324400,0,1,AOS
2003-09-16,34.7,34.83,34.5,34.7,1.8583,259600,0,1,AOS
2003-09-15,34.75,34.85,34.54,34.65,1.8556,194400,0,1,AOS
2003-09-12,34.55,34.8,34.1589,34.7,1.8583,332800,0,1,AOS
2003-09-11,34.2513,34.8,33,34.65,1.8556,857200,0,1,AOS
2003-09-10,34.7,34.75,34.1,34.1,1.8261,847200,0,1,AOS
2003-09-09,35.1,35.17,34.75,34.85,1.8663,323200,0,1,AOS
2003-09-08,35.24,35.4,35,35.18,1.884,472800,0,1,AOS
2003-09-05,35.74,35.74,34.83,35.14,1.8818,377200,0,1,AOS
2003-09-04,35.71,35.89,35.37,35.84,1.9193,268800,0,1,AOS
2003-09-03,36.0102,36.48,35.5,35.61,1.907,400800,0,1,AOS
2003-09-02,35.8,36.2,35.65,36,1.9279,601200,0,1,AOS
2003-08-29,35.45,35.99,35.45,35.9,1.9225,207600,0,1,AOS
2003-08-28,34.75,35.6,34.61,35.6,1.9065,329200,0,1,AOS
2003-08-27,34.85,35.05,34.7,34.8,1.8636,277600,0,1,AOS
2003-08-26,34.9995,35.04,34.52,34.9,1.869,1120800,0,1,AOS
2003-08-25,34.59,35.1194,34.52,35.12,1.8808,1135200,0,1,AOS
2003-08-22,34.88,34.95,34.64,34.66,1.8561,373200,0,1,AOS
2003-08-21,34.46,34.88,34.35,34.88,1.8679,843600,0,1,AOS
2003-08-20,34.33,34.42,34.23,34.36,1.8401,635200,0,1,AOS
2003-08-19,34.25,34.4,34.03,34.31,1.8374,844000,0,1,AOS
2003-08-18,34.16,34.45,34.09,34.24,1.8336,410800,0,1,AOS
2003-08-15,34,34.5015,33.91,34.16,1.8294,134400,0,1,AOS
2003-08-14,33.65,34,33.14,34,1.8208,287200,0,1,AOS
2003-08-13,33.1,33.51,32.9509,33.51,1.7945,352000,0,1,AOS
2003-08-12,32.7,33.14,32.4,33.1,1.7726,184800,0,1,AOS
2003-08-11,32.15,32.63,32.15,32.57,1.7442,274800,0,1,AOS
2003-08-08,32.2,32.3,31.96,32.05,1.7164,306400,0,1,AOS
2003-08-07,32.1,32.24,31.77,32.1,1.719,654400,0,1,AOS
2003-08-06,32.36,32.47,31.9507,32,1.7137,350800,0,1,AOS
2003-08-05,32.4,32.62,32.3,32.46,1.7383,686400,0,1,AOS
2003-08-04,33.07,33.07,31.96,32.5,1.7405,895200,0,1,AOS
2003-08-01,33.41,33.63,33.06,33.16,1.7758,1049200,0,1,AOS
2003-07-31,32.95,33.6,32.85,33.41,1.7892,658000,0,1,AOS
2003-07-30,32.2,33,32.2,32.89,1.7613,1783200,0,1,AOS
2003-07-29,32.05,32.3,31.55,32.2,1.7244,389200,0.15,1,AOS
2003-07-28,32.4,32.65,32.0494,32.1,1.6708,306000,0,1,AOS
2003-07-25,32.63,32.68,32.12,32.35,1.6838,529200,0,1,AOS
2003-07-24,32.06,32.95,32.04,32.75,1.7047,1434400,0,1,AOS
2003-07-23,31.32,32.09,31.1,32.06,1.6688,836800,0,1,AOS
2003-07-22,31.2,31.28,30.9,31.12,1.6198,366400,0,1,AOS
2003-07-21,31.65,31.65,30.91,31.23,1.6256,433200,0,1,AOS
2003-07-18,31.15,31.89,31.0103,31.65,1.6474,588000,0,1,AOS
2003-07-17,31.35,31.35,30.9,31.05,1.6162,754000,0,1,AOS
2003-07-16,31.81,31.81,31.05,31.45,1.637,1156800,0,1,AOS
2003-07-15,29.66,32.45,29.15,31.61,1.6453,2958400,0,1,AOS
2003-07-14,29.7018,30.07,29.6,29.65,1.5433,691200,0,1,AOS
2003-07-11,29.87,30.1,29.64,29.65,1.5433,258000,0,1,AOS
2003-07-10,30.45,30.5,29.38,29.81,1.5516,486000,0,1,AOS
2003-07-09,31,31.04,30.1,30.53,1.5891,487200,0,1,AOS
2003-07-08,30.75,31.08,30.54,31.05,1.6162,553200,0,1,AOS
2003-07-07,29.45,30.61,29.1,30.61,1.5933,676800,0,1,AOS
2003-07-03,29.34,29.69,29.23,29.3,1.5251,217200,0,1,AOS
2003-07-02,28.7,29.5894,28.67,29.59,1.5402,565600,0,1,AOS
2003-07-01,28.15,28.8,27.24,28.79,1.4985,644400,0,1,AOS
2003-06-30,28.35,28.43,28.05,28.15,1.4652,1498000,0,1,AOS
2003-06-27,28.7,28.86,28.3,28.57,1.4871,499200,0,1,AOS
2003-06-26,28.8,29.17,28.55,28.6,1.4887,403200,0,1,AOS
2003-06-25,28.8411,29.22,28.7,28.89,1.5038,250800,0,1,AOS
2003-06-24,28.7,29.25,28.5,28.94,1.5064,393600,0,1,AOS
2003-06-23,29.4,29.4,28.5,28.8,1.4991,712800,0,1,AOS
2003-06-20,29.65,29.67,29.41,29.51,1.536,506400,0,1,AOS
2003-06-19,29.77,29.8,29.44,29.5,1.5355,737200,0,1,AOS
2003-06-18,30.05,30.05,29.51,29.7,1.5459,826800,0,1,AOS
2003-06-17,30.08,30.0785,29.35,29.95,1.5589,1002000,0,1,AOS
2003-06-16,30,30.09,29.3985,30.09,1.5662,2182000,0,1,AOS
2003-06-13,32,32,31.61,31.65,1.6474,258000,0,1,AOS
2003-06-12,31.8,31.93,31.5,31.9,1.6604,392400,0,1,AOS
2003-06-11,31.85,31.99,31.7,31.8,1.6552,235200,0,1,AOS
2003-06-10,31.53,32,31.53,32,1.6656,422400,0,1,AOS
2003-06-09,31.91,31.98,31.46,31.49,1.6391,217600,0,1,AOS
2003-06-06,32.1,32.25,31.9,31.91,1.6609,478800,0,1,AOS
2003-06-05,32.36,32.4,31.9,32.02,1.6667,430800,0,1,AOS
2003-06-04,31.65,32.38,31.65,32.31,1.6818,410400,0,1,AOS
2003-06-03,31.48,31.69,31.42,31.65,1.6474,244000,0,1,AOS
2003-06-02,31.73,31.74,31.43,31.48,1.6386,299200,0,1,AOS
2003-05-30,31.5,31.85,31.45,31.78,1.6542,403200,0,1,AOS
2003-05-29,31.7,31.7,31.3,31.5,1.6396,296800,0,1,AOS
2003-05-28,31.5,31.9,31.45,31.7,1.65,364800,0,1,AOS
2003-05-27,31.21,31.58,31.21,31.5,1.6396,259600,0,1,AOS
2003-05-23,30.71,31.3,30.25,31.21,1.6245,249600,0,1,AOS
2003-05-22,30.5,30.77,30.28,30.66,1.5959,178000,0,1,AOS
2003-05-21,31.2,31.2,30.6,30.61,1.5933,285600,0,1,AOS
2003-05-20,31.1,31.5,31.08,31.25,1.6266,485200,0,1,AOS
2003-05-19,31.38,31.38,30.2,31.01,1.6141,603600,0,1,AOS
2003-05-16,31.35,31.64,31.28,31.37,1.6328,882400,0,1,AOS
2003-05-15,31.35,31.55,31.25,31.45,1.637,580800,0,1,AOS
2003-05-14,31.6,31.75,31.37,31.39,1.6339,374800,0,1,AOS
2003-05-13,31.75,31.803,31.45,31.55,1.6422,308400,0,1,AOS
2003-05-12,31.87,32.2,31.31,31.92,1.6615,841600,0,1,AOS
2003-05-09,30.2,32.94,30.19,31.86,1.6583,1664400,0,1,AOS
2003-05-08,29.9,30.21,29.25,30.2,1.5719,561600,0,1,AOS
2003-05-07,30.45,30.45,29.65,29.96,1.5594,380800,0,1,AOS
2003-05-06,29.95,30.45,29.4019,30.45,1.585,367600,0,1,AOS
2003-05-05,30.3,30.36,29.62,30,1.5615,312400,0,1,AOS
2003-05-02,29.3,30.3006,29.3,30.3,1.5771,438400,0,1,AOS
2003-05-01,29.82,29.86,29.18,29.25,1.5225,398800,0,1,AOS
2003-04-30,29.85,30.16,29.5615,29.82,1.5522,424800,0,1,AOS
2003-04-29,29.5,30.0696,29.5,29.9,1.5563,1102000,0,1,AOS
2003-04-28,29.94,30.37,29.73,29.74,1.548,754800,0.14,1,AOS
2003-04-25,29.71,30.25,29.54,29.98,1.5168,746800,0,1,AOS
2003-04-24,29.1986,29.83,29.03,29.7,1.5026,394000,0,1,AOS
2003-04-23,29.5,29.5,29,29.26,1.4803,524400,0,1,AOS
2003-04-22,29.05,29.69,28.9,29.6,1.4975,330000,0,1,AOS
2003-04-21,28.99,29.15,28.8,29.1,1.4722,452400,0,1,AOS
2003-04-17,29,29.26,28.91,29.19,1.4768,858400,0,1,AOS
2003-04-16,29.29,29.29,28.9,29,1.4672,565200,0,1,AOS
2003-04-15,28.85,29.35,28.8,29.29,1.4819,1828000,0,1,AOS
2003-04-14,27.33,28.19,27.33,28.14,1.4237,274000,0,1,AOS
2003-04-11,27.25,27.4,27.03,27.23,1.3776,254400,0,1,AOS
2003-04-10,27.25,27.35,27.2,27.2,1.3761,226800,0,1,AOS
2003-04-09,27.33,27.3313,27.06,27.2,1.3761,376800,0,1,AOS
2003-04-08,27.22,27.35,26.86,27.33,1.3827,1268400,0,1,AOS
2003-04-07,27.2,27.82,27.2,27.22,1.3771,260400,0,1,AOS
2003-04-04,27.35,27.35,26.5,26.95,1.3635,390400,0,1,AOS
2003-04-03,27.51,27.92,27.25,27.35,1.3837,305200,0,1,AOS
2003-04-02,27.05,27.74,27.05,27.51,1.3918,436000,0,1,AOS
2003-04-01,26.8,27.06,26.26,27.06,1.369,382000,0,1,AOS
2003-03-31,26.8,27.18,26.5,26.8,1.3559,415200,0,1,AOS
2003-03-28,26.9,27.02,26.66,26.92,1.362,496000,0,1,AOS
2003-03-27,26.78,27.09,26.2,26.85,1.3584,548400,0,1,AOS
2003-03-26,27,27.15,26.6,26.85,1.3584,734400,0,1,AOS
2003-03-25,27.25,27.25,26.4,27.1,1.3711,601600,0,1,AOS
2003-03-24,27.15,27.28,26,27.25,1.3786,366400,0,1,AOS
2003-03-21,26.6504,27.15,26.44,27.15,1.3736,490800,0,1,AOS
2003-03-20,26.77,27,26.26,26.65,1.3483,363600,0,1,AOS
2003-03-19,27.32,27.34,26.78,26.87,1.3594,836400,0,1,AOS
2003-03-18,27.1,27.4,26.9,27.32,1.3822,499200,0,1,AOS
2003-03-17,25.24,26.85,25.2,26.85,1.3584,587200,0,1,AOS
2003-03-14,24.59,25.42,24.25,25.29,1.2795,424000,0,1,AOS
2003-03-13,23.95,24.71,23.95,24.54,1.2415,420000,0,1,AOS
2003-03-12,24.27,24.27,23.7,23.9,1.2092,360400,0,1,AOS
2003-03-11,24.5002,24.7,24.15,24.27,1.2279,322800,0,1,AOS
2003-03-10,25.6,25.6,24.39,24.5,1.2395,619200,0,1,AOS
2003-03-07,25.26,25.85,25,25.65,1.2977,568800,0,1,AOS
2003-03-06,25.14,25.45,24.96,25.31,1.2805,277200,0,1,AOS
2003-03-05,25.01,25.35,24.97,25.14,1.2719,557200,0,1,AOS
2003-03-04,25.73,25.75,25,25,1.2648,295200,0,1,AOS
2003-03-03,25.98,26.5,25.48,25.48,1.2891,775600,0,1,AOS
2003-02-28,25.85,25.9,25.3287,25.78,1.3043,668800,0,1,AOS
2003-02-27,24.81,25.75,24.81,25.6,1.2952,910000,0,1,AOS
2003-02-26,24.68,24.85,24.34,24.66,1.2476,371200,0,1,AOS
2003-02-25,23.89,24.7,23.76,24.68,1.2486,425200,0,1,AOS
2003-02-24,23.85,24.1,23.77,23.9,1.2092,290400,0,1,AOS
2003-02-21,24.09,24.09,23.55,23.8,1.2041,737200,0,1,AOS
2003-02-20,24.36,24.38,23.98,24.08,1.2183,474000,0,1,AOS
2003-02-19,24.45,24.46,24.02,24.36,1.2324,524800,0,1,AOS
2003-02-18,24.5,24.8,24.38,24.5,1.2395,394000,0,1,AOS
2003-02-14,24.65,24.9,24.54,24.55,1.242,708000,0,1,AOS
2003-02-13,24.6,24.85,24.35,24.59,1.2441,358000,0,1,AOS
2003-02-12,25,25,24.6,24.7,1.2496,388800,0,1,AOS
2003-02-11,25.2514,25.28,24.9,24.99,1.2643,480000,0,1,AOS
2003-02-10,24.8802,25.43,24.49,25.1,1.2699,643600,0,1,AOS
2003-02-07,25.5,25.56,25.09,25.13,1.2714,752800,0,1,AOS
2003-02-06,25.85,26.21,25.45,25.48,1.2891,862000,0,1,AOS
2003-02-05,26.12,26.25,25.75,25.77,1.3038,404400,0,1,AOS
2003-02-04,25.99,26.2304,25.89,26.02,1.3164,415600,0,1,AOS
2003-02-03,26.24,26.24,25.6,25.92,1.3114,523600,0,1,AOS
2003-01-31,24.85,26.27,24.76,25.99,1.3149,718800,0,1,AOS
2003-01-30,25.5,25.6,24.79,24.85,1.2572,913600,0,1,AOS
2003-01-29,24.98,25.58,24.63,25.5,1.2901,679600,0.14,1,AOS
2003-01-28,24.9,25.25,24.68,25.04,1.2243,721600,0,1,AOS
2003-01-27,25.65,25.8,24.81,24.9,1.2175,565200,0,1,AOS
2003-01-24,26.85,26.85,25.9,25.9,1.2664,439200,0,1,AOS
2003-01-23,26.43,27.25,26.43,26.82,1.3114,1024000,0,1,AOS
2003-01-22,24.3,26.5998,24.2,26.19,1.2806,1069600,0,1,AOS
2003-01-21,25.76,25.76,24.15,24.39,1.1926,3044800,0,1,AOS
2003-01-17,26.0796,26.08,25.07,25.75,1.2591,600000,0,1,AOS
2003-01-16,26.56,26.56,25.91,26.15,1.2786,726000,0,1,AOS
2003-01-15,27.05,27.05,26.25,26.46,1.2938,800800,0,1,AOS
2003-01-14,26.9997,27.06,26.45,27.05,1.3226,634000,0,1,AOS
2003-01-13,27.49,27.63,26.82,26.99,1.3197,757600,0,1,AOS
2003-01-10,27.4,27.5,27.22,27.4,1.3397,330400,0,1,AOS
2003-01-09,27.3,27.7464,27.3,27.44,1.3417,318000,0,1,AOS
2003-01-08,27.5,27.51,27.15,27.25,1.3324,278800,0,1,AOS
2003-01-07,27.85,27.95,27.25,27.53,1.3461,569200,0,1,AOS
2003-01-06,28,28.01,27.5,27.8,1.3593,712000,0,1,AOS
2003-01-03,28.7,28.7,28.07,28.1,1.374,372400,0,1,AOS
2003-01-02,27.36,29.33,27.14,28.66,1.4013,919600,0,1,AOS
2002-12-31,27.3,27.69,27,27.01,1.3207,376800,0,1,AOS
2002-12-30,26.73,27.3,26.55,27.24,1.3319,473200,0,1,AOS
2002-12-27,27,27.06,26.68,26.73,1.307,348000,0,1,AOS
2002-12-26,27,27.25,26.89,27.05,1.3226,301200,0,1,AOS
2002-12-24,27.15,27.35,26.95,27.05,1.3226,155200,0,1,AOS
2002-12-23,27.69,27.95,27.35,27.55,1.3471,463200,0,1,AOS
2002-12-20,27.1499,27.94,27,27.94,1.3661,663600,0,1,AOS
2002-12-19,26.3,26.8,26.24,26.8,1.3104,334000,0,1,AOS
2002-12-18,26.53,26.55,26.07,26.21,1.2815,213600,0,1,AOS
2002-12-17,26.84,26.95,26.3,26.58,1.2996,218400,0,1,AOS
2002-12-16,26.31,27.2,26.31,26.84,1.3124,454800,0,1,AOS
2002-12-13,26.65,26.65,26.24,26.25,1.2835,190800,0,1,AOS
2002-12-12,26.8,26.92,26.55,26.69,1.305,264000,0,1,AOS
2002-12-11,27.3,27.4,26.5017,26.71,1.306,720400,0,1,AOS
2002-12-10,25.97,27.5,25.97,27.44,1.3417,1186000,0,1,AOS
2002-12-09,26.05,26.05,25.69,25.72,1.2576,344800,0,1,AOS
2002-12-06,26,26.05,25.63,26.05,1.2737,377200,0,1,AOS
2002-12-05,25.81,26.35,25.74,26.2,1.2811,406800,0,1,AOS
2002-12-04,26.2,26.45,25.6,25.71,1.2571,546400,0,1,AOS
2002-12-03,26.78,27.33,26.29,26.3,1.2859,542400,0,1,AOS
2002-12-02,26.68,27.1,26.2,26.78,1.3094,618000,0,1,AOS
2002-11-29,26.85,27.07,26.65,26.65,1.3031,361600,0,1,AOS
2002-11-27,25.9,26.85,25.9,26.85,1.3128,454800,0,1,AOS
2002-11-26,26.15,26.45,25.6,25.77,1.26,334000,0,1,AOS
2002-11-25,25.9,26.398,25.65,26.17,1.2796,723600,0,1,AOS
2002-11-22,26.2,26.24,25.7,25.9,1.2664,477600,0,1,AOS
2002-11-21,25.3,26.75,25.2,26.2,1.2811,716400,0,1,AOS
2002-11-20,25.03,25.3,24.89,25.23,1.2336,696000,0,1,AOS
2002-11-19,24.7,25.4,24.7,25.03,1.2239,697600,0,1,AOS
2002-11-18,25.15,25.24,24,24.7,1.2077,708000,0,1,AOS
2002-11-15,25,25.8,24.9904,25.1,1.2273,1648800,0,1,AOS
2002-11-14,22.83,25.15,22.83,24.85,1.215,2028400,0,1,AOS
2002-11-13,21.62,22.75,21.35,22.53,1.1016,1679200,0,1,AOS
2002-11-12,21.21,21.52,21.11,21.52,1.0522,1687200,0,1,AOS
2002-11-11,21.2,21.2786,20.9,21.21,1.0371,1211200,0,1,AOS
2002-11-08,21.05,21.3,20.56,20.9,1.0219,1240000,0,1,AOS
2002-11-07,21.65,21.7,20.75,20.93,1.0234,1429600,0,1,AOS
2002-11-06,21.86,21.97,21.53,21.75,1.0635,1295200,0,1,AOS
2002-11-05,22.34,22.34,21.91,21.96,1.0737,1236000,0,1,AOS
2002-11-04,22.26,22.6,22.2,22.34,1.0923,1608400,0,1,AOS
2002-11-01,22.04,22.6,21.95,22.26,1.0884,944400,0,1,AOS
2002-10-31,22,22.9,21.71,21.96,1.0737,1596400,0,1,AOS
2002-10-30,24.15,24.15,21.35,21.99,1.0752,2647200,0,1,AOS
2002-10-29,25.2,25.22,23.55,24.15,1.1808,1100400,0.14,1,AOS
2002-10-28,25.53,25.63,24.85,25.23,1.1926,648400,0,1,AOS
2002-10-25,26,26,25.42,25.5,1.2053,370000,0,1,AOS
2002-10-24,26.05,26.4,25.86,26,1.229,706000,0,1,AOS
2002-10-23,26,26.2498,25.75,25.95,1.2266,424000,0,1,AOS
2002-10-22,26.5,27,25.9,25.94,1.2261,598000,0,1,AOS
2002-10-21,26.3,27.14,25.9,26.6,1.2573,707200,0,1,AOS
2002-10-18,26.1031,26.95,26.07,26.45,1.2502,528000,0,1,AOS
2002-10-17,25.49,26.15,25.4,26.1,1.2337,613600,0,1,AOS
2002-10-16,26.2,26.2,25.201,25.24,1.193,1070800,0,1,AOS
2002-10-15,27.9,28,26.1,26.36,1.246,1274800,0,1,AOS
2002-10-14,28.25,29.3,27.4,27.65,1.3069,1581600,0,1,AOS
2002-10-11,26.25,27.5,26.25,27.35,1.2928,656400,0,1,AOS
2002-10-10,25.99,26.21,25.39,26,1.229,389200,0,1,AOS
2002-10-09,26.36,26.6,25.99,25.99,1.2285,411600,0,1,AOS
2002-10-08,26.45,26.8,25.57,26.39,1.2474,504000,0,1,AOS
2002-10-07,27.48,27.55,26.28,26.4,1.2479,353200,0,1,AOS
2002-10-04,28.63,28.8,27.27,27.55,1.3022,635200,0,1,AOS
2002-10-03,29.09,29.4,28.45,28.6,1.3518,625600,0,1,AOS
2002-10-02,29.5,29.62,29.04,29.04,1.3726,484000,0,1,AOS
2002-10-01,28.67,29.5,28.3,29.5,1.3944,624000,0,1,AOS
2002-09-30,27.57,28.5,27.5,28.42,1.3433,985600,0,1,AOS
2002-09-27,28.44,28.9,27.7,28.07,1.3268,695200,0,1,AOS
2002-09-26,25.06,29.13,25.06,28.44,1.3443,2152000,0,1,AOS
2002-09-25,25.2,25.45,24.9,25.05,1.1841,773200,0,1,AOS
2002-09-24,25.9,26.1516,24.98,25.25,1.1935,1422400,0,1,AOS
2002-09-23,27.15,27.22,26,26.12,1.2346,543600,0,1,AOS
2002-09-20,27.24,27.6,26.95,27.25,1.288,653200,0,1,AOS
2002-09-19,28.15,28.75,27.2,27.23,1.2871,682000,0,1,AOS
2002-09-18,28.9,28.91,28.2,28.21,1.3334,456400,0,1,AOS
2002-09-17,29.76,29.9511,28.95,28.95,1.3684,299200,0,1,AOS
2002-09-16,29.51,29.9,29.5,29.61,1.3996,109600,0,1,AOS
2002-09-13,29.5,29.9684,29.3,29.5,1.3944,355600,0,1,AOS
2002-09-12,29.83,29.83,29.27,29.5,1.3944,305200,0,1,AOS
2002-09-11,29.75,29.85,29.5,29.82,1.4095,185200,0,1,AOS
2002-09-10,29.82,30,29.23,29.6,1.3991,259600,0,1,AOS
2002-09-09,28.7,29.95,28.6,29.82,1.4095,442800,0,1,AOS
2002-09-06,29,29.2,28.7,29,1.3708,383200,0,1,AOS
2002-09-05,29.74,29.74,28.7993,28.8,1.3613,572400,0,1,AOS
2002-09-04,29.2509,30,29.22,29.99,1.4176,358000,0,1,AOS
2002-09-03,30.42,30.42,29.24,29.24,1.3821,504000,0,1,AOS
2002-08-30,30.4,31,30.39,30.45,1.4393,552000,0,1,AOS
2002-08-29,29.95,30.5013,29.88,30.4,1.4369,904800,0,1,AOS
2002-08-28,29.96,30,29.75,29.95,1.4157,630400,0,1,AOS
2002-08-27,30,30.25,29.74,29.98,1.4171,764400,0,1,AOS
2002-08-26,29.2,30,29.16,30,1.418,523600,0,1,AOS
2002-08-23,29.7,29.95,29.1,29.1,1.3755,368400,0,1,AOS
2002-08-22,29.95,29.95,29.51,29.82,1.4095,328800,0,1,AOS
2002-08-21,29.9,30,29.4,29.95,1.4157,442800,0,1,AOS
2002-08-20,29.53,29.95,29.45,29.84,1.4105,459600,0,1,AOS
2002-08-19,30,30.076,29.5,29.55,1.3968,579600,0,1,AOS
2002-08-16,29.7989,30.24,29.8,29.99,1.4176,453600,0,1,AOS
2002-08-15,29.97,30,29.75,29.9,1.4133,791200,0,1,AOS
2002-08-14,29.53,29.99,29.25,29.97,1.4166,1177200,0,1,AOS
2002-08-13,29.88,30,29.52,29.52,1.3953,548800,0,1,AOS
2002-08-12,29.47,29.98,29.18,29.91,1.4138,998400,0,1,AOS
2002-08-09,29.2488,29.78,28.9,29.5,1.3944,484000,0,1,AOS
2002-08-08,28.2,29.52,28.2,29.5,1.3944,679600,0,1,AOS
2002-08-07,28.15,28.4,27.275,28.2,1.3329,999600,0,1,AOS
2002-08-06,27.5986,28.25,27.6,28,1.3235,541200,0,1,AOS
2002-08-05,27.6,28.25,27.5101,27.54,1.3017,277600,0,1,AOS
2002-08-02,28.79,28.79,27.3,27.69,1.3088,455200,0,1,AOS
2002-08-01,28.75,29.02,28.6,28.79,1.3608,290400,0,1,AOS
2002-07-31,29.26,29.45,28.65,28.75,1.3589,494800,0,1,AOS
2002-07-30,30.85,30.9,29.22,29.41,1.3901,830400,0,1,AOS
2002-07-29,28.95,30.6,28.9,30.6,1.4464,1126800,0.14,1,AOS
2002-07-26,28.71,29.1,28.71,29,1.3311,470800,0,1,AOS
2002-07-25,29.01,29.12,28.69,28.71,1.3177,733600,0,1,AOS
2002-07-24,28.4606,29.15,27.68,29,1.3311,977200,0,1,AOS
2002-07-23,29.03,29.25,27.82,28.55,1.3104,1320000,0,1,AOS
2002-07-22,28.65,29.26,28.62,29.03,1.3324,972400,0,1,AOS
2002-07-19,28.75,29.15,28.3,28.65,1.315,628000,0,1,AOS
2002-07-18,28.88,29.19,28.8,28.8,1.3219,488400,0,1,AOS
2002-07-17,28.75,29.5,28.4098,28.88,1.3255,764800,0,1,AOS
2002-07-16,30.1,30.1,28.3,28.61,1.3132,880800,0,1,AOS
2002-07-15,31.95,31.95,29.9,30.1,1.3815,1708000,0,1,AOS
2002-07-12,30.85,32.75,30.4,32.1,1.4733,2512800,0,1,AOS
2002-07-11,28.25,28.25,27.4,27.98,1.2842,592000,0,1,AOS
2002-07-10,29.55,29.58,29,29,1.3311,172000,0,1,AOS
2002-07-09,29.03,29.97,28.95,29.55,1.3563,390400,0,1,AOS
2002-07-08,28.63,29.11,28.63,29.08,1.3347,596800,0,1,AOS
2002-07-05,27.93,29.05,27.9332,28.62,1.3136,382800,0,1,AOS
2002-07-03,28.71,28.71,27.05,27.85,1.2783,688800,0,1,AOS
2002-07-02,30.56,30.9,28.7,28.71,1.3177,688000,0,1,AOS
2002-07-01,31.2,31.2,30.55,30.56,1.4027,612400,0,1,AOS
2002-06-28,29.9,31.21,29.9,31.21,1.4325,1608400,0,1,AOS
2002-06-27,29.75,30,29.67,30,1.3769,612400,0,1,AOS
2002-06-26,29.5,30.24,29.2,29.95,1.3747,565600,0,1,AOS
2002-06-25,29.738,30.15,29.6,29.6,1.3586,714000,0,1,AOS
2002-06-24,28.92,29.8,28.73,29.74,1.365,744000,0,1,AOS
2002-06-21,28.05,28.82,27.95,28.82,1.3228,433200,0,1,AOS
2002-06-20,27.89,28.29,27.8,27.95,1.2829,389200,0,1,AOS
2002-06-19,28.65,29.1,27.8,27.88,1.2796,442800,0,1,AOS
2002-06-18,27.45,28.61,27.45,28.5,1.3081,340800,0,1,AOS
2002-06-17,26.99,27.6,26.99,27.55,1.2645,330000,0,1,AOS
2002-06-14,27.1,27.4,26.8,26.99,1.2388,556800,0,1,AOS
2002-06-13,25.94,26.95,25.9,26.9,1.2347,746400,0,1,AOS
2002-06-12,26.51,26.51,25.8,25.94,1.1906,1075200,0,1,AOS
2002-06-11,27.25,27.25,26.65,26.69,1.225,438000,0,1,AOS
2002-06-10,27.1,27.51,27.1,27.25,1.2507,552400,0,1,AOS
2002-06-07,27.6,27.6006,26.7,27.12,1.2448,1088800,0,1,AOS
2002-06-06,29.05,29.06,28.09,28.17,1.293,1441600,0,1,AOS
2002-06-05,29.0007,29.3,28.9,29.05,1.3333,568800,0,1,AOS
2002-06-04,29.0032,29.15,28.6,29.04,1.3329,433200,0,1,AOS
2002-06-03,29.78,29.82,29.05,29.21,1.3407,1494000,0,1,AOS
2002-05-31,29.5,29.9,29.35,29.8,1.3678,286000,0,1,AOS
2002-05-30,29.62,29.95,29.33,29.45,1.3517,400800,0,1,AOS
2002-05-29,29.38,29.6202,29.33,29.62,1.3595,610000,0,1,AOS
2002-05-28,29.3,30,29.3,29.38,1.3485,368400,0,1,AOS
2002-05-24,29.31,29.4316,29.25,29.34,1.3467,670800,0,1,AOS
2002-05-23,29.28,29.44,29.25,29.3,1.3448,548800,0,1,AOS
2002-05-22,29.9,29.91,29.25,29.3,1.3448,430000,0,1,AOS
2002-05-21,31.02,31.1,29.8,30.08,1.3806,1053600,0,1,AOS
2002-05-20,31,31.1513,31,31.02,1.4238,265600,0,1,AOS
2002-05-17,31.01,31.25,31,31.1,1.4274,697200,0,1,AOS
2002-05-16,31.1,31.1,31,31.01,1.4233,892000,0,1,AOS
2002-05-15,31.45,31.57,31,31.2,1.432,734800,0,1,AOS
2002-05-14,30.25,31.47,30.25,31.45,1.4435,1044400,0,1,AOS
2002-05-13,31.4,31.83,30.65,30.65,1.4068,576400,0,1,AOS
2002-05-10,32.1,32.2017,31.24,31.55,1.4481,1222800,0,1,AOS
2002-05-09,30.85,32.25,30.65,32.1,1.4733,1799200,0,1,AOS
2002-05-08,29.75,30.9,29.25,30.85,1.416,7706800,0,1,AOS
2002-05-07,29.3,30.6,28.73,30.4,1.3953,675600,0,1,AOS
2002-05-06,30.91,30.91,29.1,29.3,1.3448,556000,0,1,AOS
2002-05-03,31.5,31.55,30.8,31.16,1.4302,449200,0,1,AOS
2002-05-02,31.3,31.58,31,31.58,1.4495,673200,0,1,AOS
2002-05-01,30.6,31.89,30.1494,31.79,1.4591,296400,0,1,AOS
2002-04-30,29.9994,31.12,29.65,31.1,1.4274,342000,0,1,AOS
2002-04-29,29.05,29.84,28.98,29.84,1.3696,185200,0,1,AOS
2002-04-26,29.22,30.15,29.05,29.25,1.3425,161200,0.13,1,AOS
2002-04-25,29.97,30.3795,29.5,29.5,1.3182,294400,0,1,AOS
2002-04-24,29.05,30,28.9,29.97,1.3392,291600,0,1,AOS
2002-04-23,29.2,29.8,29.11,29.3,1.3093,170800,0,1,AOS
2002-04-22,29.3,29.9,29.19,29.3,1.3093,227200,0,1,AOS
2002-04-19,29.25,29.3,29,29.2,1.3048,104800,0,1,AOS
2002-04-18,29.1,29.4,28.6,29.15,1.3026,444000,0,1,AOS
2002-04-17,29.5,29.5,28.21,29,1.2959,384000,0,1,AOS
2002-04-16,28.2,29.61,28.1017,29.5,1.3182,187200,0,1,AOS
2002-04-15,28,28.85,27.05,27.95,1.2489,422800,0,1,AOS
2002-04-12,26.6,28.7,26.6,27.85,1.2445,814800,0,1,AOS
2002-04-11,27.4,27.5,25.6,25.9,1.1573,214000,0,1,AOS
2002-04-10,27.5,27.7,26.9,27.25,1.2177,89200,0,1,AOS
2002-04-09,27.05,27.5007,26.53,27.48,1.2279,330400,0,1,AOS
2002-04-08,26.15,27.2,26.1,27.05,1.2087,128400,0,1,AOS
2002-04-05,26.3,26.62,26.1,26.3,1.1752,40800,0,1,AOS
2002-04-04,26.33,26.61,26.15,26.35,1.1774,139600,0,1,AOS
2002-04-03,26.39,26.5,26.1694,26.32,1.1761,84000,0,1,AOS
2002-04-02,26.46,26.6,26.15,26.24,1.1725,67600,0,1,AOS
2002-04-01,25.5,26.7,25.32,26.36,1.1779,126400,0,1,AOS
2002-03-28,26.7,27.04,25.45,25.45,1.1372,173200,0,1,AOS
2002-03-27,26.5,27.1,26.3,26.5,1.1841,101200,0,1,AOS
2002-03-26,26.12,26.5,25.96,26.5,1.1841,81600,0,1,AOS
2002-03-25,25.75,26.2,25.5,26,1.1618,166800,0,1,AOS
2002-03-22,26.75,26.75,25.9,26,1.1618,340000,0,1,AOS
2002-03-21,27.3,27.4501,26.4,27,1.2065,257200,0,1,AOS
2002-03-20,27.8,28.04,27.55,27.55,1.2311,95200,0,1,AOS
2002-03-19,27.8,28.5,27.74,28.05,1.2534,211200,0,1,AOS
2002-03-18,26.95,27.84,26.95,27.55,1.2311,210000,0,1,AOS
2002-03-15,27.1,27.33,26.8,27.16,1.2136,224800,0,1,AOS
2002-03-14,26.55,27.37,26.55,27.2,1.2154,182400,0,1,AOS
2002-03-13,26.25,26.58,26.2,26.5,1.1841,329200,0,1,AOS
2002-03-12,26.45,26.85,26.4,26.4,1.1797,135600,0,1,AOS
2002-03-11,26.5,26.64,26.3,26.45,1.1819,136800,0,1,AOS
2002-03-08,26.08,27.3495,26.05,26.65,1.1908,683200,0,1,AOS
2002-03-07,25.5,26.4,25.19,26.05,1.164,379200,0,1,AOS
2002-03-06,24.2,25.49,24.2,25.49,1.139,210400,0,1,AOS
2002-03-05,24.55,24.75,24.05,24.05,1.0747,192000,0,1,AOS
2002-03-04,23,24.5,23,24.5,1.0948,448800,0,1,AOS
2002-03-01,22.95,23.18,22.82,23,1.0277,338800,0,1,AOS
2002-02-28,22.5017,22.95,22.45,22.95,1.0255,262000,0,1,AOS
2002-02-27,22.58,22.64,22.3001,22.42,1.0018,181600,0,1,AOS
2002-02-26,22.5,23.05,22.2,22.38,1,246000,0,1,AOS
2002-02-25,22.95,23.07,22.65,22.75,1.0166,391600,0,1,AOS
2002-02-22,22.25,23.05,21.84,23,1.0277,253200,0,1,AOS
2002-02-21,23.13,23.13,22.45,22.45,1.0032,243600,0,1,AOS
2002-02-20,22.85,23.19,22.85,23.13,1.0336,140400,0,1,AOS
2002-02-19,22.6,22.95,22.5502,22.85,1.021,124000,0,1,AOS
2002-02-15,22.92,23.1,22.6,22.6,1.0099,337200,0,1,AOS
2002-02-14,23.06,23.0699,22.75,22.93,1.0246,164400,0,1,AOS
2002-02-13,23,23.08,22.85,23.08,1.0313,232000,0,1,AOS
2002-02-12,23.05,23.1,22.9,23.09,1.0318,289600,0,1,AOS
2002-02-11,23,23.1019,22.9,23,1.0277,74400,0,1,AOS
2002-02-08,23.03,23.04,22.65,23,1.0277,154800,0,1,AOS
2002-02-07,22.05,23.2,22.05,23,1.0277,194400,0,1,AOS
2002-02-06,23,23.02,21.7,22,0.9831,204400,0,1,AOS
2002-02-05,22.85,23.35,22.7,23,1.0277,187200,0,1,AOS
2002-02-04,22.6,23.37,22.6,22.95,1.0255,118800,0,1,AOS
2002-02-01,24.67,24.67,22.65,22.65,1.0121,206800,0,1,AOS
2002-01-31,23.1,24.77,22.8,24.77,1.1068,408000,0,1,AOS
2002-01-30,21.9985,23,22,22.66,1.0126,467200,0,1,AOS
2002-01-29,23.4,23.63,22.4796,22.49,1.005,164800,0.13,1,AOS
2002-01-28,22.85,24.45,22.8496,23.49,1.0148,285600,0,1,AOS
2002-01-25,22.8,23.05,22.67,22.95,0.9915,90000,0,1,AOS
2002-01-24,21.6,23.1986,21.6,22.75,0.9828,410400,0,1,AOS
2002-01-23,20.37,21.45,20.2,21.35,0.9223,607600,0,1,AOS
2002-01-22,19.3,20.6,19.3,20.12,0.8692,226800,0,1,AOS
2002-01-18,20.55,20.56,19.25,19.25,0.8316,40000,0,1,AOS
2002-01-17,20.15,20.75,20.15,20.65,0.8921,71200,0,1,AOS
2002-01-16,19.8,20.47,19.8,20.25,0.8748,70000,0,1,AOS
2002-01-15,19.75,20.5,19.5,19.8,0.8554,178000,0,1,AOS
2002-01-14,19.7,20.38,19.7,19.95,0.8619,170800,0,1,AOS
2002-01-11,19.43,19.87,19.33,19.7,0.8511,80800,0,1,AOS
2002-01-10,19.2,20.15,19.2,19.5,0.8424,109200,0,1,AOS
2002-01-09,19.45,20.13,19.35,19.35,0.8359,127200,0,1,AOS
2002-01-08,20.17,20.17,19.2502,19.3,0.8338,336400,0,1,AOS
2002-01-07,20.2,20.53,20.1,20.17,0.8714,138000,0,1,AOS
2002-01-04,19.6989,20.35,19.69,20.28,0.8761,120400,0,1,AOS
2002-01-03,19.05,19.7,19.02,19.61,0.8472,153600,0,1,AOS
2002-01-02,19.5,19.68,19,19.15,0.8273,236800,0,1,AOS
2001-12-31,19.2,19.75,19.2,19.5,0.8424,124000,0,1,AOS
2001-12-28,18.6,19.25,18.6,19.2,0.8295,355600,0,1,AOS
2001-12-27,18.45,18.8,18.45,18.6,0.8035,107200,0,1,AOS
2001-12-26,18.3,18.65,18.25,18.4,0.7949,88800,0,1,AOS
2001-12-24,17.9199,18.27,17.89,18.25,0.7884,73200,0,1,AOS
2001-12-21,17.44,17.89,17.4,17.89,0.7729,271600,0,1,AOS
2001-12-20,17.43,17.53,17.38,17.44,0.7534,100800,0,1,AOS
2001-12-19,18.03,18.2,17.65,17.68,0.7638,162400,0,1,AOS
2001-12-18,18.07,18.12,17.81,17.92,0.7742,130000,0,1,AOS
2001-12-17,17.9,18.2,17.9,18.03,0.7789,187200,0,1,AOS
2001-12-14,17.8,18.1,17.8,18,0.7776,86800,0,1,AOS
2001-12-13,17.9,18.02,17.65,17.65,0.7625,156000,0,1,AOS
2001-12-12,18,18.0504,17.94,17.94,0.775,79200,0,1,AOS
2001-12-11,18,18.05,17.88,17.88,0.7724,186400,0,1,AOS
2001-12-10,17.93,18,17.8,17.85,0.7711,84400,0,1,AOS
2001-12-07,18.01,18.05,17.9,17.99,0.7772,99600,0,1,AOS
2001-12-06,18,18.05,17.96,18.01,0.778,139600,0,1,AOS
2001-12-05,18.085,18.15,18.05,18.1,0.7819,144400,0,1,AOS
2001-12-04,17.99,18.2,17.95,18.08,0.7811,76800,0,1,AOS
2001-12-03,17.85,18.05,17.8,17.98,0.7768,82800,0,1,AOS
2001-11-30,17.9,18.04,17.77,17.88,0.7724,100800,0,1,AOS
2001-11-29,17.7,18.02,17.675,18,0.7776,167200,0,1,AOS
2001-11-28,16.8,17.64,16.8008,17.6,0.7603,196800,0,1,AOS
2001-11-27,17.3,17.8,17.3,17.49,0.7556,127200,0,1,AOS
2001-11-26,18.05,18.1,17.2,17.2,0.7431,242400,0,1,AOS
2001-11-23,17.85,18.3,17.8492,18.05,0.7798,196800,0,1,AOS
2001-11-21,18.55,18.55,17.81,17.81,0.7694,202800,0,1,AOS
2001-11-20,18.25,18.95,18.25,18.51,0.7997,138400,0,1,AOS
2001-11-19,17.59,18.25,17.59,18.25,0.7884,214000,0,1,AOS
2001-11-16,17.62,17.65,17.52,17.6,0.7603,78000,0,1,AOS
2001-11-15,17.55,17.7,17.55,17.6,0.7603,157200,0,1,AOS
2001-11-14,17,17.55,16.95,17.55,0.7582,81600,0,1,AOS
2001-11-13,16.9,17.22,16.88,16.9,0.7301,86400,0,1,AOS
2001-11-12,16.5,16.95,16.45,16.88,0.7292,341200,0,1,AOS
2001-11-09,16.7998,17,16.4,16.45,0.7107,316000,0,1,AOS
2001-11-08,16.75,17.3,16.7,16.9,0.7301,98400,0,1,AOS
2001-11-07,16.465,16.88,16.465,16.62,0.718,169600,0,1,AOS
2001-11-06,16,16.5,16,16.5,0.7128,49200,0,1,AOS
2001-11-05,15.58,16.04,15.58,16,0.6912,138000,0,1,AOS
2001-11-02,15.7,15.75,15.5,15.55,0.6718,195600,0,1,AOS
2001-11-01,15.9,16.05,15.5,15.5,0.6696,125200,0,1,AOS
2001-10-31,15.56,16.1,15.56,15.8,0.6826,159600,0,1,AOS
2001-10-30,15.85,15.85,15.5,15.55,0.6718,142800,0,1,AOS
2001-10-29,16.21,16.65,15.85,15.85,0.6847,92400,0.13,1,AOS
2001-10-26,14.9,16.47,14.9,16.34,0.6722,1058800,0,1,AOS
2001-10-25,14.73,15.0001,14.73,14.86,0.6113,462400,0,1,AOS
2001-10-24,14.85,14.98,14.67,14.68,0.6039,218400,0,1,AOS
2001-10-23,15.09,15.1,14.8509,14.86,0.6113,116800,0,1,AOS
2001-10-22,15,15.12,14.98,15.08,0.6204,124800,0,1,AOS
2001-10-19,15,15.0194,14.75,14.95,0.615,88000,0,1,AOS
2001-10-18,15.44,15.44,14.98,15,0.6171,71200,0,1,AOS
2001-10-17,15.4,15.85,15.4,15.44,0.6352,194400,0,1,AOS
2001-10-16,15.73,15.92,15.1,15.19,0.6249,123600,0,1,AOS
2001-10-15,15.59,15.75,15.44,15.74,0.6475,78000,0,1,AOS
2001-10-12,15.7,15.77,15.37,15.5,0.6377,98400,0,1,AOS
2001-10-11,15,15.77,15,15.77,0.6488,149200,0,1,AOS
2001-10-10,14.875,14.9902,14.8,14.99,0.6167,129600,0,1,AOS
2001-10-09,15.4,15.42,14.85,14.85,0.6109,99600,0,1,AOS
2001-10-08,15.08,15.1,15.05,15.07,0.62,56400,0,1,AOS
2001-10-05,15.1592,15.25,14.95,15.04,0.6187,122400,0,1,AOS
2001-10-04,16.08,16.08,15.15,15.15,0.6233,193600,0,1,AOS
2001-10-03,16.05,16.12,15.91,16.08,0.6615,238800,0,1,AOS
2001-10-02,14.9506,16.3,14.95,16.2,0.6664,226800,0,1,AOS
2001-10-01,15,15.1193,14.75,14.95,0.615,358800,0,1,AOS
2001-09-28,17.39,17.85,17.35,17.54,0.7216,116800,0,1,AOS
2001-09-27,16.8,17.56,16.8,17.4,0.7158,215200,0,1,AOS
2001-09-26,16.8,16.83,16.7596,16.8,0.6911,86800,0,1,AOS
2001-09-25,17,17,16.8007,16.81,0.6915,119200,0,1,AOS
2001-09-24,16.15,17.1,16.15,17.05,0.7014,252000,0,1,AOS
2001-09-21,16,16,15.25,16,0.6582,220800,0,1,AOS
2001-09-20,16.4,16.46,15.75,15.85,0.652,327600,0,1,AOS
2001-09-19,16.6015,16.6,16.32,16.45,0.6767,686400,0,1,AOS
2001-09-18,16.1,16.8,16.0991,16.7,0.687,107200,0,1,AOS
2001-09-17,16.27,16.27,16,16.15,0.6644,97200,0,1,AOS
2001-09-10,16.49,16.57,16.45,16.52,0.6796,417600,0,1,AOS
2001-09-07,16.85,16.91,16.41,16.41,0.6751,84400,0,1,AOS
2001-09-06,17.15,17.1489,16.85,16.85,0.6932,128400,0,1,AOS
2001-09-05,16.9,17.2,16.85,17.15,0.7055,60400,0,1,AOS
2001-09-04,16.85,16.89,16.74,16.85,0.6932,52800,0,1,AOS
2001-08-31,16.9,17,16.849,16.85,0.6932,226000,0,1,AOS
2001-08-30,16.7,16.97,16.4,16.97,0.6981,127600,0,1,AOS
2001-08-29,16.95,16.96,16.5,16.55,0.6808,84400,0,1,AOS
2001-08-28,17.5,17.5,16.82,16.9,0.6952,92800,0,1,AOS
2001-08-27,17.04,17.55,17.04,17.54,0.7216,122800,0,1,AOS
2001-08-24,17.28,17.2997,17,17.05,0.7014,80400,0,1,AOS
2001-08-23,16.67,17.3,16.67,17.23,0.7088,101200,0,1,AOS
2001-08-22,16.96,16.96,16.65,16.67,0.6858,51600,0,1,AOS
2001-08-21,17.13,17.15,16.95,16.95,0.6973,37200,0,1,AOS
2001-08-20,17.15,17.18,17.12,17.12,0.7043,42400,0,1,AOS
2001-08-17,17.41,17.41,17.15,17.15,0.7055,89200,0,1,AOS
2001-08-16,16.81,17.41,16.81,17.41,0.7162,184000,0,1,AOS
2001-08-15,17,17.1,16.8,16.8,0.6911,133600,0,1,AOS
2001-08-14,16.95,17.05,16.95,17,0.6994,80800,0,1,AOS
2001-08-13,17.17,17.5,16.9004,16.9,0.6952,133200,0,1,AOS
2001-08-10,17.02,17.15,17,17.12,0.7043,109600,0,1,AOS
2001-08-09,17.05,17.15,16.9991,17,0.6994,74400,0,1,AOS
2001-08-08,17.35,17.52,17.1,17.1,0.7035,66000,0,1,AOS
2001-08-07,17.65,17.7,17.3,17.3,0.7117,103600,0,1,AOS
2001-08-06,17.8509,17.85,17.62,17.67,0.7269,96000,0,1,AOS
2001-08-03,17.42,17.98,17.26,17.88,0.7356,70800,0,1,AOS
2001-08-02,17.4,17.5,17.3198,17.5,0.7199,36000,0,1,AOS
2001-08-01,17.53,17.6503,17.47,17.47,0.7187,133200,0,1,AOS
2001-07-31,18.0199,18.35,17.53,17.53,0.7212,94800,0,1,AOS
2001-07-30,18.04,18.1,17.9,18.02,0.7413,286800,0,1,AOS
2001-07-27,18.25,18.29,17.94,18.04,0.7421,75600,0.13,1,AOS
2001-07-26,17.37,18.5,17.3,18.28,0.7199,262000,0,1,AOS
2001-07-25,16.7,17.4,16.5511,17.4,0.6853,324000,0,1,AOS
2001-07-24,16.35,16.84,16.35,16.84,0.6632,279600,0,1,AOS
2001-07-23,16.61,16.76,16.28,16.28,0.6412,359200,0,1,AOS
2001-07-20,17.2,17.2,16.6,16.6,0.6538,92800,0,1,AOS
2001-07-19,17.35,17.45,17.25,17.25,0.6794,77200,0,1,AOS
2001-07-18,17.4,17.43,17.3,17.36,0.6837,77200,0,1,AOS
2001-07-17,16.9991,17.35,16.71,17.35,0.6833,157600,0,1,AOS
2001-07-16,17.35,17.48,17.22,17.23,0.6786,152800,0,1,AOS
2001-07-13,17.4192,17.44,17.25,17.38,0.6845,30400,0,1,AOS
2001-07-12,17.1511,17.55,17.15,17.4,0.6853,202800,0,1,AOS
2001-07-11,17.15,17.19,17,17.17,0.6762,158800,0,1,AOS
2001-07-10,17.52,17.58,17.19,17.19,0.677,144400,0,1,AOS
2001-07-09,17.3,17.55,17.28,17.55,0.6912,124800,0,1,AOS
2001-07-06,17.8,17.8,17.25,17.3,0.6813,104800,0,1,AOS
2001-07-05,17.8988,18.1,17.82,17.85,0.703,93600,0,1,AOS
2001-07-03,18.08,18.09,17.95,17.95,0.7069,97600,0,1,AOS
2001-07-02,17.92,18.18,17.92,18.12,0.7136,197200,0,1,AOS
2001-06-29,18.28,18.79,17.2,17.9,0.705,1161600,0,1,AOS
2001-06-28,17.95,18.6,17.95,18.27,0.7195,143200,0,1,AOS
2001-06-27,17.65,18.1,17.62,17.92,0.7057,167200,0,1,AOS
2001-06-26,17.26,17.5,17.2,17.5,0.6892,673200,0,1,AOS
2001-06-25,17.32,17.38,17.25,17.25,0.6794,306000,0,1,AOS
2001-06-22,17.05,17.37,17.05,17.28,0.6805,309600,0,1,AOS
2001-06-21,16.8,17.26,16.8,17.15,0.6754,316800,0,1,AOS
2001-06-20,17.37,17.5,16.4,16.6,0.6538,328000,0,1,AOS
2001-06-19,17.44,17.49,17.3,17.35,0.6833,106800,0,1,AOS
2001-06-18,18.1,18.1,17.05,17.24,0.679,262800,0,1,AOS
2001-06-15,18.41,18.43,18.1,18.1,0.7128,210000,0,1,AOS
2001-06-14,18.65,18.7,18.44,18.44,0.7262,55200,0,1,AOS
2001-06-13,19.1,19.3,18.7,18.7,0.7365,255600,0,1,AOS
2001-06-12,18.15,18.9,18.05,18.76,0.7388,252400,0,1,AOS
2001-06-11,18.52,18.52,18.15,18.15,0.7148,94000,0,1,AOS
2001-06-08,18.74,18.9,18.57,18.57,0.7313,54400,0,1,AOS
2001-06-07,18.25,18.85,18.23,18.74,0.738,187600,0,1,AOS
2001-06-06,18.65,18.6997,18.25,18.25,0.7187,1620400,0,1,AOS
2001-06-05,18.5,18.75,18.5,18.51,0.729,224800,0,1,AOS
2001-06-04,17.15,18,17.15,17.95,0.7069,639600,0,1,AOS
2001-06-01,16.86,17.25,16.83,17.1,0.6735,90000,0,1,AOS
2001-05-31,16.9,17.25,16.65,16.85,0.6636,336400,0,1,AOS
2001-05-30,17.5,17.5004,16.85,16.85,0.6636,176800,0,1,AOS
2001-05-29,17.5999,17.94,17.5,17.5,0.6892,874000,0,1,AOS
2001-05-25,16.48,16.9,16.45,16.88,0.6648,238800,0,1,AOS
2001-05-24,17.2,17.2,16.4498,16.48,0.649,190000,0,1,AOS
2001-05-23,17.7,17.7,17.15,17.15,0.6754,144400,0,1,AOS
2001-05-22,18.0014,18,17.75,17.75,0.6991,181200,0,1,AOS
2001-05-21,17.765,18.09,17.765,18.05,0.7109,204400,0,1,AOS
2001-05-18,18.2,18.25,17.6009,17.75,0.6991,158800,0,1,AOS
2001-05-17,18.2,18.33,18.2,18.2,0.7168,196000,0,1,AOS
2001-05-16,17.95,18.25,17.95,18.15,0.7148,175600,0,1,AOS
2001-05-15,17.9,18.0005,17.85,18,0.7089,81600,0,1,AOS
2001-05-14,18.06,18.06,17.5,17.82,0.7018,85600,0,1,AOS
2001-05-11,18.25,18.28,18.05,18.05,0.7109,204000,0,1,AOS
2001-05-10,18.32,18.35,18.1,18.2,0.7168,110400,0,1,AOS
2001-05-09,18.59,18.59,18.3,18.35,0.7227,69600,0,1,AOS
2001-05-08,18.9,18.9,18.61,18.62,0.7333,70000,0,1,AOS
2001-05-07,19.03,19.05,18.82,18.82,0.7412,103600,0,1,AOS
2001-05-04,19.1,19.1,18.95,19.03,0.7495,78400,0,1,AOS
2001-05-03,19.2,19.2,19.18,19.19,0.7558,168400,0,1,AOS
2001-05-02,19.15,19.25,19.01,19.2,0.7562,152800,0,1,AOS
2001-05-01,19.12,19.3,19.12,19.2,0.7562,115200,0,1,AOS
2001-04-30,19.08,19.2,19.07,19.12,0.753,97600,0,1,AOS
2001-04-27,19.01,19.2,19,19.05,0.7503,193200,0,1,AOS
2001-04-26,18.9,19.33,18.9,19.01,0.7487,249600,0.13,1,AOS
2001-04-25,18.65,19.05,18.64,19.05,0.7195,205200,0,1,AOS
2001-04-24,18.45,18.65,18.35,18.6,0.7025,127200,0,1,AOS
2001-04-23,18.4,18.525,18.25,18.25,0.6893,66400,0,1,AOS
2001-04-20,18.5926,18.6,18.3,18.35,0.6931,55600,0,1,AOS
2001-04-19,18.8,18.82,18.4,18.6,0.7025,133200,0,1,AOS
2001-04-18,19.15,19.2,18.6982,18.7,0.7063,247600,0,1,AOS
2001-04-17,19.05,19.2,18.9,19.15,0.7233,96000,0,1,AOS
2001-04-16,18.9,19.08,18.85,19.05,0.7195,94800,0,1,AOS
2001-04-12,18.3,18.8,18.3,18.8,0.7101,142000,0,1,AOS
2001-04-11,18.6,18.6,18.2,18.2,0.6874,84000,0,1,AOS
2001-04-10,18.7,18.81,18.6,18.64,0.704,130000,0,1,AOS
2001-04-09,19.15,19.15,18.6,18.64,0.704,95200,0,1,AOS
2001-04-06,19.15,19.2,18.88,19.15,0.7233,90400,0,1,AOS
2001-04-05,18.65,19.2,18.65,19.2,0.7252,55200,0,1,AOS
2001-04-04,19,19,18.5993,18.6,0.7025,182800,0,1,AOS
2001-04-03,18.9,19.05,18.65,19.05,0.7195,187200,0,1,AOS
2001-04-02,19.51,19.53,18.95,18.96,0.7161,213600,0,1,AOS
2001-03-30,17.9,19.55,17.9,19.53,0.7377,370000,0,1,AOS
2001-03-29,18.25,18.35,17.8,17.8,0.6723,190000,0,1,AOS
2001-03-28,18.95,19,18.14,18.14,0.6852,374400,0,1,AOS
2001-03-27,19.6,19.61,19,19.01,0.718,174000,0,1,AOS
2001-03-26,19.13,19.7011,19.13,19.7,0.7441,83200,0,1,AOS
2001-03-23,18.35,19.15,18.35,19.03,0.7188,90000,0,1,AOS
2001-03-22,18.8,18.8,17.85,18.4,0.695,136800,0,1,AOS
2001-03-21,19.15,19.15,18.9,18.9,0.7139,50800,0,1,AOS
2001-03-20,19.12,19.3496,19,19.25,0.7271,91600,0,1,AOS
2001-03-19,18.85,19.12,18.85,19.12,0.7222,46000,0,1,AOS
2001-03-16,19.45,19.45,18.85,18.85,0.712,169600,0,1,AOS
2001-03-15,19.4,19.4,19.1,19.3,0.729,98400,0,1,AOS
2001-03-14,19.8,19.86,19.4,19.45,0.7346,58000,0,1,AOS
2001-03-13,19.9,19.9,19.55,19.85,0.7498,90000,0,1,AOS
2001-03-12,19.9,20.1,19.82,19.9,0.7516,128800,0,1,AOS
2001-03-09,19.6,20,19.6,20,0.7554,143200,0,1,AOS
2001-03-08,19.88,19.89,19.75,19.8,0.7479,132000,0,1,AOS
2001-03-07,19.4,19.88,19.3995,19.87,0.7505,216400,0,1,AOS
2001-03-06,19.6,19.7,19.4,19.4,0.7328,94000,0,1,AOS
2001-03-05,19.65,19.74,19.55,19.55,0.7384,106000,0,1,AOS
2001-03-02,18.55,19.7,18.55,19.7,0.7441,165600,0,1,AOS
2001-03-01,18.5,18.7,18.5,18.54,0.7003,64000,0,1,AOS
2001-02-28,18.81,18.81,18.48,18.52,0.6995,97200,0,1,AOS
2001-02-27,18.55,18.9004,18.5,18.8,0.7101,356400,0,1,AOS
2001-02-26,18.35,19,18.3505,18.54,0.7003,196000,0,1,AOS
2001-02-23,18.3,18.4803,18.25,18.4,0.695,219600,0,1,AOS
2001-02-22,18.33,18.5,18.15,18.2,0.6874,215200,0,1,AOS
2001-02-21,17.96,18.65,17.96,18.33,0.6923,212400,0,1,AOS
2001-02-20,17.45,18,17.45,18,0.6799,202800,0,1,AOS
2001-02-16,17.9,17.9,17.4,17.65,0.6667,118800,0,1,AOS
2001-02-15,17.85,18,17.79,18,0.6799,372400,0,1,AOS
2001-02-14,17.9,17.9,17.75,17.84,0.6738,64000,0,1,AOS
2001-02-13,17.85,17.99,17.85,17.9,0.6761,139600,0,1,AOS
2001-02-12,17.6991,18,17.3,17.99,0.6795,248800,0,1,AOS
2001-02-09,18.37,18.37,17.84,17.9,0.6761,208000,0,1,AOS
2001-02-08,18.6,18.7,18.31,18.37,0.6939,274000,0,1,AOS
2001-02-07,18.15,18.6,18.15,18.58,0.7018,75600,0,1,AOS
2001-02-06,17.93,18.11,17.93,18.05,0.6818,54000,0,1,AOS
2001-02-05,17.8,18.1,17.8,17.93,0.6772,241200,0,1,AOS
2001-02-02,17.1991,17.7,17.2,17.64,0.6663,128400,0,1,AOS
2001-02-01,16.85,17.2,16.6,17.2,0.6497,316000,0,1,AOS
2001-01-31,16.65,17,16.6,16.9,0.6383,211600,0,1,AOS
2001-01-30,16.48,16.72,16.48,16.65,0.6289,121200,0,1,AOS
2001-01-29,16.29,16.63,16.29,16.45,0.6213,321600,0.13,1,AOS
2001-01-26,16.125,16.375,16,16.313,0.5867,232800,0,1,AOS
2001-01-25,16.313,16.438,16.125,16.125,0.5799,294000,0,1,AOS
2001-01-24,15.9391,16.25,15.875,16.188,0.5822,1581600,0,1,AOS
2001-01-23,16.25,16.25,15.938,16,0.5754,267600,0,1,AOS
2001-01-22,16.313,16.5,16.188,16.188,0.5822,136000,0,1,AOS
2001-01-19,16.625,16.625,16.188,16.313,0.5867,148000,0,1,AOS
2001-01-18,16.5,16.625,16.5,16.625,0.5979,114400,0,1,AOS
2001-01-17,16.813,16.813,16.625,16.625,0.5979,88000,0,1,AOS
2001-01-16,16.625,16.813,16.625,16.813,0.6047,93600,0,1,AOS
2001-01-12,16.9996,17,16.688,16.688,0.6002,128400,0,1,AOS
2001-01-11,17.063,17.063,16.875,17,0.6114,138400,0,1,AOS
2001-01-10,17.0637,17.063,16.813,17,0.6114,229200,0,1,AOS
2001-01-09,16.813,17.125,16.75,17,0.6114,193200,0,1,AOS
2001-01-08,17,17,16.75,16.75,0.6024,43600,0,1,AOS
2001-01-05,17.5,17.5,16.813,16.938,0.6092,154000,0,1,AOS
2001-01-04,17.5,17.563,17,17.563,0.6316,213600,0,1,AOS
2001-01-03,16.8141,17.5,16.813,17.5,0.6294,214800,0,1,AOS
2001-01-02,17.125,17.188,16.813,16.875,0.6069,117600,0,1,AOS
2000-12-29,17.063,17.063,16.688,17.063,0.6136,268000,0,1,AOS
2000-12-28,17,17.188,16.875,17.188,0.6181,301600,0,1,AOS
2000-12-27,16.813,17.063,16.625,17,0.6114,304800,0,1,AOS
2000-12-26,16,16.813,16,16.563,0.5957,132400,0,1,AOS
2000-12-22,15.813,16,15.813,16,0.5754,109600,0,1,AOS
2000-12-21,16,16,15.875,15.875,0.5709,163600,0,1,AOS
2000-12-20,16.063,16.063,15.875,16,0.5754,250000,0,1,AOS
2000-12-19,15.813,16.188,15.813,16.125,0.5799,462400,0,1,AOS
2000-12-18,16.313,16.313,15.688,15.75,0.5664,169600,0,1,AOS
2000-12-15,16.125,16.375,16.125,16.25,0.5844,229600,0,1,AOS
2000-12-14,16.625,16.625,16.25,16.313,0.5867,110800,0,1,AOS
2000-12-13,16.625,16.75,16.563,16.688,0.6002,212800,0,1,AOS
2000-12-12,16.75,17,16.75,16.813,0.6047,242400,0,1,AOS
2000-12-11,16.875,16.8737,16.625,16.813,0.6047,173200,0,1,AOS
2000-12-08,16.938,16.938,16.875,16.938,0.6092,66000,0,1,AOS
2000-12-07,16.938,17,16.875,16.938,0.6092,159600,0,1,AOS
2000-12-06,16.813,16.875,16.75,16.875,0.6069,72000,0,1,AOS
2000-12-05,16.688,17,16.688,16.875,0.6069,168400,0,1,AOS
2000-12-04,16.813,16.938,16.688,16.875,0.6069,120400,0,1,AOS
2000-12-01,16.688,17,16.688,16.813,0.6047,149200,0,1,AOS
2000-11-30,16.813,16.875,16.625,16.625,0.5979,170800,0,1,AOS
2000-11-29,17.25,17.313,16.8116,16.875,0.6069,102000,0,1,AOS
2000-11-28,16.875,17.25,16.875,17.25,0.6204,90400,0,1,AOS
2000-11-27,16.813,17.063,16.75,17,0.6114,175600,0,1,AOS
2000-11-24,16.875,16.875,16.8123,16.875,0.6069,46000,0,1,AOS
2000-11-22,16.875,17,16.813,16.875,0.6069,75600,0,1,AOS
2000-11-21,16.75,16.875,16.75,16.813,0.6047,43600,0,1,AOS
2000-11-20,16.813,16.813,16.719,16.75,0.6024,331600,0,1,AOS
2000-11-17,16.813,16.875,16.75,16.875,0.6069,123600,0,1,AOS
2000-11-16,16.563,16.813,16.563,16.813,0.6047,148000,0,1,AOS
2000-11-15,16.375,16.688,16.375,16.688,0.6002,145600,0,1,AOS
2000-11-14,16.375,16.375,16.188,16.375,0.5889,561600,0,1,AOS
2000-11-13,16.063,16.5,16.063,16.375,0.5889,125200,0,1,AOS
2000-11-10,16,16.125,15.75,16.125,0.5799,228000,0,1,AOS
2000-11-09,16.125,16.125,15.813,16.063,0.5777,172800,0,1,AOS
2000-11-08,16.125,16.1255,15.938,16.125,0.5799,124000,0,1,AOS
2000-11-07,15.938,16.125,15.813,16.125,0.5799,253200,0,1,AOS
2000-11-06,15.938,15.938,15.875,15.938,0.5732,595600,0,1,AOS
2000-11-03,15.563,15.938,15.5,15.938,0.5732,670000,0,1,AOS
2000-11-02,15,15.5,14.938,15.5,0.5575,516400,0,1,AOS
2000-11-01,14.063,14.875,14,14.875,0.535,151600,0,1,AOS
2000-10-31,13.9368,14.125,13.688,14.125,0.508,259200,0,1,AOS
2000-10-30,13.375,13.938,13.375,13.875,0.499,102000,0,1,AOS
2000-10-27,13.438,13.438,13.125,13.438,0.4833,686800,0.13,1,AOS
2000-10-26,13.813,13.813,13.563,13.563,0.4597,293200,0,1,AOS
2000-10-25,13.75,13.813,13.625,13.813,0.4682,961200,0,1,AOS
2000-10-24,13.75,13.75,13.625,13.75,0.4661,244800,0,1,AOS
2000-10-23,13.6872,13.813,13.625,13.813,0.4682,249600,0,1,AOS
2000-10-20,13.75,13.75,13.5,13.688,0.464,268800,0,1,AOS
2000-10-19,13.75,13.813,13.063,13.75,0.4661,612000,0,1,AOS
2000-10-18,13.938,14.188,13.625,14.188,0.4809,348400,0,1,AOS
2000-10-17,14.063,14.063,14,14,0.4745,77200,0,1,AOS
2000-10-16,13.875,14.1252,13.875,14,0.4745,247200,0,1,AOS
2000-10-13,13.563,13.813,13.438,13.813,0.4682,141600,0,1,AOS
2000-10-12,13.688,13.688,13.5,13.625,0.4618,160800,0,1,AOS
2000-10-11,13.875,13.875,13.6254,13.75,0.4661,235200,0,1,AOS
2000-10-10,13.438,13.875,13.25,13.875,0.4703,455200,0,1,AOS
2000-10-09,13.5,13.5,13.25,13.5,0.4576,169200,0,1,AOS
2000-10-06,13.563,14,13.5,13.625,0.4618,155200,0,1,AOS
2000-10-05,13.375,13.563,13.25,13.5,0.4576,184000,0,1,AOS
2000-10-04,12.875,13.438,12.875,13.375,0.4534,185200,0,1,AOS
2000-10-03,12.5,12.75,12.5,12.75,0.4322,244800,0,1,AOS
2000-10-02,12.688,12.813,12.5,12.5,0.4237,566800,0,1,AOS
2000-09-29,12.813,12.813,12.563,12.563,0.4258,290400,0,1,AOS
2000-09-28,12.563,12.75,12.5,12.75,0.4322,414400,0,1,AOS
2000-09-27,12.125,12.563,12.125,12.5,0.4237,582000,0,1,AOS
2000-09-26,12.125,12.438,11.938,12,0.4068,682000,0,1,AOS
2000-09-25,11.813,12.188,11.7504,12.063,0.4089,631600,0,1,AOS
2000-09-22,11.938,11.938,11.188,11.75,0.3983,461200,0,1,AOS
2000-09-21,12.438,12.5,11.875,11.938,0.4046,535600,0,1,AOS
2000-09-20,12.125,12.5,12.125,12.438,0.4216,265600,0,1,AOS
2000-09-19,12.125,12.875,12.063,12.125,0.411,484000,0,1,AOS
2000-09-18,13.25,13.25,11.999,12,0.4068,1195200,0,1,AOS
2000-09-15,13.125,13.375,13.125,13.313,0.4512,331200,0,1,AOS
2000-09-14,13.75,13.875,12.5,13.25,0.4491,1436800,0,1,AOS
2000-09-13,14.75,14.75,14.625,14.75,0.5,152800,0,1,AOS
2000-09-12,14.875,14.938,14.625,14.625,0.4957,1510800,0,1,AOS
2000-09-11,15.188,15.188,14.875,14.875,0.5042,181600,0,1,AOS
2000-09-08,15.2494,15.313,15.188,15.188,0.5148,212800,0,1,AOS
2000-09-07,15.188,15.375,15.125,15.25,0.5169,226800,0,1,AOS
2000-09-06,15.563,15.563,15.1874,15.188,0.5148,193600,0,1,AOS
2000-09-05,15.4997,15.563,15.313,15.563,0.5275,218800,0,1,AOS
2000-09-01,15.75,15.75,15.5,15.625,0.5296,150000,0,1,AOS
2000-08-31,15.938,15.938,15.688,15.75,0.5339,290800,0,1,AOS
2000-08-30,15.75,15.938,15.7518,15.938,0.5402,77200,0,1,AOS
2000-08-29,16,16,15.625,15.625,0.5296,197200,0,1,AOS
2000-08-28,16,16,15.938,16,0.5423,182800,0,1,AOS
2000-08-25,16.063,16.063,16,16,0.5423,294400,0,1,AOS
2000-08-24,16.0622,16.188,16,16.125,0.5466,88800,0,1,AOS
2000-08-23,16.125,16.125,16.063,16.063,0.5445,220000,0,1,AOS
2000-08-22,16.188,16.25,16.125,16.188,0.5487,424800,0,1,AOS
2000-08-21,16.375,16.438,16,16.188,0.5487,206400,0,1,AOS
2000-08-18,16.5,16.5,16.313,16.375,0.5551,110800,0,1,AOS
2000-08-17,16.313,16.313,16.125,16.313,0.5529,72400,0,1,AOS
2000-08-16,16.5,16.5,16.063,16.313,0.5529,145600,0,1,AOS
2000-08-15,16.625,16.813,16.5,16.5,0.5593,85600,0,1,AOS
2000-08-14,16.875,16.938,16.563,16.563,0.5614,219600,0,1,AOS
2000-08-11,16.063,16.125,16.063,16.063,0.5445,148000,0,1,AOS
2000-08-10,16.5,16.5,16.063,16.063,0.5445,126000,0,1,AOS
2000-08-09,16.875,16.875,16.438,16.5,0.5593,143200,0,1,AOS
2000-08-08,16.375,16.375,16.125,16.188,0.5487,176400,0,1,AOS
2000-08-07,16.188,16.5,16.063,16.313,0.5529,126400,0,1,AOS
2000-08-04,15.563,16.063,15.563,16.063,0.5445,181200,0,1,AOS
2000-08-03,15.938,15.938,15.688,15.688,0.5317,143200,0,1,AOS
2000-08-02,15.875,15.938,15.688,15.938,0.5402,271200,0,1,AOS
2000-08-01,15.875,16,15.875,15.875,0.5381,91600,0,1,AOS
2000-07-31,15.875,16.125,15.813,16.125,0.5466,204400,0,1,AOS
2000-07-28,15.875,15.875,15.563,15.813,0.536,589600,0,1,AOS
2000-07-27,16.25,16.25,15.625,15.875,0.5381,168000,0.13,1,AOS
2000-07-26,16.438,16.563,16.125,16.438,0.5307,301200,0,1,AOS
2000-07-25,16.563,16.563,16,16.25,0.5247,356400,0,1,AOS
2000-07-24,16.688,16.938,16.5649,16.625,0.5368,227200,0,1,AOS
2000-07-21,17.375,17.5,16.9377,16.938,0.5469,138400,0,1,AOS
2000-07-20,17,17.5,16.938,17.25,0.557,181200,0,1,AOS
2000-07-19,17.25,17.375,17,17,0.5489,285600,0,1,AOS
2000-07-18,18.313,18.313,17.25,17.25,0.557,622800,0,1,AOS
2000-07-17,19.5,19.5,18.25,18.313,0.5913,628000,0,1,AOS
2000-07-14,20.1872,20.188,19.938,20,0.6458,169200,0,1,AOS
2000-07-13,20.313,20.313,20.063,20.188,0.6518,98800,0,1,AOS
2000-07-12,20.5,20.5,20,20.313,0.6558,168000,0,1,AOS
2000-07-11,20.5,20.625,20.375,20.563,0.6639,132400,0,1,AOS
2000-07-10,20.75,20.875,20.438,20.5,0.6619,231600,0,1,AOS
2000-07-07,21,21,20.375,20.875,0.674,132000,0,1,AOS
2000-07-06,20.875,21,20.5,21,0.678,544000,0,1,AOS
2000-07-05,21.375,21.375,20.938,21,0.678,192400,0,1,AOS
2000-07-03,20.938,21.375,20.938,21.375,0.6902,42000,0,1,AOS
2000-06-30,20.625,21.125,20.563,20.922,0.6755,111600,0,1,AOS
2000-06-29,21.188,21.25,20.625,20.625,0.6659,130000,0,1,AOS
2000-06-28,20.563,21.25,20.563,21.25,0.6861,261600,0,1,AOS
2000-06-27,19.75,20.5,19.75,20.375,0.6579,204000,0,1,AOS
2000-06-26,19.188,19.625,19.188,19.625,0.6337,240000,0,1,AOS
2000-06-23,19.875,19.875,19,19.063,0.6155,277600,0,1,AOS
2000-06-22,20.75,20.75,20,20,0.6458,170800,0,1,AOS
2000-06-21,21.375,21.375,19.813,20.625,0.6659,278800,0,1,AOS
2000-06-20,22.25,22.25,21.25,21.25,0.6861,190800,0,1,AOS
2000-06-19,21.188,22.188,21.188,22.188,0.7164,166800,0,1,AOS
2000-06-16,21.4372,21.688,21.125,21.125,0.6821,150400,0,1,AOS
2000-06-15,21.25,21.438,21.125,21.438,0.6922,86400,0,1,AOS
2000-06-14,21,21.438,21,21.25,0.6861,49600,0,1,AOS
2000-06-13,20.688,21.125,20.688,21.125,0.6821,79600,0,1,AOS
2000-06-12,21,21,20.625,20.625,0.6659,104800,0,1,AOS
2000-06-09,21,21.188,21.0013,21.063,0.6801,64000,0,1,AOS
2000-06-08,21.25,21.25,21,21,0.678,123600,0,1,AOS
2000-06-07,21,21.375,20.813,21.375,0.6902,99600,0,1,AOS
2000-06-06,21.375,21.625,21,21,0.678,212400,0,1,AOS
2000-06-05,21.563,22,21.313,21.313,0.6881,68400,0,1,AOS
2000-06-02,21.313,21.313,21.1256,21.313,0.6881,89200,0,1,AOS
2000-06-01,21,21.188,20.875,21.188,0.6841,222000,0,1,AOS
2000-05-31,21,21.063,20.875,21,0.678,76000,0,1,AOS
2000-05-30,20.875,20.938,20.688,20.938,0.676,126400,0,1,AOS
2000-05-26,20.813,20.875,20.75,20.75,0.67,85600,0,1,AOS
2000-05-25,20.7501,21,20.75,20.813,0.672,91200,0,1,AOS
2000-05-24,20.875,20.938,20.625,20.75,0.67,111600,0,1,AOS
2000-05-23,21.438,21.438,20.875,20.938,0.676,153600,0,1,AOS
2000-05-22,21.188,21.625,21,21.563,0.6962,239200,0,1,AOS
2000-05-19,21.063,21.188,20.75,21.188,0.6841,325600,0,1,AOS
2000-05-18,21.813,21.813,20.938,21,0.678,352000,0,1,AOS
2000-05-17,22.313,22.313,21.813,21.813,0.7043,183600,0,1,AOS
2000-05-16,22.688,22.813,22.375,22.438,0.7245,163200,0,1,AOS
2000-05-15,22.063,22.625,22.063,22.625,0.7305,97200,0,1,AOS
2000-05-12,22.25,22.375,22.063,22.063,0.7124,64800,0,1,AOS
2000-05-11,20.875,22.25,20.875,22.25,0.7184,192400,0,1,AOS
2000-05-10,21.75,21.7513,20.688,20.75,0.67,88800,0,1,AOS
2000-05-09,22.063,22.125,21.688,21.688,0.7002,159600,0,1,AOS
2000-05-08,22.25,22.313,22.063,22.125,0.7144,38800,0,1,AOS
2000-05-05,21.875,22.313,21.875,22.313,0.7204,101200,0,1,AOS
2000-05-04,21.063,21.875,21.063,21.875,0.7063,94800,0,1,AOS
2000-05-03,21.5,21.5,21,21.063,0.6801,184800,0,1,AOS
2000-05-02,21.438,21.938,21.313,21.5,0.6942,195600,0,1,AOS
2000-05-01,20.563,21.5,20.563,21.438,0.6922,182400,0,1,AOS
2000-04-28,20,20.563,20,20.563,0.6639,76000,0,1,AOS
2000-04-27,20,20.25,19.875,20,0.6458,130800,0,1,AOS
2000-04-26,18.938,20.063,18.938,20.063,0.6478,190000,0.12,1,AOS
2000-04-25,18.5,19.188,18.438,19.125,0.5943,121200,0,1,AOS
2000-04-24,19.438,19.5,18.25,18.25,0.5671,205200,0,1,AOS
2000-04-20,18.438,19.25,18.25,19.25,0.5981,208000,0,1,AOS
2000-04-19,18.8756,19.063,18.25,18.438,0.5729,289600,0,1,AOS
2000-04-18,20.3142,20.313,19.063,19.063,0.5923,439200,0,1,AOS
2000-04-17,20.5,20.75,20.125,20.5,0.637,295600,0,1,AOS
2000-04-14,19.25,20.8758,19.188,20.625,0.6409,531600,0,1,AOS
2000-04-13,18.438,19.125,18.375,19.125,0.5943,290800,0,1,AOS
2000-04-12,18.375,18.938,18.375,18.5,0.5748,159600,0,1,AOS
2000-04-11,18.4391,18.563,18.25,18.5,0.5748,76800,0,1,AOS
2000-04-10,18.563,18.688,18.438,18.5,0.5748,120400,0,1,AOS
2000-04-07,18.125,18.625,18.125,18.625,0.5787,74400,0,1,AOS
2000-04-06,18,18.688,17.938,18.063,0.5612,186000,0,1,AOS
2000-04-05,18.188,18.188,17.813,18,0.5593,143200,0,1,AOS
2000-04-04,18.375,18.625,18.063,18.125,0.5632,307200,0,1,AOS
2000-04-03,18.188,18.563,18.125,18.375,0.571,157600,0,1,AOS
2000-03-31,17.938,18.125,17.937,18,0.5593,226000,0,1,AOS
2000-03-30,17.2499,18,17.25,17.75,0.5515,170400,0,1,AOS
2000-03-29,17.2496,17.375,17.125,17.313,0.5379,212400,0,1,AOS
2000-03-28,17.375,17.563,17.25,17.25,0.536,146400,0,1,AOS
2000-03-27,17,17.188,17,17.188,0.5341,118000,0,1,AOS
2000-03-24,17.25,17.25,16.875,17.125,0.5321,315600,0,1,AOS
2000-03-23,17.313,17.375,16.875,17.313,0.5379,169200,0,1,AOS
2000-03-22,17.25,17.75,17.188,17.25,0.536,357600,0,1,AOS
2000-03-21,16.875,17.125,16.688,17.125,0.5321,148800,0,1,AOS
2000-03-20,16.5,17,16.5,16.813,0.5224,107200,0,1,AOS
2000-03-17,16.25,16.5,16.188,16.313,0.5069,423600,0,1,AOS
2000-03-16,16.125,16.5,16.125,16.375,0.5088,508800,0,1,AOS
2000-03-15,15.625,15.688,14.938,15.25,0.4739,536800,0,1,AOS
2000-03-14,16.0007,16.125,15,15,0.4661,486000,0,1,AOS
2000-03-13,16.125,16.1246,15.875,15.875,0.4933,185200,0,1,AOS
2000-03-10,15.875,16,15.75,15.938,0.4952,169200,0,1,AOS
2000-03-09,16.313,16.313,15.7497,16,0.4972,229200,0,1,AOS
2000-03-08,16.313,16.375,15.5,16.375,0.5088,381600,0,1,AOS
2000-03-07,16.25,16.25,16,16.063,0.4991,96000,0,1,AOS
2000-03-06,16.25,16.313,16.188,16.25,0.5049,131200,0,1,AOS
2000-03-03,16.5,16.5,16.188,16.375,0.5088,262000,0,1,AOS
2000-03-02,16.688,16.75,15.875,16.375,0.5088,640000,0,1,AOS
2000-03-01,17.25,17.313,16.688,16.688,0.5185,300000,0,1,AOS
2000-02-29,17.5,17.875,17.25,17.25,0.536,147600,0,1,AOS
2000-02-28,17.75,17.75,17.313,17.563,0.5457,101200,0,1,AOS
2000-02-25,17.8758,18,17.563,17.625,0.5477,226800,0,1,AOS
2000-02-24,17.625,17.75,17.375,17.688,0.5496,351600,0,1,AOS
2000-02-23,17.5,17.75,17.438,17.625,0.5477,432000,0,1,AOS
2000-02-22,17.3746,17.563,17.188,17.5,0.5438,183600,0,1,AOS
2000-02-18,17.438,17.438,17,17.125,0.5321,106000,0,1,AOS
2000-02-17,17.375,17.938,17.375,17.375,0.5399,272400,0,1,AOS
2000-02-16,17.188,17.188,16.8743,17.188,0.5341,175200,0,1,AOS
2000-02-15,17.25,17.25,16.688,17.188,0.5341,312000,0,1,AOS
2000-02-14,17.5,17.5,17.188,17.313,0.5379,73600,0,1,AOS
2000-02-11,17.438,17.813,17.438,17.563,0.5457,189600,0,1,AOS
2000-02-10,17.938,17.938,17.313,17.563,0.5457,207600,0,1,AOS
2000-02-09,18,18,17.438,17.75,0.5515,222400,0,1,AOS
2000-02-08,19.125,19.1867,18,18.063,0.5612,515200,0,1,AOS
2000-02-07,19.313,19.313,18.75,19.125,0.5943,402400,0,1,AOS
2000-02-04,18.813,19.125,18.438,18.875,0.5865,340800,0,1,AOS
2000-02-03,19.75,19.75,18.875,18.938,0.5884,197200,0,1,AOS
2000-02-02,19.563,19.688,19.438,19.625,0.6098,171600,0,1,AOS
2000-02-01,19.688,19.688,19.375,19.438,0.604,168000,0,1,AOS
2000-01-31,19.875,20.25,19.688,19.75,0.6137,268000,0,1,AOS
2000-01-28,20.313,20.563,19.875,19.875,0.6176,192400,0,1,AOS
2000-01-27,20.813,20.813,20.25,20.313,0.6312,223600,0.12,1,AOS
2000-01-26,21.375,21.375,20.938,20.938,0.6282,140800,0,1,AOS
2000-01-25,22.25,22.25,21.313,21.375,0.6413,251200,0,1,AOS
2000-01-24,22.438,23.125,22.375,22.5,0.6751,180000,0,1,AOS
2000-01-21,21.5,22.313,21.25,22.313,0.6695,572800,0,1,AOS
2000-01-20,22.063,22.063,21.375,21.563,0.647,145600,0,1,AOS
2000-01-19,22,22,21.625,21.938,0.6582,97200,0,1,AOS
2000-01-18,21.75,21.75,21.4987,21.563,0.647,30000,0,1,AOS
2000-01-14,21.563,21.875,21.5,21.875,0.6563,55200,0,1,AOS
2000-01-13,21.125,21.563,21,21.438,0.6432,106000,0,1,AOS
2000-01-12,21.75,21.75,21.125,21.125,0.6338,122800,0,1,AOS
2000-01-11,22.063,22.125,21.875,21.875,0.6563,127200,0,1,AOS
2000-01-10,22.125,22.125,21.7493,22.125,0.6638,128400,0,1,AOS
2000-01-07,21.125,21.8748,21.125,21.875,0.6563,106000,0,1,AOS
2000-01-06,21.25,21.313,21,21,0.6301,161200,0,1,AOS
2000-01-05,21.5,21.5,20.938,21.313,0.6395,188400,0,1,AOS
2000-01-04,21.625,21.999,21.375,21.375,0.6413,164400,0,1,AOS
2000-01-03,21.813,21.875,21.438,21.688,0.6507,113200,0,1,AOS
1999-12-31,21.875,21.875,21.625,21.875,0.6563,43200,0,1,AOS
1999-12-30,22,22.25,21.875,21.875,0.6563,148800,0,1,AOS
1999-12-29,21.563,22,21.563,22,0.6601,102000,0,1,AOS
1999-12-28,21.625,21.625,21.125,21.313,0.6395,201600,0,1,AOS
1999-12-27,21.438,22,21.438,21.625,0.6488,103600,0,1,AOS
1999-12-23,21.563,22,21.188,21.188,0.6357,107200,0,1,AOS
1999-12-22,21.2501,21.688,21.25,21.563,0.647,100800,0,1,AOS
1999-12-21,22,22,21.125,21.188,0.6357,133600,0,1,AOS
1999-12-20,21.375,22.188,21.375,21.938,0.6582,319200,0,1,AOS
1999-12-17,20.125,21.5,20.125,21.25,0.6376,492000,0,1,AOS
1999-12-16,19.375,19.938,19.375,19.813,0.5945,401200,0,1,AOS
1999-12-15,19,19.3144,19,19.25,0.5776,455200,0,1,AOS
1999-12-14,18.9999,19.25,18.875,19,0.5701,1337200,0,1,AOS
1999-12-13,19.063,19.125,18.875,19.125,0.5738,316800,0,1,AOS
1999-12-10,19.25,19.375,18.813,19,0.5701,211200,0,1,AOS
1999-12-09,19.125,19.5,19,19.125,0.5738,494400,0,1,AOS
1999-12-08,19.625,19.688,19.188,19.25,0.5776,604000,0,1,AOS
1999-12-07,20.313,20.313,19.5,19.5,0.5851,378000,0,1,AOS
1999-12-06,20.688,20.813,20.125,20.375,0.6113,162000,0,1,AOS
1999-12-03,21.313,21.438,20.625,20.625,0.6188,128400,0,1,AOS
1999-12-02,21.375,21.438,21.063,21.25,0.6376,418800,0,1,AOS
1999-12-01,21.938,21.938,21.438,21.5,0.6451,64000,0,1,AOS
1999-11-30,22.125,22.125,21.938,22,0.6601,114000,0,1,AOS
1999-11-29,21.438,22.125,21.438,22.125,0.6638,207600,0,1,AOS
1999-11-26,21.438,21.5,21.438,21.438,0.6432,9600,0,1,AOS
1999-11-24,21.438,21.563,21.063,21.313,0.6395,193200,0,1,AOS
1999-11-23,21.75,21.813,21.375,21.375,0.6413,127200,0,1,AOS
1999-11-22,22.375,22.375,21.75,21.75,0.6526,169600,0,1,AOS
1999-11-19,22.625,22.625,22.313,22.313,0.6695,99600,0,1,AOS
1999-11-18,22.7505,22.875,22.5,22.563,0.677,78000,0,1,AOS
1999-11-17,22.6895,22.813,22.688,22.75,0.6826,81600,0,1,AOS
1999-11-16,22.375,22.938,22.375,22.813,0.6845,138400,0,1,AOS
1999-11-15,22.563,22.75,22,22.25,0.6676,190800,0,1,AOS
1999-11-12,22.5,22.563,22.5,22.563,0.677,55600,0,1,AOS
1999-11-11,23,23.063,22.625,22.625,0.6788,157200,0,1,AOS
1999-11-10,24.5,24.5,23,23,0.6901,252400,0,1,AOS
1999-11-09,24.5,24.688,24.5,24.563,0.737,100800,0,1,AOS
1999-11-08,24.813,24.875,24.625,24.75,0.7426,80400,0,1,AOS
1999-11-05,25,25,24.875,24.875,0.7463,28800,0,1,AOS
1999-11-04,25.3744,25.375,24.875,25,0.7501,94000,0,1,AOS
1999-11-03,25,25.5,25,25.313,0.7595,79600,0,1,AOS
1999-11-02,25,25.375,24.688,24.938,0.7482,135600,0,1,AOS
1999-11-01,24.5,25.189,24.5,25.125,0.7538,134800,0,1,AOS
2019-10-31,83.77,84.35,82.92,83.61,83.61,4614003,0,1,ABT
2019-10-30,83.32,84.09,82.9,84.01,84.01,3532800,0,1,ABT
2019-10-29,82.45,83.87,82.29,83.45,83.45,4614900,0,1,ABT
2019-10-28,81.8,82.89,81.76,82.66,82.66,4768700,0,1,ABT
2019-10-25,81.45,81.97,81.08,81.65,81.65,4872800,0,1,ABT
2019-10-24,81.59,82.09,81.21,81.36,81.36,4470900,0,1,ABT
2019-10-23,80.69,81.6,80.41,81.27,81.27,4308300,0,1,ABT
2019-10-22,81.81,82.28,80.5,80.54,80.54,4764000,0,1,ABT
2019-10-21,83.14,83.28,81.52,81.65,81.65,5487900,0,1,ABT
2019-10-18,82.41,83.32,82.03,82.79,82.79,5219800,0,1,ABT
2019-10-17,81.52,83,81.47,82.38,82.38,4172800,0,1,ABT
2019-10-16,81.36,83.69,79.65,81.78,81.78,10707400,0,1,ABT
2019-10-15,80.7,82.75,80.7,81.98,81.98,6429100,0,1,ABT
2019-10-14,79.69,80.19,79.42,79.82,79.82,4228500,0,1,ABT
2019-10-11,80.73,81.33,79.55,79.63,79.63,4423000,0.32,1,ABT
2019-10-10,79.09,80.46,79.07,80.14,79.82,5085000,0,1,ABT
2019-10-09,79.31,79.81,78.88,79.5,79.1826,4008500,0,1,ABT
2019-10-08,80.56,80.56,78.51,78.51,78.1965,5924200,0,1,ABT
2019-10-07,81.4,81.98,80.97,81.04,80.7164,2673200,0,1,ABT
2019-10-04,81.3,82.32,81.29,81.99,81.6626,3390100,0,1,ABT
2019-10-03,79.25,81.13,78.77,81.07,80.7463,3956000,0,1,ABT
2019-10-02,81.4,81.55,78.77,79.53,79.2124,5547100,0,1,ABT
2019-10-01,84.03,84.77,81.77,81.84,81.5132,4436700,0,1,ABT
2019-09-30,82.19,84.39,82.19,83.67,83.3359,4340900,0,1,ABT
2019-09-27,83.04,83.34,81.42,81.84,81.5132,3396600,0,1,ABT
2019-09-26,83.28,83.38,82.09,82.66,82.3299,3265200,0,1,ABT
2019-09-25,82.4,83.05,82.1,82.86,82.5291,2795100,0,1,ABT
2019-09-24,83.66,84.03,82.22,82.44,82.1108,3525400,0,1,ABT
2019-09-23,83.43,83.72,83.13,83.16,82.8279,2279900,0,1,ABT
2019-09-20,83.51,83.88,82.87,83.58,83.2463,7130100,0,1,ABT
2019-09-19,83.83,84.25,83.1,83.23,82.8977,3392900,0,1,ABT
2019-09-18,83.58,84.16,82.85,83.64,83.306,2767500,0,1,ABT
2019-09-17,83.4,84.5,83.21,83.58,83.2463,3578300,0,1,ABT
2019-09-16,83.91,83.91,83.03,83.36,83.0271,3991200,0,1,ABT
2019-09-13,85.3,85.36,83.89,84.27,83.9335,3633200,0,1,ABT
2019-09-12,85.03,85.99,84.91,85.21,84.8698,3517500,0,1,ABT
2019-09-11,82.45,84.56,82.25,84.52,84.1825,4458900,0,1,ABT
2019-09-10,83.44,83.48,81.02,83.21,82.8777,5613100,0,1,ABT
2019-09-09,86.34,86.43,83.87,84.22,83.8837,4444600,0,1,ABT
2019-09-06,86.23,86.43,85.6,86.04,85.6964,4451300,0,1,ABT
2019-09-05,85,86.16,84.56,85.9,85.557,4356400,0,1,ABT
2019-09-04,84.5,84.7,83.78,84.22,83.8837,3673100,0,1,ABT
2019-09-03,84.43,84.64,83.26,84.06,83.7243,4060600,0,1,ABT
2019-08-30,85.47,85.62,84.63,85.32,84.9793,3627900,0,1,ABT
2019-08-29,85,85.11,84.47,84.82,84.4813,3758600,0,1,ABT
2019-08-28,83.2,84.26,83.06,84.22,83.8837,3889500,0,1,ABT
2019-08-27,83.82,84.2,83.22,83.65,83.316,4845200,0,1,ABT
2019-08-26,82.61,83.18,82.02,83.12,82.7881,3521200,0,1,ABT
2019-08-23,83.84,84.25,81.36,81.93,81.6029,6228400,0,1,ABT
2019-08-22,84.92,85.31,83.64,84.37,84.0331,3207000,0,1,ABT
2019-08-21,85.05,85.15,84.29,84.9,84.561,3894300,0,1,ABT
2019-08-20,85.95,86.01,84.48,84.54,84.2024,3322400,0,1,ABT
2019-08-19,85.79,86.13,85.33,85.56,85.2184,4579800,0,1,ABT
2019-08-16,84.74,85.08,83.5162,84.78,84.4415,5786300,0,1,ABT
2019-08-15,84.16,84.73,83.52,83.94,83.6048,4952600,0,1,ABT
2019-08-14,85.88,86.31,83.91,83.94,83.6048,4106200,0,1,ABT
2019-08-13,85.32,87.1,84.981,86.89,86.543,4808300,0,1,ABT
2019-08-12,86.39,86.51,84.33,84.66,84.322,3650800,0,1,ABT
2019-08-09,85.63,87.05,85.43,86.62,86.2741,5102700,0,1,ABT
2019-08-08,85.11,86.27,85.01,85.56,85.2184,6439300,0,1,ABT
2019-08-07,83.7962,85,82.31,84.6,84.2622,5502600,0,1,ABT
2019-08-06,83.81,84.8928,83.68,84.86,84.5211,4422500,0,1,ABT
2019-08-05,84.73,84.88,82.42,83.16,82.8279,6253800,0,1,ABT
2019-08-02,85.95,86.1962,84.74,85.82,85.4773,4756400,0,1,ABT
2019-08-01,87.18,88.06,85.64,86.08,85.7363,7022000,0,1,ABT
2019-07-31,88.18,88.4,86.37,87.1,86.7522,6197200,0,1,ABT
2019-07-30,88.18,88.73,87.85,88.31,87.9574,2864700,0,1,ABT
2019-07-29,88.06,88.62,87.38,88.55,88.1964,3623900,0,1,ABT
2019-07-26,88.35,88.62,87.3,87.75,87.3996,4177700,0,1,ABT
2019-07-25,88.27,88.47,87.74,88,87.6486,4671200,0,1,ABT
2019-07-24,88.45,88.69,87.59,88.59,88.2363,3879100,0,1,ABT
2019-07-23,88.1,88.76,87.53,88.74,88.3857,4049100,0,1,ABT
2019-07-22,87.36,88.71,87.27,88.07,87.7183,6566100,0,1,ABT
2019-07-19,88.29,88.3348,87.45,87.49,87.1406,5824000,0,1,ABT
2019-07-18,86.24,87.84,85.32,87.76,87.4096,8311600,0,1,ABT
2019-07-17,85.89,86.75,85.43,85.76,85.4176,9381400,0,1,ABT
2019-07-16,84.11,84.24,82.9,83.16,82.8279,3886700,0,1,ABT
2019-07-15,83.81,84.24,83.41,83.81,83.4753,5177700,0,1,ABT
2019-07-12,85.28,85.44,83.06,83.92,83.5849,5667200,0.32,1,ABT
2019-07-11,85.65,85.99,85.19,85.77,85.1088,3653600,0,1,ABT
2019-07-10,85.68,85.88,85.15,85.38,84.7218,4315900,0,1,ABT
2019-07-09,84.96,85.3687,84.82,85.27,84.6126,3126000,0,1,ABT
2019-07-08,85.28,85.28,84.69,85.09,84.434,3591100,0,1,ABT
2019-07-05,85.16,85.5,84.64,85.42,84.7615,3784700,0,1,ABT
2019-07-03,85.05,85.65,84.92,85.64,84.9798,2437500,0,1,ABT
2019-07-02,84.7452,84.96,84.15,84.95,84.2951,4023300,0,1,ABT
2019-07-01,84.74,84.9764,83.75,84.49,83.8387,4527600,0,1,ABT
2019-06-28,83.8149,84.26,83.12,84.1,83.4517,16436700,0,1,ABT
2019-06-27,83.39,83.975,83.07,83.69,83.0448,4111600,0,1,ABT
2019-06-26,84.05,84.368,82.63,82.96,82.3205,5731400,0,1,ABT
2019-06-25,84.94,85.45,84.2335,84.24,83.5906,4915300,0,1,ABT
2019-06-24,84.78,85.33,84.64,84.71,84.057,4531600,0,1,ABT
2019-06-21,85.3566,85.36,84.405,85,84.3447,8855400,0,1,ABT
2019-06-20,84.84,85.32,84.319,84.94,84.2852,6436400,0,1,ABT
2019-06-19,83.4,84.495,83.05,84.33,83.6799,4113400,0,1,ABT
2019-06-18,82.45,83.5914,81.923,83.42,82.7769,6253000,0,1,ABT
2019-06-17,82.39,82.58,81.67,82.05,81.4175,4095900,0,1,ABT
2019-06-14,82.17,82.855,82.0179,82.22,81.5862,4771100,0,1,ABT
2019-06-13,81.98,82.33,81.75,82.29,81.6556,5220400,0,1,ABT
2019-06-12,81.29,81.97,81.255,81.95,81.3182,3332300,0,1,ABT
2019-06-11,81.79,82,80.63,81.12,80.4946,3905500,0,1,ABT
2019-06-10,81,81.495,80.44,81.27,80.6435,3927100,0,1,ABT
2019-06-07,80.49,81.16,80.3,80.74,80.1176,5136400,0,1,ABT
2019-06-06,78.85,80.43,78.6489,80.09,79.4726,5966700,0,1,ABT
2019-06-05,77.84,78.8633,77.83,78.69,78.0834,5286200,0,1,ABT
2019-06-04,76.25,77.61,76.1537,77.46,76.8629,5836000,0,1,ABT
2019-06-03,76.25,76.7931,75.44,75.71,75.1264,6286500,0,1,ABT
2019-05-31,75.97,76.52,75.5969,76.13,75.5431,6570800,0,1,ABT
2019-05-30,76.01,76.59,75.875,76.52,75.9301,3600300,0,1,ABT
2019-05-29,75.37,75.97,74.9373,75.67,75.0867,4013100,0,1,ABT
2019-05-28,77.03,77.98,75.68,75.71,75.1264,5418600,0,1,ABT
2019-05-24,76.02,77.0647,75.96,76.98,76.3866,4866300,0,1,ABT
2019-05-23,76.14,76.14,75.319,75.63,75.047,5507000,0,1,ABT
2019-05-22,76.14,76.59,75.85,76.26,75.6721,3062700,0,1,ABT
2019-05-21,76.56,76.8157,76.02,76.03,75.4439,3819700,0,1,ABT
2019-05-20,75.6,75.96,75.2,75.77,75.1859,4493100,0,1,ABT
2019-05-17,76.2855,77.21,75.96,75.97,75.3843,5169300,0,1,ABT
2019-05-16,76.52,77.37,76.17,76.6,76.0095,6098100,0,1,ABT
2019-05-15,75.5,77.02,75.22,76.51,75.9202,4385500,0,1,ABT
2019-05-14,75.6486,76.77,75.63,76.03,75.4439,5319300,0,1,ABT
2019-05-13,75.17,75.785,74.9509,75.5,74.918,5166700,0,1,ABT
2019-05-10,76.21,76.6594,74.535,76.45,75.8606,3993500,0,1,ABT
2019-05-09,75.66,76.48,74.88,76.42,75.8309,3736700,0,1,ABT
2019-05-08,76.93,76.97,76.1397,76.22,75.6324,4362800,0,1,ABT
2019-05-07,78.5,78.87,76.2,76.91,76.3171,5322500,0,1,ABT
2019-05-06,77.42,79.17,77.3519,79.07,78.4604,4006700,0,1,ABT
2019-05-03,78.83,79.13,78.26,78.69,78.0834,5452700,0,1,ABT
2019-05-02,78.42,78.87,77.91,78.78,78.1727,5112200,0,1,ABT
2019-05-01,79.35,79.47,78.29,78.74,78.133,6702300,0,1,ABT
2019-04-30,78.27,79.69,77.93,79.56,78.9467,5514100,0,1,ABT
2019-04-29,78.56,78.626,77.58,78.27,77.6666,4355000,0,1,ABT
2019-04-26,78.46,78.57,77.5303,78.56,77.9544,4286500,0,1,ABT
2019-04-25,76.62,78.175,76.37,78.11,77.5079,6011700,0,1,ABT
2019-04-24,76.05,76.87,75.67,76.75,76.1583,6238400,0,1,ABT
2019-04-23,74.63,76.41,74.43,76.1,75.5133,6823500,0,1,ABT
2019-04-22,73.13,74.6,73,74.51,73.9356,5810700,0,1,ABT
2019-04-18,73.64,74.9,72.75,73.92,73.3501,9712200,0,1,ABT
2019-04-17,76.18,76.29,72.36,72.88,72.3182,11212400,0,1,ABT
2019-04-16,77.94,78.6981,76.06,76.38,75.7912,6227800,0,1,ABT
2019-04-15,78.11,78.455,77.46,77.5,76.9025,6095100,0,1,ABT
2019-04-12,78.37,78.85,77.82,78.01,77.4086,5482000,0.32,1,ABT
2019-04-11,79.19,79.23,78.35,78.51,77.5872,4432100,0,1,ABT
2019-04-10,78.72,79.4116,78.555,78.97,78.0418,5604600,0,1,ABT
2019-04-09,78.24,78.96,78.055,78.67,77.7454,4836700,0,1,ABT
2019-04-08,78.91,78.91,77.95,78.52,77.5971,5178900,0,1,ABT
2019-04-05,78.9092,79.365,78.39,79,78.0715,3434500,0,1,ABT
2019-04-04,79.47,79.51,78,78.62,77.6959,4671200,0,1,ABT
2019-04-03,79.97,80,79.1538,79.5,78.5656,3973700,0,1,ABT
2019-04-02,79.83,79.83,79.07,79.62,78.6842,3717900,0,1,ABT
2019-04-01,80.67,80.7379,79.212,79.66,78.7237,4842000,0,1,ABT
2019-03-29,79.86,79.9931,79.11,79.94,79.0004,5891200,0,1,ABT
2019-03-28,79.16,79.66,78.715,79.44,78.5063,5675900,0,1,ABT
2019-03-27,79,79.31,77.887,78.73,77.8046,4101900,0,1,ABT
2019-03-26,78.89,79.505,78.684,79,78.0715,3596400,0,1,ABT
2019-03-25,77.81,78.67,77.62,78.23,77.3105,3844500,0,1,ABT
2019-03-22,79.81,80,77.69,77.97,77.0536,7532900,0,1,ABT
2019-03-21,79.45,80.49,79.32,80.06,79.119,5899100,0,1,ABT
2019-03-20,79.87,80.43,79.109,79.94,79.0004,5388800,0,1,ABT
2019-03-19,79.18,80.25,79.02,79.96,79.0202,6048600,0,1,ABT
2019-03-18,79.95,79.95,77.97,78.83,77.9035,7671100,0,1,ABT
2019-03-15,79.03,80.15,78.92,79.86,78.9214,11989400,0,1,ABT
2019-03-14,78.5,79.07,78.14,78.98,78.0517,5734500,0,1,ABT
2019-03-13,78.67,79.145,78.07,78.62,77.6959,6479200,0,1,ABT
2019-03-12,77.99,78.476,77.625,78.24,77.3204,4241200,0,1,ABT
2019-03-11,76.92,77.85,76.7,77.81,76.8955,4254600,0,1,ABT
2019-03-08,76.35,76.68,75.86,76.63,75.7293,3895400,0,1,ABT
2019-03-07,77.69,77.95,76.615,76.8,75.8973,5292600,0,1,ABT
2019-03-06,78.11,78.22,77.52,77.7,76.7867,4182100,0,1,ABT
2019-03-05,78.56,78.9134,78.13,78.22,77.3006,6547500,0,1,ABT
2019-03-04,78.84,78.969,77.47,78.62,77.6959,5962800,0,1,ABT
2019-03-01,77.99,78.74,77.68,78.59,77.6663,5390100,0,1,ABT
2019-02-28,77.01,78.0614,77.01,77.62,76.7077,6762700,0,1,ABT
2019-02-27,76.45,77.33,76.33,77.23,76.3223,5706500,0,1,ABT
2019-02-26,76.585,77.12,76.38,76.75,75.8479,5295400,0,1,ABT
2019-02-25,76.39,77.05,76.24,76.86,75.9566,5709600,0,1,ABT
2019-02-22,75.35,76.45,75.35,76.13,75.2352,5296600,0,1,ABT
2019-02-21,75.11,75.47,74.66,75.14,74.2568,5607000,0,1,ABT
2019-02-20,74.83,75.57,74.6,75.54,74.6521,6316700,0,1,ABT
2019-02-19,75.16,75.57,74.72,75,74.1185,4503500,0,1,ABT
2019-02-15,74.56,75.4,74.33,75.25,74.3656,8083200,0,1,ABT
2019-02-14,74.0814,74.36,73.74,73.97,73.1006,4864500,0,1,ABT
2019-02-13,75.04,75.27,74.06,74.38,73.5058,5696300,0,1,ABT
2019-02-12,73.99,75.23,73.717,75.06,74.1778,7039700,0,1,ABT
2019-02-11,73.48,73.84,73.29,73.54,72.6757,4782700,0,1,ABT
2019-02-08,72.16,73.48,72.12,73.33,72.4681,6063700,0,1,ABT
2019-02-07,72.99,73.06,71.5,72.74,71.885,6863600,0,1,ABT
2019-02-06,72.903,73.555,72.63,73.49,72.6262,4851900,0,1,ABT
2019-02-05,72.9,73.29,72.68,73.11,72.2507,4302400,0,1,ABT
2019-02-04,72.3867,72.695,71.71,72.5,71.6479,5278300,0,1,ABT
2019-02-01,73.02,73.24,71.97,72.36,71.5095,5016500,0,1,ABT
2019-01-31,71.31,73.07,71.14,72.98,72.1222,10421900,0,1,ABT
2019-01-30,69.91,71.8,69.69,71.68,70.8375,8145000,0,1,ABT
2019-01-29,69.09,69.935,68.8,69.69,68.8709,5981600,0,1,ABT
2019-01-28,70.52,70.63,68.89,69.05,68.2384,5942500,0,1,ABT
2019-01-25,71.27,71.77,70.7887,71.15,70.3137,4824100,0,1,ABT
2019-01-24,70,71,69.32,70.86,70.0271,6437600,0,1,ABT
2019-01-23,70.5,71.55,69.27,69.91,69.0883,10196300,0,1,ABT
2019-01-22,70.97,71.67,70.69,71.49,70.6497,6541600,0,1,ABT
2019-01-18,70.99,71.74,70.78,71.42,70.5806,9404500,0,1,ABT
2019-01-17,69.87,70.97,69.77,70.52,69.6911,5427800,0,1,ABT
2019-01-16,70.5,70.76,69.74,69.82,68.9994,6357300,0,1,ABT
2019-01-15,68.41,70.52,68.36,70.47,69.6417,6306900,0,1,ABT
2019-01-14,68.41,68.795,68.13,68.27,67.4676,5122900,0.32,1,ABT
2019-01-11,68.6,69.36,68.45,69.33,68.1989,6583000,0,1,ABT
2019-01-10,68.68,69.44,68.45,69.08,67.953,8051200,0,1,ABT
2019-01-09,68.93,69.85,68.8,69.44,68.3071,6091000,0,1,ABT
2019-01-08,69.55,69.64,67,68.3,67.1857,8905100,0,1,ABT
2019-01-07,68.19,69.865,68.18,69.13,68.0021,9503000,0,1,ABT
2019-01-04,67.12,68.58,66.9981,68.11,66.9988,8299100,0,1,ABT
2019-01-03,68.74,68.88,65.5,66.22,65.1396,10570700,0,1,ABT
2019-01-02,70.39,70.96,69.07,69.5,68.3661,8737200,0,1,ABT
2018-12-31,71.57,72.76,71.48,72.33,71.15,6094300,0,1,ABT
2018-12-28,71.05,72.05,70.2994,71.09,69.9302,6209600,0,1,ABT
2018-12-27,68.41,70.6317,67.79,70.63,69.4777,6713000,0,1,ABT
2018-12-26,65.9,69.64,65.9,69.62,68.4842,7576500,0,1,ABT
2018-12-24,66.82,67.05,65.44,65.56,64.4904,4026200,0,1,ABT
2018-12-21,68.07,69.13,67.02,67.27,66.1725,14240800,0,1,ABT
2018-12-20,68.3384,68.9,66.99,68.38,67.2644,11689700,0,1,ABT
2018-12-19,70.34,71.47,68.19,69,67.8743,7339700,0,1,ABT
2018-12-18,70.85,70.9,69.31,70.08,68.9367,8392400,0,1,ABT
2018-12-17,70.38,70.86,69.1602,69.75,68.612,7257500,0,1,ABT
2018-12-14,71.32,71.5,70.37,70.76,69.6056,5670300,0,1,ABT
2018-12-13,72.71,73.14,71.58,72.18,71.0024,6264900,0,1,ABT
2018-12-12,72.81,73.86,72.4899,72.53,71.3467,6883600,0,1,ABT
2018-12-11,71.66,72.54,71.3,71.84,70.6679,7567000,0,1,ABT
2018-12-10,70.04,71.3,68.7934,70.92,69.7629,5828600,0,1,ABT
2018-12-07,71.75,71.83,69.19,69.95,68.8088,7945500,0,1,ABT
2018-12-06,70.59,71.5403,69.92,71.54,70.3728,10269100,0,1,ABT
2018-12-04,74.24,74.25,71.43,71.5,70.3335,7620100,0,1,ABT
2018-12-03,74.29,74.92,73.56,74.27,73.0583,6430400,0,1,ABT
2018-11-30,73.93,74.23,73.065,74.05,72.8419,8030500,0,1,ABT
2018-11-29,72.4265,73.7,72.37,73.26,72.0648,6447700,0,1,ABT
2018-11-28,70.1,72.84,70.1,72.83,71.6418,7915900,0,1,ABT
2018-11-27,68.71,69.7484,68.38,69.71,68.5727,6759000,0,1,ABT
2018-11-26,68.73,69.27,68.45,68.81,67.6874,6129400,0,1,ABT
2018-11-23,67.94,68.68,67.83,68.11,66.9988,3262200,0,1,ABT
2018-11-21,69.35,69.72,68.25,68.53,67.4119,5789400,0,1,ABT
2018-11-20,70.39,70.75,68.86,69.06,67.9333,8222500,0,1,ABT
2018-11-19,72,72.41,70.28,70.54,69.3892,7224400,0,1,ABT
2018-11-16,70.4811,72.33,70.36,72.04,70.8647,9860800,0,1,ABT
2018-11-15,68.93,70.75,67.944,70.73,69.5761,6849000,0,1,ABT
2018-11-14,70.1,70.4663,68.96,69.41,68.2776,5400800,0,1,ABT
2018-11-13,70.87,71.18,69.25,69.49,68.3563,6570300,0,1,ABT
2018-11-12,72.73,72.9,70.4,70.56,69.4088,6272700,0,1,ABT
2018-11-09,72.88,73.055,72.095,72.79,71.6024,4247600,0,1,ABT
2018-11-08,72,73.075,71.95,72.96,71.7697,4676100,0,1,ABT
2018-11-07,71.69,72.605,71.58,72.5,71.3172,6404500,0,1,ABT
2018-11-06,70.3256,71,70.22,70.96,69.8023,3676400,0,1,ABT
2018-11-05,70.48,71,69.99,70.39,69.2416,8558700,0,1,ABT
2018-11-02,70.745,71.38,69.59,70.19,69.0449,5314600,0,1,ABT
2018-11-01,69.09,70.35,68.74,70.15,69.0055,6250800,0,1,ABT
2018-10-31,68.7,69.905,68.5273,68.94,67.8153,7795000,0,1,ABT
2018-10-30,67.77,68.34,67.2207,68,66.8906,7994400,0,1,ABT
2018-10-29,68,68.37,66.3848,67.31,66.2118,7530600,0,1,ABT
2018-10-26,66.75,67.69,65.78,66.99,65.8971,8379000,0,1,ABT
2018-10-25,67.2,68.33,66.34,67.67,66.566,9062300,0,1,ABT
2018-10-24,68.727,69.2,66.82,66.94,65.8479,8126500,0,1,ABT
2018-10-23,67.58,69.035,66.99,68.57,67.4513,7446400,0,1,ABT
2018-10-22,67.74,68.85,67.35,68.52,67.4021,6924900,0,1,ABT
2018-10-19,68.13,68.65,67.23,67.59,66.4873,7351600,0,1,ABT
2018-10-18,69.58,69.72,67.47,68.14,67.0283,10959400,0,1,ABT
2018-10-17,70.4,70.69,69.17,70.23,69.0842,11014700,0,1,ABT
2018-10-16,69.55,71.18,69.3,70.95,69.7925,7638700,0,1,ABT
2018-10-15,69.34,69.376,68.225,68.7,67.5792,6674700,0,1,ABT
2018-10-12,69.37,69.98,68.6055,69.33,68.1989,10431300,0.28,1,ABT
2018-10-11,68.92,69.465,67.65,68.38,66.989,11932300,0,1,ABT
2018-10-10,71.05,71.21,68.78,68.92,67.518,10559200,0,1,ABT
2018-10-09,71.24,71.59,70.87,71.29,69.8398,4812300,0,1,ABT
2018-10-08,71.58,72.3867,70.6,71.44,69.9867,5520500,0,1,ABT
2018-10-05,71.82,72.46,71.045,71.58,70.1239,5426200,0,1,ABT
2018-10-04,71.77,71.87,71.07,71.82,70.359,6166700,0,1,ABT
2018-10-03,73.81,73.9,71.9,72.04,70.5745,7477900,0,1,ABT
2018-10-02,74,74.05,73.42,73.81,72.3085,6251200,0,1,ABT
2018-10-01,73.81,74.15,73.54,74.12,72.6122,7208800,0,1,ABT
2018-09-28,72.782,73.586,72.772,73.36,71.8676,6572100,0,1,ABT
2018-09-27,73.02,73.18,72.689,73.02,71.5346,5493900,0,1,ABT
2018-09-26,72.06,73.29,71.98,72.84,71.3582,8854900,0,1,ABT
2018-09-25,71.74,72.23,71.41,72.2,70.7312,8257300,0,1,ABT
2018-09-24,70.79,71.68,70.32,71.44,69.9867,10111900,0,1,ABT
2018-09-21,68.9,69.25,68.88,69.05,67.6453,9331100,0,1,ABT
2018-09-20,68.63,69.01,68.4,68.79,67.3906,5036700,0,1,ABT
2018-09-19,68.52,68.96,68.39,68.5,67.1065,3424200,0,1,ABT
2018-09-18,67.76,68.57,67.76,68.41,67.0184,5018000,0,1,ABT
2018-09-17,68.42,68.42,67.51,67.67,66.2934,4255500,0,1,ABT
2018-09-14,68.51,68.82,68.36,68.42,67.0281,4217000,0,1,ABT
2018-09-13,67.23,68.54,67.15,68.5,67.1065,6052400,0,1,ABT
2018-09-12,66.6,67.12,66.6,66.97,65.6077,3233600,0,1,ABT
2018-09-11,66.38,66.82,66.115,66.6,65.2452,3185100,0,1,ABT
2018-09-10,66.45,66.93,66.44,66.55,65.1962,3483300,0,1,ABT
2018-09-07,65.79,66.46,65.69,66.21,64.8631,4060700,0,1,ABT
2018-09-06,66.0104,66.2,65.22,65.83,64.4908,7269700,0,1,ABT
2018-09-05,66.96,66.96,65.54,66,64.6574,6545100,0,1,ABT
2018-09-04,66.74,67.11,66.565,67.11,65.7448,4898900,0,1,ABT
2018-08-31,66.96,67.237,66.59,66.84,65.4803,5893900,0,1,ABT
2018-08-30,66.94,67.305,66.751,67.02,65.6566,4140500,0,1,ABT
2018-08-29,66.7203,67.355,66.63,67.13,65.7644,4446000,0,1,ABT
2018-08-28,67.03,67.11,66.67,66.79,65.4313,4089300,0,1,ABT
2018-08-27,66.45,66.89,66.33,66.84,65.4803,3498900,0,1,ABT
2018-08-24,65.9,66.26,65.79,66.1,64.7553,3831200,0,1,ABT
2018-08-23,65.67,66.17,65.64,65.83,64.4908,4428500,0,1,ABT
2018-08-22,64.51,65.815,64.477,65.67,64.3341,5203300,0,1,ABT
2018-08-21,64.91,65.07,64.5,64.75,63.4328,4045500,0,1,ABT
2018-08-20,65.0029,65.13,64.375,64.64,63.325,5075400,0,1,ABT
2018-08-17,64.24,64.915,64.03,64.72,63.4034,4768200,0,1,ABT
2018-08-16,63.79,64.34,63.6,64.16,62.8548,3714900,0,1,ABT
2018-08-15,63.45,63.56,63.07,63.47,62.1788,3724900,0,1,ABT
2018-08-14,63.45,63.92,63.3813,63.63,62.3356,3246400,0,1,ABT
2018-08-13,64.02,64.32,63.36,63.43,62.1397,4407400,0,1,ABT
2018-08-10,64.44,64.6,63.87,64.03,62.7275,3841200,0,1,ABT
2018-08-09,64.79,65.065,64.58,64.64,63.325,2578500,0,1,ABT
2018-08-08,64.74,65.31,64.555,64.84,63.521,4103100,0,1,ABT
2018-08-07,65.18,65.32,64.7304,64.74,63.423,3329000,0,1,ABT
2018-08-06,65.09,65.495,64.96,65.24,63.9128,3690700,0,1,ABT
2018-08-03,64.77,65.24,64.44,65.23,63.903,3945000,0,1,ABT
2018-08-02,64.4982,64.78,63.91,64.58,63.2663,4706200,0,1,ABT
2018-08-01,65.35,65.75,64.71,64.78,63.4622,4162900,0,1,ABT
2018-07-31,65.37,65.77,65.26,65.54,64.2067,5399400,0,1,ABT
2018-07-30,64.97,65.51,64.97,65.17,63.8443,5108300,0,1,ABT
2018-07-27,65.51,65.8,64.96,65.26,63.9324,4299000,0,1,ABT
2018-07-26,65.36,65.9,64.87,65.66,64.3243,5517000,0,1,ABT
2018-07-25,64.16,65.36,64.12,65.23,63.903,5863900,0,1,ABT
2018-07-24,63.55,64.61,63.42,64.4,63.0899,6545400,0,1,ABT
2018-07-23,63.26,63.29,62.87,63.2,61.9143,4790900,0,1,ABT
2018-07-20,63.61,64.04,63.28,63.32,62.0319,5763700,0,1,ABT
2018-07-19,64.68,64.97,63.51,63.78,62.4825,6761100,0,1,ABT
2018-07-18,64.31,65.5,64.2,64.75,63.4328,10650600,0,1,ABT
2018-07-17,61.84,63.26,61.55,62.8,61.5225,7946200,0,1,ABT
2018-07-16,62.95,63,61.71,61.78,60.5232,5764400,0,1,ABT
2018-07-13,62.75,63.4392,62.72,63.06,61.7772,5326800,0,1,ABT
2018-07-12,62.5,62.8,62.38,62.74,61.4637,3736500,0.28,1,ABT
2018-07-11,62.5626,62.88,62.33,62.57,61.0228,3414100,0,1,ABT
2018-07-10,62.56,63.12,62.4696,62.81,61.2569,3963600,0,1,ABT
2018-07-09,62.23,62.63,62.14,62.44,60.8961,3654900,0,1,ABT
2018-07-06,61.57,62.4,61.261,62.16,60.623,3647900,0,1,ABT
2018-07-05,61.19,61.41,60.76,61.33,59.8135,4065200,0,1,ABT
2018-07-03,60.9758,61.225,60.63,60.81,59.3064,2245200,0,1,ABT
2018-07-02,60.63,61.02,60.32,61,59.4917,4365200,0,1,ABT
2018-06-29,61.49,61.865,60.92,60.99,59.4819,5807300,0,1,ABT
2018-06-28,60.46,61.48,60.46,61.27,59.755,4237200,0,1,ABT
2018-06-27,61.21,62.14,60.49,60.49,58.9943,6665200,0,1,ABT
2018-06-26,60.64,61.09,60.49,60.81,59.3064,4303800,0,1,ABT
2018-06-25,61.7,61.77,60.315,60.77,59.2674,6012600,0,1,ABT
2018-06-22,62.23,62.39,61.66,61.94,60.4084,4389700,0,1,ABT
2018-06-21,61.97,62.096,61.45,61.75,60.2231,4065600,0,1,ABT
2018-06-20,62.21,62.495,62.04,62.14,60.6035,5121300,0,1,ABT
2018-06-19,62.24,62.41,61.92,62.34,60.7985,5302300,0,1,ABT
2018-06-18,62.59,62.87,62.28,62.82,61.2667,3672700,0,1,ABT
2018-06-15,62.86,63.08,62.26,62.91,61.3544,11859400,0,1,ABT
2018-06-14,62.86,63.225,62.74,62.96,61.4032,3980800,0,1,ABT
2018-06-13,63.06,63.1686,62.47,62.63,61.0814,6189100,0,1,ABT
2018-06-12,63.27,63.42,62.61,62.92,61.3642,4869100,0,1,ABT
2018-06-11,63.28,63.481,62.9,63.13,61.569,5339300,0,1,ABT
2018-06-08,63.01,63.41,62.84,63.27,61.7055,4674900,0,1,ABT
2018-06-07,63.56,63.85,62.87,63.18,61.6178,3834300,0,1,ABT
2018-06-06,63.11,63.55,62.775,63.54,61.9689,4064400,0,1,ABT
2018-06-05,63.09,63.295,62.61,63.03,61.4715,4469400,0,1,ABT
2018-06-04,62.32,63.1125,62.28,63.02,61.4617,4063300,0,1,ABT
2018-06-01,61.96,62.485,61.8473,62.41,60.8668,3595800,0,1,ABT
2018-05-31,61.9,62.23,61.505,61.53,60.0086,6322200,0,1,ABT
2018-05-30,61.78,62.65,61.44,62.07,60.5352,5954100,0,1,ABT
2018-05-29,61.58,61.87,60.85,61.3,59.7842,4967400,0,1,ABT
2018-05-25,62.49,62.58,62.06,62.37,60.8278,3839100,0,1,ABT
2018-05-24,61.89,62.72,61.89,62.51,60.9643,5783900,0,1,ABT
2018-05-23,61.2163,61.97,61.22,61.84,60.3109,4318000,0,1,ABT
2018-05-22,62.1,62.29,60.96,61.39,59.872,6802200,0,1,ABT
2018-05-21,62,62.49,61.79,62.11,60.5742,4610100,0,1,ABT
2018-05-18,61.02,61.87,60.94,61.71,60.1841,6357700,0,1,ABT
2018-05-17,60.8,61.16,60.37,61.06,59.5502,4157900,0,1,ABT
2018-05-16,60.57,61.152,60.4,60.77,59.2674,3588600,0,1,ABT
2018-05-15,61.44,61.58,60.32,60.54,59.043,5333500,0,1,ABT
2018-05-14,61.5,62.17,61.39,62.02,60.4865,7705700,0,1,ABT
2018-05-11,60.22,61.3,60.22,61.26,59.7452,5768100,0,1,ABT
2018-05-10,59.63,60.6064,59.36,60.56,59.0625,4791100,0,1,ABT
2018-05-09,58.81,59.58,58.42,59.4,57.9312,4103400,0,1,ABT
2018-05-08,59.12,59.1292,58.24,58.71,57.2583,6778500,0,1,ABT
2018-05-07,58.99,59.76,58.94,59.32,57.8532,5656100,0,1,ABT
2018-05-04,57.64,59.08,57.48,58.74,57.2876,5833200,0,1,ABT
2018-05-03,57.79,57.94,56.81,57.93,56.4976,5641000,0,1,ABT
2018-05-02,58.49,58.56,57.67,57.85,56.4196,4519900,0,1,ABT
2018-05-01,57.7,58.87,57.55,58.82,57.3656,6406400,0,1,ABT
2018-04-30,59.76,59.8,58.1,58.13,56.6926,6096100,0,1,ABT
2018-04-27,59.4936,59.69,59.144,59.56,58.0873,4135400,0,1,ABT
2018-04-26,58.69,59.5175,58.495,59.5,58.0288,7372800,0,1,ABT
2018-04-25,58.04,58.67,57.7,58.65,57.1998,5910000,0,1,ABT
2018-04-24,59.09,59.17,57.665,58.31,56.8682,7480300,0,1,ABT
2018-04-23,59.28,59.4613,58.59,58.84,57.3851,4516100,0,1,ABT
2018-04-20,59.85,59.95,58.815,59.19,57.7264,5867500,0,1,ABT
2018-04-19,59.52,60.03,59.2,59.88,58.3994,7675500,0,1,ABT
2018-04-18,59,59.62,57.45,59.52,58.0483,12648500,0,1,ABT
2018-04-17,59.65,59.96,59.05,59.8,58.3213,5604600,0,1,ABT
2018-04-16,59,59.53,58.92,59.27,57.8044,6807500,0,1,ABT
2018-04-13,59.18,59.375,58.4715,58.49,57.0437,8223700,0,1,ABT
2018-04-12,58.5,59.18,58.46,58.83,57.3753,4572300,0.28,1,ABT
2018-04-11,58.64,59.045,58.21,58.45,56.7316,4044900,0,1,ABT
2018-04-10,59.02,59.61,58.71,59.14,57.4014,5178400,0,1,ABT
2018-04-09,57.86,59.11,57.45,58.22,56.5084,5712300,0,1,ABT
2018-04-06,59.44,59.6,56.99,57.57,55.8775,7447100,0,1,ABT
2018-04-05,59.9,60.145,59.55,59.86,58.1002,6644500,0,1,ABT
2018-04-04,58.34,59.61,57.45,59.46,57.7119,7405200,0,1,ABT
2018-04-03,58.4,59.07,58,59,57.2655,6113500,0,1,ABT
2018-04-02,59.82,60.09,57.63,58.21,56.4987,6686500,0,1,ABT
2018-03-29,59.57,60.38,59.3,59.92,58.1584,6656600,0,1,ABT
2018-03-28,60.53,60.71,59.175,59.23,57.4887,8128800,0,1,ABT
2018-03-27,61.27,61.62,59.985,60.28,58.5078,6365300,0,1,ABT
2018-03-26,60.28,61.15,59.68,61.07,59.2746,5694700,0,1,ABT
2018-03-23,61.03,61.27,59.36,59.5,57.7508,6000800,0,1,ABT
2018-03-22,61.82,62.1,60.85,60.93,59.1387,5345300,0,1,ABT
2018-03-21,62.75,63.0775,62.34,62.42,60.5849,3478300,0,1,ABT
2018-03-20,62.48,62.76,62.15,62.65,60.8082,3943000,0,1,ABT
2018-03-19,63.13,63.2385,61.69,62.26,60.4296,5286200,0,1,ABT
2018-03-16,62.78,63.3137,62.71,63.18,61.3226,11840900,0,1,ABT
2018-03-15,63.05,63.13,62.52,62.59,60.7499,3364900,0,1,ABT
2018-03-14,63.42,63.62,62.73,62.86,61.012,5162100,0,1,ABT
2018-03-13,63.89,63.95,63.005,63.2,61.342,6428500,0,1,ABT
2018-03-12,63.59,63.95,63.415,63.62,61.7496,8858500,0,1,ABT
2018-03-09,62.05,63.7,62.017,63.6,61.7302,8184400,0,1,ABT
2018-03-08,61.34,61.95,61.3,61.87,60.0511,5245800,0,1,ABT
2018-03-07,60.27,61.415,60.19,61.29,59.4882,7726500,0,1,ABT
2018-03-06,60.59,61.02,60.105,60.88,59.0902,6620000,0,1,ABT
2018-03-05,58.91,60.63,58.9,60.37,58.5952,9000400,0,1,ABT
2018-03-02,58.48,59.53,58.43,59.46,57.7119,7979200,0,1,ABT
2018-03-01,60.16,60.18,58.53,58.79,57.0616,9711900,0,1,ABT
2018-02-28,60.67,61.12,60.18,60.33,58.5564,8325700,0,1,ABT
2018-02-27,60.75,61.24,60.39,60.55,58.7699,6747700,0,1,ABT
2018-02-26,59.86,60.585,59.73,60.53,58.7505,5364200,0,1,ABT
2018-02-23,59.2206,59.74,58.98,59.71,57.9546,5190400,0,1,ABT
2018-02-22,59.21,59.4,58.8056,58.99,57.2558,5539900,0,1,ABT
2018-02-21,59.07,59.99,58.82,58.99,57.2558,4793800,0,1,ABT
2018-02-20,59.68,59.87,58.84,59.12,57.382,8182500,0,1,ABT
2018-02-16,59.44,60.539,59.33,60.17,58.4011,7849200,0,1,ABT
2018-02-15,58.7184,59.51,58.33,59.5,57.7508,3871900,0,1,ABT
2018-02-14,57.32,58.4,57.1523,58.28,56.5666,3728900,0,1,ABT
2018-02-13,57.14,57.792,56.81,57.64,55.9455,5816600,0,1,ABT
2018-02-12,57.7,57.98,56.875,57.41,55.7222,8234200,0,1,ABT
2018-02-09,56.63,57.69,55.58,57.17,55.4893,8028400,0,1,ABT
2018-02-08,58.77,58.83,56.22,56.27,54.6157,6874500,0,1,ABT
2018-02-07,58.6,59.85,58.5,58.67,56.9452,6872700,0,1,ABT
2018-02-06,57.92,59.261,57.33,58.86,57.1296,15214700,0,1,ABT
2018-02-05,61.6,61.87,58.55,58.73,57.0034,11548200,0,1,ABT
2018-02-02,62.2,62.42,61.64,61.69,59.8764,12346500,0,1,ABT
2018-02-01,61.75,62.54,61.66,62.18,60.352,8101600,0,1,ABT
2018-01-31,62.66,62.7619,61.85,62.16,60.3326,7804400,0,1,ABT
2018-01-30,62.44,63.115,62.29,62.44,60.6043,6497600,0,1,ABT
2018-01-29,63.09,63.4585,62.85,63.31,61.4488,8638500,0,1,ABT
2018-01-26,63.15,63.435,62.67,63.42,61.5555,10242800,0,1,ABT
2018-01-25,63.18,64.6,62.32,63.22,61.3614,15261900,0,1,ABT
2018-01-24,61,64.16,60.74,61.72,59.9055,11704900,0,1,ABT
2018-01-23,59.52,59.566,58.975,59.23,57.4887,8122100,0,1,ABT
2018-01-22,58.88,59.57,58.45,59.57,57.8187,6841900,0,1,ABT
2018-01-19,59.23,59.68,58.96,59.31,57.5664,7362300,0,1,ABT
2018-01-18,58.78,59.265,58.53,59.07,57.3334,5658600,0,1,ABT
2018-01-17,58.76,59.1,58.625,58.99,57.2558,5037500,0,1,ABT
2018-01-16,58.891,59.14,58.2331,58.44,56.7219,7175000,0,1,ABT
2018-01-12,58.96,59.24,58.79,58.84,57.1102,6320900,0,1,ABT
2018-01-11,58.65,58.96,58.29,58.95,57.2169,4240900,0.28,1,ABT
2018-01-10,58.75,58.91,58.29,58.83,56.8287,4340800,0,1,ABT
2018-01-09,59.1,59.1,58.375,58.92,56.9156,7466900,0,1,ABT
2018-01-08,58.85,58.98,58.5239,58.82,56.819,5411500,0,1,ABT
2018-01-05,59.04,59.09,58.635,58.99,56.9833,5836900,0,1,ABT
2018-01-04,59.5,59.6,58.76,58.82,56.819,6240000,0,1,ABT
2018-01-03,58.99,59.015,58.31,58.92,56.9156,5683700,0,1,ABT
2018-01-02,58.2,59.2037,57.817,58.79,56.7901,10112800,0,1,ABT
2017-12-29,57.6,57.765,57.07,57.07,55.1286,3995200,0,1,ABT
2017-12-28,57.44,57.69,57.37,57.46,55.5053,3387100,0,1,ABT
2017-12-27,57.09,57.6,57.05,57.47,55.515,5243900,0,1,ABT
2017-12-26,57.01,57.245,56.9,57,55.061,3187900,0,1,ABT
2017-12-22,56.94,57.324,56.76,56.93,54.9933,5449300,0,1,ABT
2017-12-21,57.14,57.27,56.74,56.93,54.9933,6154700,0,1,ABT
2017-12-20,56.74,57.3,56.395,57.02,55.0803,11948400,0,1,ABT
2017-12-19,56.51,56.945,56.45,56.8,54.8678,7116800,0,1,ABT
2017-12-18,55.52,56.52,55.42,56.4,54.4814,6053900,0,1,ABT
2017-12-15,55.03,55.56,54.84,55.5,53.612,14655500,0,1,ABT
2017-12-14,55.0462,55.22,54.63,54.73,52.8682,5935200,0,1,ABT
2017-12-13,55.67,55.76,54.8,55.06,53.187,9962300,0,1,ABT
2017-12-12,55.45,55.87,55.155,55.7,53.8052,9860700,0,1,ABT
2017-12-11,54.77,55.12,54.48,54.94,53.071,4273000,0,1,ABT
2017-12-08,54.66,54.85,54.325,54.64,52.7812,5103900,0,1,ABT
2017-12-07,54.76,54.94,54.35,54.69,52.8295,4421900,0,1,ABT
2017-12-06,54.87,55.112,54.32,54.66,52.8006,7828600,0,1,ABT
2017-12-05,54.64,55.32,54.34,54.79,52.9261,4321100,0,1,ABT
2017-12-04,56.14,56.2,54.69,54.71,52.8489,4589100,0,1,ABT
2017-12-01,56.3,56.68,55.27,55.98,54.0757,5322300,0,1,ABT
2017-11-30,55.67,56.46,55.31,56.37,54.4524,10086300,0,1,ABT
2017-11-29,56.0914,56.3,55.38,55.58,53.6893,7277900,0,1,ABT
2017-11-28,56.3,56.3,55.575,56.02,54.1143,6841700,0,1,ABT
2017-11-27,56.17,56.52,56.0114,56.15,54.2399,4518300,0,1,ABT
2017-11-24,55.85,56.19,55.74,56.13,54.2206,2148300,0,1,ABT
2017-11-22,56.03,56.15,55.57,55.8,53.9018,3552100,0,1,ABT
2017-11-21,55.45,56.32,55.44,56.12,54.2109,4613000,0,1,ABT
2017-11-20,55.66,55.6785,55.13,55.29,53.4091,3699400,0,1,ABT
2017-11-17,55.29,55.71,55.22,55.56,53.6699,6284200,0,1,ABT
2017-11-16,55.11,55.84,54.86,55.54,53.6506,6866900,0,1,ABT
2017-11-15,54.78,55.08,54.54,54.83,52.9648,4999800,0,1,ABT
2017-11-14,55.05,55.21,54.76,55.01,53.1386,6180400,0,1,ABT
2017-11-13,54.69,55.37,54.56,55.3,53.4188,3854500,0,1,ABT
2017-11-10,55.23,55.3212,54.37,54.8,52.9358,5032600,0,1,ABT
2017-11-09,55.06,55.5,54.91,55.45,53.5637,3644000,0,1,ABT
2017-11-08,54.98,55.35,54.72,55.25,53.3705,3712600,0,1,ABT
2017-11-07,55.15,55.26,54.67,55.16,53.2835,4844000,0,1,ABT
2017-11-06,55.32,55.4,55.01,55.01,53.1386,3133500,0,1,ABT
2017-11-03,54.57,55.5,54.47,55.47,53.583,4567100,0,1,ABT
2017-11-02,54.05,54.65,53.96,54.37,52.5204,6953200,0,1,ABT
2017-11-01,53.89,54.57,53.61,54,52.163,7641900,0,1,ABT
2017-10-31,54.48,54.54,54.03,54.23,52.3852,7676200,0,1,ABT
2017-10-30,55.18,55.307,54.055,54.29,52.4431,7542500,0,1,ABT
2017-10-27,55.49,55.62,55.18,55.37,53.4864,4724300,0,1,ABT
2017-10-26,55.34,55.69,55.08,55.48,53.5927,5032600,0,1,ABT
2017-10-25,55.38,55.8784,55.19,55.49,53.6023,6113200,0,1,ABT
2017-10-24,56,56.0688,55.18,55.38,53.4961,7201000,0,1,ABT
2017-10-23,56.21,56.685,56.07,56.08,54.1723,4709000,0,1,ABT
2017-10-20,56.17,56.44,55.94,56.32,54.4041,5528700,0,1,ABT
2017-10-19,55.9,56.1788,55.41,56,54.095,4864800,0,1,ABT
2017-10-18,55.18,56.6,54.92,55.77,53.8728,9043700,0,1,ABT
2017-10-17,54.59,55.23,54.4,55.06,53.187,5433000,0,1,ABT
2017-10-16,54.62,54.91,54.522,54.63,52.7716,3725500,0,1,ABT
2017-10-13,54.64,54.79,54.45,54.65,52.7909,4951800,0,1,ABT
2017-10-12,54.24,54.73,54.11,54.71,52.8489,4405000,0.265,1,ABT
2017-10-11,55.26,55.3536,54.32,54.44,52.3321,6940000,0,1,ABT
2017-10-10,54.77,55.43,54.53,55.4,53.2549,4943100,0,1,ABT
2017-10-09,55.0536,55.05,54.61,54.66,52.5435,3985600,0,1,ABT
2017-10-06,54.9,55.06,54.51,55,52.8704,4302100,0,1,ABT
2017-10-05,54.37,55.11,54.35,54.92,52.7935,5143100,0,1,ABT
2017-10-04,53.67,54.34,53.611,54.34,52.2359,5629700,0,1,ABT
2017-10-03,53.75,53.995,53.7,53.75,51.6688,4464900,0,1,ABT
2017-10-02,53.64,53.7,53.195,53.68,51.6015,8681900,0,1,ABT
2017-09-29,53.64,53.79,53.29,53.36,51.2939,8459000,0,1,ABT
2017-09-28,54.75,54.8,53.61,53.64,51.563,14861100,0,1,ABT
2017-09-27,52.85,53.08,51.55,52.15,50.1307,8025600,0,1,ABT
2017-09-26,52.62,53.3,52.59,52.85,50.8036,6960100,0,1,ABT
2017-09-25,52.46,52.78,52.314,52.61,50.5729,9778100,0,1,ABT
2017-09-22,51.51,52.58,51.5,52.51,50.4768,7979000,0,1,ABT
2017-09-21,51.88,51.98,51.38,51.43,49.4386,5737600,0,1,ABT
2017-09-20,51.39,51.915,51.39,51.89,49.8808,4967000,0,1,ABT
2017-09-19,52.15,52.24,51.37,51.41,49.4194,3790900,0,1,ABT
2017-09-18,51.89,52.09,51.6,52.08,50.0634,3371000,0,1,ABT
2017-09-15,51.75,51.88,51.49,51.76,49.7558,6699700,0,1,ABT
2017-09-14,51.93,52.1,51.57,51.69,49.6885,5568300,0,1,ABT
2017-09-13,52.24,52.33,51.89,52,49.9865,4214100,0,1,ABT
2017-09-12,52.49,52.54,51.88,52.25,50.2269,3759600,0,1,ABT
2017-09-11,52.35,52.6,52.01,52.45,50.4191,3668800,0,1,ABT
2017-09-08,51.29,52.15,51.2881,52.02,50.0058,6221800,0,1,ABT
2017-09-07,51.4,51.62,51.13,51.49,49.4963,4631700,0,1,ABT
2017-09-06,51.2001,51.415,51.06,51.19,49.2079,7719500,0,1,ABT
2017-09-05,50.84,51.18,50.64,51.03,49.0541,4027200,0,1,ABT
2017-09-01,51.03,51.41,50.81,51.18,49.1983,4599400,0,1,ABT
2017-08-31,50.3,51.05,50.11,50.94,48.9676,6207800,0,1,ABT
2017-08-30,50.02,50.21,49.8723,50.11,48.1697,2926200,0,1,ABT
2017-08-29,49.91,50.28,49.494,50.15,48.2082,4117300,0,1,ABT
2017-08-28,49.54,50.3504,49.52,50.26,48.3139,6126900,0,1,ABT
2017-08-25,49.59,49.8,49.35,49.35,47.4391,4852400,0,1,ABT
2017-08-24,49.74,49.84,49.33,49.38,47.468,3871800,0,1,ABT
2017-08-23,49.55,49.76,49.38,49.64,47.7179,4559000,0,1,ABT
2017-08-22,48.9491,49.85,48.88,49.71,47.7852,4018800,0,1,ABT
2017-08-21,48.78,48.985,48.5818,48.88,46.9873,4282000,0,1,ABT
2017-08-18,49.1,49.17,48.68,48.74,46.8528,4810800,0,1,ABT
2017-08-17,49.63,50.15,49.25,49.29,47.3815,6633100,0,1,ABT
2017-08-16,49.04,49.86,48.965,49.81,47.8813,6492100,0,1,ABT
2017-08-15,49.06,49.205,48.81,48.82,46.9297,2922100,0,1,ABT
2017-08-14,48.74,49.25,48.7,49.08,47.1796,3248400,0,1,ABT
2017-08-11,48.24,48.77,48.06,48.54,46.6605,3978900,0,1,ABT
2017-08-10,48.74,48.85,48.05,48.06,46.1991,4652200,0,1,ABT
2017-08-09,48.76,48.87,48.43,48.77,46.8816,4102900,0,1,ABT
2017-08-08,49.24,49.24,48.81,48.88,46.9873,3390700,0,1,ABT
2017-08-07,49.26,49.38,49.1,49.3,47.3911,2898300,0,1,ABT
2017-08-04,49.24,49.36,49.09,49.26,47.3526,3334700,0,1,ABT
2017-08-03,49.26,49.29,48.93,49.16,47.2565,4365700,0,1,ABT
2017-08-02,49.14,49.26,48.79,49.23,47.3238,4841500,0,1,ABT
2017-08-01,49.21,49.3075,48.72,49.15,47.2469,5098000,0,1,ABT
2017-07-31,49.76,49.84,49.16,49.18,47.2757,6036200,0,1,ABT
2017-07-28,50.16,50.2,49.51,49.61,47.6891,5688300,0,1,ABT
2017-07-27,50.32,50.36,49.91,50.11,48.1697,7370900,0,1,ABT
2017-07-26,50.74,50.81,50.27,50.4,48.4485,6057100,0,1,ABT
2017-07-25,50.98,51,50.615,50.83,48.8618,5692800,0,1,ABT
2017-07-24,50.81,50.99,50.465,50.8,48.833,8584300,0,1,ABT
2017-07-21,50.73,50.93,50.49,50.84,48.8715,7980300,0,1,ABT
2017-07-20,49.68,51.13,49.35,50.85,48.8811,12331200,0,1,ABT
2017-07-19,48.8,49.47,48.76,49.43,47.516,6485000,0,1,ABT
2017-07-18,48.69,48.85,48.28,48.74,46.8528,4163600,0,1,ABT
2017-07-17,48.91,49.025,48.72,48.76,46.872,3358400,0,1,ABT
2017-07-14,48.2,49.105,48.1514,48.91,47.0162,4111000,0,1,ABT
2017-07-13,48.43,48.5346,47.83,48.08,46.2183,7016600,0,1,ABT
2017-07-12,48.17,48.69,48,48.43,46.5548,3906900,0.265,1,ABT
2017-07-11,48.2,48.43,48.035,48.15,46.0309,4084400,0,1,ABT
2017-07-10,48.42,48.53,48.135,48.23,46.1073,3479900,0,1,ABT
2017-07-07,48.17,48.48,47.975,48.44,46.3081,4354300,0,1,ABT
2017-07-06,48.83,48.86,47.8977,47.94,45.8301,5665300,0,1,ABT
2017-07-05,48.72,49.1,48.66,49,46.8435,5637200,0,1,ABT
2017-07-03,48.73,49.04,48.655,48.71,46.5662,2454800,0,1,ABT
2017-06-30,48.78,49.045,48.61,48.61,46.4706,4723300,0,1,ABT
2017-06-29,48.73,49.2,48.5,48.73,46.5853,6048500,0,1,ABT
2017-06-28,48.93,49.02,48.35,48.48,46.3463,8366300,0,1,ABT
2017-06-27,48.95,49.13,48.65,48.67,46.528,3893200,0,1,ABT
2017-06-26,49.21,49.45,48.89,48.91,46.7574,5302600,0,1,ABT
2017-06-23,49.18,49.36,48.965,49.08,46.9199,9343900,0,1,ABT
2017-06-22,48.5955,49.59,48.51,49.27,47.1016,8714100,0,1,ABT
2017-06-21,48.79,48.93,48.29,48.57,46.4324,8271800,0,1,ABT
2017-06-20,48.89,49.3,48.75,48.77,46.6236,8500700,0,1,ABT
2017-06-19,48.34,49.17,48.15,48.89,46.7383,7409500,0,1,ABT
2017-06-16,48.18,48.38,47.8,48.21,46.0882,9902200,0,1,ABT
2017-06-15,47.58,48.34,47.37,48.12,46.0022,9366700,0,1,ABT
2017-06-14,47.46,47.87,47.45,47.64,45.5433,6076900,0,1,ABT
2017-06-13,47.24,47.67,47.2,47.46,45.3712,7163700,0,1,ABT
2017-06-12,47.29,47.72,46.83,47.17,45.094,7365500,0,1,ABT
2017-06-09,46.81,47.31,46.66,47.29,45.2087,9117300,0,1,ABT
2017-06-08,46.05,46.98,45.92,46.72,44.6638,8364400,0,1,ABT
2017-06-07,46.38,46.6,46.23,46.56,44.5109,4358400,0,1,ABT
2017-06-06,46.58,46.7,46.32,46.36,44.3197,6048300,0,1,ABT
2017-06-05,46.57,46.75,46.38,46.62,44.5682,7810600,0,1,ABT
2017-06-02,46.33,46.55,46.15,46.5,44.4535,6885700,0,1,ABT
2017-06-01,45.52,46.1,45.47,46.1,44.0711,7385500,0,1,ABT
2017-05-31,45.2,45.75,45.18,45.66,43.6505,10449800,0,1,ABT
2017-05-30,44.46,45.1,44.21,45,43.0195,8119700,0,1,ABT
2017-05-26,43.92,44.85,43.83,44.71,42.7423,8624100,0,1,ABT
2017-05-25,43.7816,44,43.44,43.95,42.0157,4473400,0,1,ABT
2017-05-24,43.7854,43.79,43.395,43.53,41.6142,4585400,0,1,ABT
2017-05-23,43.71,44.17,43.62,43.68,41.7576,4672400,0,1,ABT
2017-05-22,43.27,43.87,43.1,43.73,41.8054,5802200,0,1,ABT
2017-05-19,43.15,43.32,43.01,43.16,41.2605,5883000,0,1,ABT
2017-05-18,43.17,43.28,42.88,42.98,41.0884,5225100,0,1,ABT
2017-05-17,43.4,43.61,43.05,43.08,41.184,5989300,0,1,ABT
2017-05-16,44.59,44.59,43.41,43.69,41.7672,7159300,0,1,ABT
2017-05-15,43.92,44.23,43.9,44.04,42.1018,4223500,0,1,ABT
2017-05-12,43.9,44.17,43.87,43.96,42.0253,5775800,0,1,ABT
2017-05-11,44.39,44.39,43.775,43.86,41.9297,7071600,0,1,ABT
2017-05-10,44.7,44.7,44.37,44.5,42.5415,5253300,0,1,ABT
2017-05-09,44.65,44.77,44.56,44.67,42.704,4943100,0,1,ABT
2017-05-08,44.7,44.9,44.63,44.68,42.7136,6320100,0,1,ABT
2017-05-05,44.58,44.69,44.48,44.64,42.6754,5893200,0,1,ABT
2017-05-04,43.75,44.59,43.72,44.59,42.6275,6551400,0,1,ABT
2017-05-03,43.611,43.75,43.49,43.72,41.7958,4579700,0,1,ABT
2017-05-02,43.66,43.77,43.405,43.6,41.6811,6166100,0,1,ABT
2017-05-01,43.57,43.66,43.32,43.48,41.5664,5119100,0,1,ABT
2017-04-28,43.67,43.75,43.5,43.64,41.7194,6014100,0,1,ABT
2017-04-27,43.96,44.01,43.595,43.65,41.7289,7487300,0,1,ABT
2017-04-26,43.9298,44.15,43.71,43.8,41.8723,5591200,0,1,ABT
2017-04-25,44.21,44.385,43.76,43.76,41.8341,6793100,0,1,ABT
2017-04-24,44.07,44.26,43.84,44.13,42.1878,6727000,0,1,ABT
2017-04-21,43.94,43.98,43.43,43.53,41.6142,7519800,0,1,ABT
2017-04-20,43.69,44.15,43.5238,43.98,42.0444,5871900,0,1,ABT
2017-04-19,43.78,44,43.12,43.59,41.6716,13454600,0,1,ABT
2017-04-18,43.09,43.59,42.96,43.43,41.5186,10131200,0,1,ABT
2017-04-17,42.67,43.38,42.31,43.31,41.4039,8068500,0,1,ABT
2017-04-13,42.4,42.96,42.39,42.67,40.792,11427000,0,1,ABT
2017-04-12,43.32,43.59,43.19,43.48,41.5664,4778900,0,1,ABT
2017-04-11,43.22,43.595,43.15,43.58,41.662,4871900,0.265,1,ABT
2017-04-10,43.62,43.96,43.54,43.59,41.4182,4321300,0,1,ABT
2017-04-07,43.62,43.95,43.57,43.83,41.6463,5327800,0,1,ABT
2017-04-06,43.81,43.81,43.35,43.67,41.4942,6067300,0,1,ABT
2017-04-05,44.17,44.54,43.7,43.8,41.6178,7762300,0,1,ABT
2017-04-04,44.53,44.55,44.01,44.18,41.9788,5399200,0,1,ABT
2017-04-03,44.42,44.61,44.08,44.47,42.2544,7955000,0,1,ABT
2017-03-31,44.33,44.82,44.33,44.41,42.1974,7146500,0,1,ABT
2017-03-30,44.63,44.66,44.36,44.55,42.3304,4411600,0,1,ABT
2017-03-29,44.6701,44.835,44.37,44.67,42.4444,4186900,0,1,ABT
2017-03-28,44.74,44.78,44.26,44.7,42.4729,5377400,0,1,ABT
2017-03-27,44.53,44.8,44.39,44.7,42.4729,6914700,0,1,ABT
2017-03-24,44.7573,45.15,44.6,44.73,42.5014,4753200,0,1,ABT
2017-03-23,44.71,44.99,44.59,44.77,42.5394,3952800,0,1,ABT
2017-03-22,44.94,45.07,44.59,44.81,42.5774,5198900,0,1,ABT
2017-03-21,45.15,45.38,44.6,44.8,42.5679,5567100,0,1,ABT
2017-03-20,45.19,45.23,44.87,44.98,42.739,3521600,0,1,ABT
2017-03-17,45.1,45.27,44.77,45.19,42.9385,12277400,0,1,ABT
2017-03-16,45.17,45.37,44.612,44.98,42.739,6704200,0,1,ABT
2017-03-15,44.96,45.4,44.86,45.32,43.062,6844400,0,1,ABT
2017-03-14,45.19,45.25,44.77,44.8,42.5679,7504500,0,1,ABT
2017-03-13,45.65,45.78,45.23,45.53,43.2616,7040500,0,1,ABT
2017-03-10,45.77,45.84,45.51,45.72,43.4421,6105900,0,1,ABT
2017-03-09,45.36,45.74,45.345,45.63,43.3566,5691000,0,1,ABT
2017-03-08,45.03,45.455,44.92,45.36,43.1,6398500,0,1,ABT
2017-03-07,44.81,45.16,44.67,45,42.758,6476300,0,1,ABT
2017-03-06,44.99,45.376,44.86,45.13,42.8815,6001300,0,1,ABT
2017-03-03,45.42,45.56,45.11,45.25,42.9955,6789600,0,1,ABT
2017-03-02,45.5,45.835,45.35,45.69,43.4136,11164100,0,1,ABT
2017-03-01,45.37,45.7,45.185,45.59,43.3186,8886300,0,1,ABT
2017-02-28,45.41,45.43,44.828,45.08,42.834,14211400,0,1,ABT
2017-02-27,45.51,45.56,45.1828,45.46,43.195,6142600,0,1,ABT
2017-02-24,45.29,45.68,45.23,45.68,43.4041,7608600,0,1,ABT
2017-02-23,45.02,45.51,44.85,45.4,43.138,9459400,0,1,ABT
2017-02-22,44.88,45.11,44.81,45.01,42.7675,7534600,0,1,ABT
2017-02-21,44.65,45.15,44.54,45.01,42.7675,11387800,0,1,ABT
2017-02-17,44.17,44.7044,44.09,44.69,42.4634,9632000,0,1,ABT
2017-02-16,44,44.21,43.74,44.2,41.9978,8975500,0,1,ABT
2017-02-15,43.5,44.08,43.42,44,41.8078,7946400,0,1,ABT
2017-02-14,43.01,43.73,42.958,43.65,41.4752,8458800,0,1,ABT
2017-02-13,43,43.22,42.86,43.22,41.0667,5672400,0,1,ABT
2017-02-10,42.74,42.8,42.48,42.74,40.6106,3692400,0,1,ABT
2017-02-09,42.5,42.78,42.32,42.54,40.4205,5138400,0,1,ABT
2017-02-08,42.66,42.729,42.28,42.4,40.2875,6731400,0,1,ABT
2017-02-07,42.57,42.98,42.504,42.89,40.7531,8697300,0,1,ABT
2017-02-06,42.57,42.75,42.23,42.43,40.316,8735200,0,1,ABT
2017-02-03,42.94,43.13,42.54,42.78,40.6486,11642200,0,1,ABT
2017-02-02,42.18,42.79,41.85,42.75,40.6201,11836900,0,1,ABT
2017-02-01,41.51,42.37,41.44,42.33,40.221,11948800,0,1,ABT
2017-01-31,40.73,41.79,40.6,41.77,39.6889,12318200,0,1,ABT
2017-01-30,40.8611,41.14,40.77,41.01,38.9668,13811600,0,1,ABT
2017-01-27,41.11,41.31,40.9,41,38.9573,7033600,0,1,ABT
2017-01-26,40.46,41.12,40.45,40.96,38.9193,9410200,0,1,ABT
2017-01-25,39.76,40.465,39.25,40.31,38.3016,16890200,0,1,ABT
2017-01-24,40.32,40.5,40.12,40.31,38.3016,7773700,0,1,ABT
2017-01-23,40.32,40.545,40.2,40.34,38.3301,7351900,0,1,ABT
2017-01-20,40.51,40.77,40.345,40.46,38.4442,5908000,0,1,ABT
2017-01-19,40.64,40.73,40.24,40.4,38.3872,7160200,0,1,ABT
2017-01-18,41.05,41.1,40.51,40.76,38.7292,7195100,0,1,ABT
2017-01-17,40.67,41.04,40.53,40.9,38.8622,8272700,0,1,ABT
2017-01-13,40.75,41.36,40.69,40.93,38.8908,9533300,0,1,ABT
2017-01-12,40.79,40.79,40.31,40.72,38.6912,8633400,0,1,ABT
2017-01-11,41.0529,41.415,40.485,41.08,39.0333,10699400,0.265,1,ABT
2017-01-10,40.81,41.62,40.78,41.29,38.981,9256300,0,1,ABT
2017-01-09,40.79,41.06,40.62,40.74,38.4618,10992500,0,1,ABT
2017-01-06,39.7,40.99,39.66,40.78,38.4995,14628900,0,1,ABT
2017-01-05,39.24,39.75,38.98,39.7,37.4799,12080100,0,1,ABT
2017-01-04,39.06,39.725,39.06,39.36,37.1589,22644500,0,1,ABT
2017-01-03,38.633,39.08,38.34,39.05,36.8663,9677300,0,1,ABT
2016-12-30,38.3285,38.87,38.25,38.41,36.2621,10445600,0,1,ABT
2016-12-29,38.3,38.51,38.11,38.31,36.1677,7050800,0,1,ABT
2016-12-28,38.63,38.77,38.075,38.22,36.0827,6828500,0,1,ABT
2016-12-27,38.48,38.94,38.47,38.6,36.4414,6633700,0,1,ABT
2016-12-23,38.33,38.65,38.22,38.42,36.2715,4625600,0,1,ABT
2016-12-22,38.15,38.34,37.91,38.29,36.1488,7980900,0,1,ABT
2016-12-21,38.19,38.28,37.9,38.24,36.1016,9190600,0,1,ABT
2016-12-20,38.4,38.505,38.02,38.19,36.0544,6992900,0,1,ABT
2016-12-19,38.2279,38.63,38.06,38.34,36.196,10153500,0,1,ABT
2016-12-16,39.02,39.33,37.98,38.1,35.9694,15107500,0,1,ABT
2016-12-15,38.76,39.05,38.27,38.93,36.753,9229400,0,1,ABT
2016-12-14,39.42,39.7926,38.67,38.82,36.6491,11284100,0,1,ABT
2016-12-13,39.31,39.67,39.17,39.44,37.2345,7483300,0,1,ABT
2016-12-12,39.2,39.51,39.0614,39.2,37.0079,7771700,0,1,ABT
2016-12-09,38.82,39.34,38.7826,39.2,37.0079,7802500,0,1,ABT
2016-12-08,38.33,38.79,38.01,38.68,36.517,7046900,0,1,ABT
2016-12-07,38.13,38.49,37.42,38.48,36.3282,10888600,0,1,ABT
2016-12-06,38.44,38.649,38.22,38.42,36.2715,6136100,0,1,ABT
2016-12-05,38.11,38.45,37.99,38.43,36.281,9514700,0,1,ABT
2016-12-02,37.68,38.075,37.6,37.9,35.7806,7252800,0,1,ABT
2016-12-01,38.12,38.3,37.38,37.6,35.4974,9008500,0,1,ABT
2016-11-30,38.7485,38.75,38.065,38.07,35.9411,14916800,0,1,ABT
2016-11-29,38.86,39.02,38.66,38.73,36.5642,7338500,0,1,ABT
2016-11-28,39.22,39.22,38.7,38.74,36.5736,5727800,0,1,ABT
2016-11-25,39.0777,39.21,38.94,39.16,36.9701,2733000,0,1,ABT
2016-11-23,38.04,39.13,37.9004,38.98,36.8002,9568900,0,1,ABT
2016-11-22,39.42,39.61,37.81,38.1,35.9694,16242500,0,1,ABT
2016-11-21,39.85,40.1276,39.64,39.76,37.5366,8614700,0,1,ABT
2016-11-18,40.31,40.42,39.8,39.84,37.6121,7015100,0,1,ABT
2016-11-17,40,40.5,40,40.39,38.1313,6582600,0,1,ABT
2016-11-16,39.8,40.25,39.65,39.95,37.716,8894100,0,1,ABT
2016-11-15,39.29,39.94,39.05,39.81,37.5838,9264700,0,1,ABT
2016-11-14,40.11,40.17,39.1,39.2,37.0079,11193400,0,1,ABT
2016-11-11,40.3768,40.48,39.9,40.14,37.8953,5729000,0,1,ABT
2016-11-10,40.52,40.86,40.3213,40.61,38.3391,9716400,0,1,ABT
2016-11-09,41.5,41.53,39.17,40.07,37.8292,13102900,0,1,ABT
2016-11-08,39.62,40.075,39.245,39.83,37.6027,6654400,0,1,ABT
2016-11-07,39.64,39.96,39.54,39.86,37.631,6458800,0,1,ABT
2016-11-04,38.45,39.435,38.4114,39.09,36.904,8748100,0,1,ABT
2016-11-03,38.86,39.15,38.3,38.38,36.2337,7529400,0,1,ABT
2016-11-02,39.05,39.22,38.7,38.7,36.5359,6323200,0,1,ABT
2016-11-01,39.24,39.3528,38.64,39.05,36.8663,8078500,0,1,ABT
2016-10-31,39.43,39.54,39.22,39.24,37.0457,8241700,0,1,ABT
2016-10-28,40.25,40.6,39.51,39.54,37.3289,12519600,0,1,ABT
2016-10-27,40.09,40.53,40.06,40.29,38.0369,6583200,0,1,ABT
2016-10-26,40,40.28,39.76,39.96,37.7254,7196700,0,1,ABT
2016-10-25,40.42,40.6121,40.15,40.19,37.9425,6598400,0,1,ABT
2016-10-24,40.79,40.92,40.31,40.41,38.1502,6998800,0,1,ABT
2016-10-21,40.41,40.61,40.16,40.5,38.2352,7276400,0,1,ABT
2016-10-20,40.01,40.81,40,40.74,38.4618,8725900,0,1,ABT
2016-10-19,40.52,41.38,39.94,40.01,37.7726,19299600,0,1,ABT
2016-10-18,40.85,41.41,40.5,41.17,38.8677,9604900,0,1,ABT
2016-10-17,40.7296,40.95,40.55,40.59,38.3202,7252700,0,1,ABT
2016-10-14,41.17,41.53,40.77,40.79,38.509,8819000,0,1,ABT
2016-10-13,40.74,41.235,40.41,40.98,38.6884,6544700,0,1,ABT
2016-10-12,41.05,41.42,40.82,40.98,38.6884,6403900,0.26,1,ABT
2016-10-11,43.2,43.27,41.02,41.16,38.6128,23896100,0,1,ABT
2016-10-10,43.15,43.78,43.0633,43.5,40.808,8285100,0,1,ABT
2016-10-07,43,43.19,42.57,42.97,40.3108,7249800,0,1,ABT
2016-10-06,42.69,43.05,42.32,42.97,40.3108,7250200,0,1,ABT
2016-10-05,42.34,42.81,42.33,42.74,40.095,7218700,0,1,ABT
2016-10-04,42.48,42.79,41.86,42.1,39.4947,5870700,0,1,ABT
2016-10-03,42.06,42.58,41.88,42.55,39.9168,5947400,0,1,ABT
2016-09-30,41.74,42.47,41.69,42.29,39.6729,7451000,0,1,ABT
2016-09-29,42.11,42.25,41.26,41.44,38.8755,6785700,0,1,ABT
2016-09-28,42.25,42.53,41.91,42.29,39.6729,5228300,0,1,ABT
2016-09-27,41.71,42.335,41.56,42.33,39.7104,5964900,0,1,ABT
2016-09-26,42.01,42.02,41.61,41.68,39.1006,6378200,0,1,ABT
2016-09-23,42.25,42.42,42.05,42.19,39.5791,6912300,0,1,ABT
2016-09-22,42.16,42.49,42.035,42.22,39.6072,5829700,0,1,ABT
2016-09-21,41.62,42.01,41.26,41.92,39.3258,5461300,0,1,ABT
2016-09-20,41.95,42,41.5778,41.58,39.0068,4866700,0,1,ABT
2016-09-19,42.036,42.36,41.59,41.68,39.1006,7552700,0,1,ABT
2016-09-16,40.95,42.03,40.83,41.87,39.2789,15790200,0,1,ABT
2016-09-15,40.79,41.255,40.65,41.12,38.5753,6099900,0,1,ABT
2016-09-14,40.69,41.04,40.55,40.81,38.2845,7707800,0,1,ABT
2016-09-13,41.23,41.24,40.48,40.64,38.125,6930000,0,1,ABT
2016-09-12,40.85,41.52,40.771,41.42,38.8567,7759600,0,1,ABT
2016-09-09,41.56,41.58,41,41.01,38.4721,10977900,0,1,ABT
2016-09-08,42.12,42.12,41.645,41.85,39.2601,7694300,0,1,ABT
2016-09-07,42.15,42.29,41.7679,41.9,39.307,11063600,0,1,ABT
2016-09-06,42.1,42.32,41.8,42.16,39.5509,7079100,0,1,ABT
2016-09-02,42.36,42.45,41.89,42.09,39.4853,7208200,0,1,ABT
2016-09-01,41.92,42.34,41.74,42.3,39.6823,10739200,0,1,ABT
2016-08-31,42.87,42.98,41.93,42.02,39.4196,12445800,0,1,ABT
2016-08-30,43.01,43.36,42.555,42.83,40.1795,12176200,0,1,ABT
2016-08-29,43,43.57,42.95,43.25,40.5735,9223200,0,1,ABT
2016-08-26,42.7184,43.28,42.09,42.98,40.3202,18670500,0,1,ABT
2016-08-25,43.17,44,42.27,42.84,40.1889,38568600,0,1,ABT
2016-08-24,43.96,44.1,43.0699,43.17,40.4984,7578500,0,1,ABT
2016-08-23,44.37,44.42,43.9,43.9,41.1833,7400600,0,1,ABT
2016-08-22,44.0773,44.36,43.79,44.17,41.4366,6518400,0,1,ABT
2016-08-19,44.17,44.31,43.645,44.24,41.5022,9439100,0,1,ABT
2016-08-18,44.68,44.74,44.25,44.36,41.6148,6548800,0,1,ABT
2016-08-17,45.14,45.14,44.44,44.68,41.915,8630300,0,1,ABT
2016-08-16,45.02,45.08,44.82,44.92,42.1401,7584400,0,1,ABT
2016-08-15,45.2,45.23,44.85,45.15,42.3559,6525600,0,1,ABT
2016-08-12,44.82,45.1,44.55,45.04,42.2527,6686300,0,1,ABT
2016-08-11,44.8491,45.14,44.75,45.05,42.2621,5756200,0,1,ABT
2016-08-10,45.08,45.29,44.684,44.81,42.037,6026000,0,1,ABT
2016-08-09,45.07,45.1781,44.99,45.08,42.2902,6486200,0,1,ABT
2016-08-08,45.06,45.41,44.88,45.02,42.234,7657900,0,1,ABT
2016-08-05,45,45.41,44.87,45.26,42.4591,6555300,0,1,ABT
2016-08-04,45.06,45.09,44.7788,44.81,42.037,6583500,0,1,ABT
2016-08-03,45.0716,45.09,44.831,44.95,42.1683,7783100,0,1,ABT
2016-08-02,45.72,45.79,44.855,45.07,42.2808,10352700,0,1,ABT
2016-08-01,44.75,45.58,44.72,45.29,42.4872,12152400,0,1,ABT
2016-07-29,44.38,45.12,44.26,44.75,41.9807,13423200,0,1,ABT
2016-07-28,44.02,45.16,43.9344,44.45,41.6992,18284700,0,1,ABT
2016-07-27,43.57,43.9,43.24,43.67,40.9675,15188200,0,1,ABT
2016-07-26,43.39,43.62,43.36,43.6,40.9018,8664800,0,1,ABT
2016-07-25,43.08,43.44,43.065,43.41,40.7236,11525900,0,1,ABT
2016-07-22,43.0514,43.26,42.81,43.17,40.4984,10204500,0,1,ABT
2016-07-21,42.88,43.419,42.81,43.04,40.3765,11456400,0,1,ABT
2016-07-20,42.8,42.92,42.095,42.65,40.0106,13686500,0,1,ABT
2016-07-19,41.94,41.99,41.6,41.8,39.2132,8462800,0,1,ABT
2016-07-18,42.0506,42.229,41.81,42.09,39.4853,7524200,0,1,ABT
2016-07-15,42.4,42.53,42.025,42.1,39.4947,7693500,0,1,ABT
2016-07-14,42.34,42.42,42.02,42.28,39.6635,9011900,0,1,ABT
2016-07-13,42.24,42.515,41.85,41.97,39.3727,7920200,0.26,1,ABT
2016-07-12,42.34,42.6525,42.135,42.47,39.5979,8266200,0,1,ABT
2016-07-11,42.03,42.31,42,42.12,39.2715,9052300,0,1,ABT
2016-07-08,41.6,42.27,41.56,41.89,39.0571,11071800,0,1,ABT
2016-07-07,40.83,41.57,40.8,41.36,38.5629,17624400,0,1,ABT
2016-07-06,39.27,40.88,39.25,40.83,38.0688,13177200,0,1,ABT
2016-07-05,39.31,39.56,39.21,39.44,36.7728,10029300,0,1,ABT
2016-07-01,39.31,39.71,39.16,39.54,36.866,6904600,0,1,ABT
2016-06-30,38.65,39.31,38.57,39.31,36.6516,10425000,0,1,ABT
2016-06-29,37.95,38.75,37.95,38.57,35.9616,8366500,0,1,ABT
2016-06-28,37.28,37.58,37.06,37.56,35.0199,8379700,0,1,ABT
2016-06-27,37.51,37.58,36.76,36.95,34.4511,12802100,0,1,ABT
2016-06-24,38.37,38.56,37.91,37.91,35.3462,16525000,0,1,ABT
2016-06-23,39.042,39.63,38.99,39.63,36.9499,10755500,0,1,ABT
2016-06-22,37.7227,38.85,37.72,38.74,36.1201,10868100,0,1,ABT
2016-06-21,38,38.18,37.7,37.73,35.1784,8841100,0,1,ABT
2016-06-20,37.88,38.066,37.75,37.75,35.197,7707300,0,1,ABT
2016-06-17,37.4,37.585,37.23,37.39,34.8614,9900000,0,1,ABT
2016-06-16,37.36,37.54,36.88,37.5,34.964,10267500,0,1,ABT
2016-06-15,37.75,37.87,37.4,37.43,34.8987,7716300,0,1,ABT
2016-06-14,37.8693,37.89,37.44,37.66,35.1131,9613200,0,1,ABT
2016-06-13,38.3194,38.56,37.85,37.86,35.2996,11065900,0,1,ABT
2016-06-10,38.67,38.7,38.23,38.4,35.8031,7926100,0,1,ABT
2016-06-09,38.87,39.077,38.7672,38.87,36.2413,10093100,0,1,ABT
2016-06-08,38.9,39.06,38.65,38.91,36.2786,9134000,0,1,ABT
2016-06-07,39.12,39.28,38.92,38.93,36.2972,10202700,0,1,ABT
2016-06-06,39.2481,39.38,39.05,39.17,36.521,9157100,0,1,ABT
2016-06-03,39.52,39.54,39.02,39.18,36.5303,10841200,0,1,ABT
2016-06-02,39.5,39.64,39.345,39.53,36.8567,12758500,0,1,ABT
2016-06-01,39.37,39.62,39.3,39.5,36.8287,11554800,0,1,ABT
2016-05-31,39.33,39.67,39.1406,39.63,36.9499,15887000,0,1,ABT
2016-05-27,39.0427,39.4,38.92,39.3,36.6422,12339400,0,1,ABT
2016-05-26,38.652,38.95,38.54,38.89,36.26,12446000,0,1,ABT
2016-05-25,38.06,38.77,38.03,38.68,36.0642,16141100,0,1,ABT
2016-05-24,37.49,38.07,37.43,37.98,35.4115,8678000,0,1,ABT
2016-05-23,37.72,37.75,37.27,37.37,34.8428,7126700,0,1,ABT
2016-05-20,37.55,37.7824,37.48,37.6,35.0572,7807600,0,1,ABT
2016-05-19,37.56,37.68,36.8904,37.24,34.7215,8221300,0,1,ABT
2016-05-18,37.75,38.1,37.49,37.75,35.197,10603000,0,1,ABT
2016-05-17,38.22,38.3,37.5509,37.71,35.1598,8357100,0,1,ABT
2016-05-16,37.6,38.41,37.6,38.25,35.6632,10178500,0,1,ABT
2016-05-13,37.86,38.056,37.4719,37.6,35.0572,9337900,0,1,ABT
2016-05-12,38.14,38.17,37.52,38,35.4301,10395400,0,1,ABT
2016-05-11,38.2,38.29,37.9,38.01,35.4395,10598300,0,1,ABT
2016-05-10,38.3,38.3,37.78,38.1,35.5234,11228200,0,1,ABT
2016-05-09,38.11,38.58,37.88,37.98,35.4115,11156200,0,1,ABT
2016-05-06,38.22,38.4,37.71,37.97,35.4022,11399900,0,1,ABT
2016-05-05,38.28,38.73,38.1,38.5,35.8963,16531000,0,1,ABT
2016-05-04,38.353,38.46,38,38.1,35.5234,13975300,0,1,ABT
2016-05-03,38.8,38.83,38.21,38.55,35.9429,18241600,0,1,ABT
2016-05-02,38.85,39.12,38.42,38.85,36.2227,21292300,0,1,ABT
2016-04-29,40.365,40.38,38.58,38.9,36.2693,30646800,0,1,ABT
2016-04-28,40.08,41.69,39.99,40.42,37.6865,54527700,0,1,ABT
2016-04-27,43.93,44,43.69,43.83,40.8659,5035100,0,1,ABT
2016-04-26,44.16,44.25,43.755,43.88,40.9125,3372700,0,1,ABT
2016-04-25,44.01,44.2,43.81,44.01,41.0337,4136800,0,1,ABT
2016-04-22,43.7209,44.17,43.72,44.08,41.099,4691800,0,1,ABT
2016-04-21,43.78,44.3211,43.59,43.88,40.9125,6171500,0,1,ABT
2016-04-20,44.48,44.58,43.51,43.97,40.9964,8693500,0,1,ABT
2016-04-19,44,44.01,43.49,43.85,40.8845,7786600,0,1,ABT
2016-04-18,43.18,44.01,43.18,43.95,40.9778,4268800,0,1,ABT
2016-04-15,43.53,43.548,43.18,43.41,40.4743,3620400,0,1,ABT
2016-04-14,43.38,43.66,43.28,43.51,40.5675,3118700,0,1,ABT
2016-04-13,42.87,43.42,42.68,43.35,40.4183,4140700,0.26,1,ABT
2016-04-12,42.3598,43.07,42.36,42.82,39.6818,5100200,0,1,ABT
2016-04-11,42.47,42.88,42.46,42.48,39.3667,3948800,0,1,ABT
2016-04-08,42.78,42.93,42.121,42.37,39.2647,4920300,0,1,ABT
2016-04-07,42.67,42.91,42.24,42.61,39.4872,4901300,0,1,ABT
2016-04-06,41.98,43.16,41.98,43.05,39.8949,6261000,0,1,ABT
2016-04-05,42.01,42.26,41.89,42.04,38.9589,6582700,0,1,ABT
2016-04-04,42.34,42.67,42.16,42.32,39.2184,4407800,0,1,ABT
2016-04-01,41.53,42.26,41.36,42.19,39.0979,3972900,0,1,ABT
2016-03-31,41.65,42,41.51,41.83,38.7643,5168400,0,1,ABT
2016-03-30,41.6,41.94,41.49,41.65,38.5975,3433000,0,1,ABT
2016-03-29,40.75,41.53,40.71,41.47,38.4307,4127000,0,1,ABT
2016-03-28,40.77,41,40.61,40.88,37.8839,3328000,0,1,ABT
2016-03-24,40.64,40.9,40.36,40.75,37.7635,4261000,0,1,ABT
2016-03-23,40.8427,41.34,40.69,40.78,37.7913,4087600,0,1,ABT
2016-03-22,40.5,41.16,40.34,41.03,38.0229,6652300,0,1,ABT
2016-03-21,40.58,40.77,40.44,40.76,37.7727,4054800,0,1,ABT
2016-03-18,40.3631,40.94,40.14,40.79,37.8005,10143900,0,1,ABT
2016-03-17,40.2,40.405,39.535,40.29,37.3372,6089900,0,1,ABT
2016-03-16,40.14,40.315,39.78,40.18,37.2353,5393000,0,1,ABT
2016-03-15,40.16,40.34,39.5476,39.9,36.9758,5309200,0,1,ABT
2016-03-14,40.31,40.68,39.986,40.5,37.5318,5707800,0,1,ABT
2016-03-11,39.2494,40.45,39.08,40.37,37.4113,11786400,0,1,ABT
2016-03-10,39.41,39.88,38.82,39.03,36.1695,8716900,0,1,ABT
2016-03-09,39.26,39.39,39.006,39.28,36.4012,6196000,0,1,ABT
2016-03-08,38.95,39.49,38.88,39.17,36.2993,7704200,0,1,ABT
2016-03-07,39,39.39,38.92,39.18,36.3085,5955800,0,1,ABT
2016-03-04,38.85,39.365,38.8,39.18,36.3085,7419200,0,1,ABT
2016-03-03,38.56,38.89,38.09,38.82,35.9749,13516200,0,1,ABT
2016-03-02,39.35,39.57,39.1,39.34,36.4568,7498100,0,1,ABT
2016-03-01,38.9109,39.46,38.795,39.33,36.4475,9693900,0,1,ABT
2016-02-29,39.3404,39.836,38.74,38.74,35.9008,8463400,0,1,ABT
2016-02-26,39.48,39.88,39.22,39.52,36.6236,8741400,0,1,ABT
2016-02-25,39.22,39.64,38.97,39.63,36.7256,7608300,0,1,ABT
2016-02-24,38.18,39.32,37.97,39.2,36.3271,7054800,0,1,ABT
2016-02-23,38.91,39.05,38.3,38.39,35.5764,6144300,0,1,ABT
2016-02-22,39,39.245,38.7394,39.16,36.29,4946300,0,1,ABT
2016-02-19,38.32,38.65,38.14,38.53,35.7062,5735000,0,1,ABT
2016-02-18,38.34,38.89,38.215,38.31,35.5023,5617800,0,1,ABT
2016-02-17,38.37,38.56,38.24,38.45,35.632,6358900,0,1,ABT
2016-02-16,37.13,38.01,37.12,37.99,35.2058,7960200,0,1,ABT
2016-02-12,36.7,37.15,36.4008,37.13,34.4088,6424800,0,1,ABT
2016-02-11,36.44,36.85,36.02,36.34,33.6767,7724000,0,1,ABT
2016-02-10,37.58,38.18,37.12,37.21,34.4829,7909400,0,1,ABT
2016-02-09,36.96,37.785,36.87,37,34.2883,8691600,0,1,ABT
2016-02-08,37.19,37.64,36.69,37.46,34.7146,7802000,0,1,ABT
2016-02-05,38.23,38.3517,37.115,37.41,34.6683,5750200,0,1,ABT
2016-02-04,37.78,38.22,37.53,38.01,35.2243,5103800,0,1,ABT
2016-02-03,38.23,38.41,37.1,38.02,35.2335,6914000,0,1,ABT
2016-02-02,38,38.73,37.82,37.88,35.1038,9632400,0,1,ABT
2016-02-01,36.17,38.71,36.166,38.45,35.632,14252500,0,1,ABT
2016-01-29,36.69,37.87,36.68,37.85,35.076,16124300,0,1,ABT
2016-01-28,38.41,38.5,36,36.71,34.0196,23544400,0,1,ABT
2016-01-27,39.95,41.493,39.9,40.47,37.504,10530700,0,1,ABT
2016-01-26,39.86,40.44,39.645,40.16,37.2167,5360400,0,1,ABT
2016-01-25,40.03,40.16,39.58,39.66,36.7534,5304600,0,1,ABT
2016-01-22,40.2,40.2,39.74,40.03,37.0962,8854600,0,1,ABT
2016-01-21,40.18,40.18,39.24,39.48,36.5865,10089500,0,1,ABT
2016-01-20,39.73,40.28,39.08,39.96,37.0314,11279900,0,1,ABT
2016-01-19,41.1,41.32,40.13,40.43,37.4669,7997300,0,1,ABT
2016-01-15,39.85,40.92,39.75,40.54,37.5689,10464800,0,1,ABT
2016-01-14,40.34,41.318,40.14,41.1,38.0878,7326800,0,1,ABT
2016-01-13,41.48,41.69,40.16,40.28,37.3279,5754400,0.26,1,ABT
2016-01-12,40.99,41.61,40.87,41.46,38.1805,7328900,0,1,ABT
2016-01-11,40.77,40.8969,40.1,40.73,37.5082,7839700,0,1,ABT
2016-01-08,41.86,41.9,40.54,40.67,37.453,7477700,0,1,ABT
2016-01-07,41.68,42.18,41.4,41.54,38.2542,7151400,0,1,ABT
2016-01-06,42.31,42.975,42.2085,42.56,39.1935,5906000,0,1,ABT
2016-01-05,42.96,43.2,42.61,42.92,39.525,8245200,0,1,ABT
2016-01-04,43.94,44.05,42.5,42.93,39.5342,12227500,0,1,ABT
2015-12-31,45.1061,45.495,44.9,44.91,41.3576,4192400,0,1,ABT
2015-12-30,45.85,46.03,45.21,45.27,41.6891,4912000,0,1,ABT
2015-12-29,45.28,45.95,45.17,45.82,42.1956,4071200,0,1,ABT
2015-12-28,44.92,45.13,44.82,45.03,41.4681,2742900,0,1,ABT
2015-12-24,44.94,45.3,44.94,45.1,41.5326,1462900,0,1,ABT
2015-12-23,44.73,45.175,44.63,45.1,41.5326,4353000,0,1,ABT
2015-12-22,44.2298,44.56,43.97,44.48,40.9616,4367300,0,1,ABT
2015-12-21,44.05,44.19,43.5643,44.04,40.5564,5453300,0,1,ABT
2015-12-18,44.96,45.0423,43.7,43.7,40.2433,13044400,0,1,ABT
2015-12-17,46.09,46.2238,45.25,45.26,41.6799,5792200,0,1,ABT
2015-12-16,45.77,46.14,45.25,46.05,42.4074,7576500,0,1,ABT
2015-12-15,45.2,45.92,45.1511,45.59,41.9838,5828000,0,1,ABT
2015-12-14,44.45,44.83,43.96,44.81,41.2655,6173500,0,1,ABT
2015-12-11,44.7726,44.87,44.29,44.36,40.8511,5236400,0,1,ABT
2015-12-10,45.08,45.64,45,45.31,41.726,4953200,0,1,ABT
2015-12-09,45.39,45.7,44.81,44.96,41.4036,5544400,0,1,ABT
2015-12-08,45.32,45.75,45.16,45.55,41.947,5199000,0,1,ABT
2015-12-07,45.57,45.73,45.29,45.56,41.9562,5559900,0,1,ABT
2015-12-04,44.41,45.36,44.28,45.3,41.7167,6438500,0,1,ABT
2015-12-03,45.36,45.47,44.01,44.15,40.6577,6857400,0,1,ABT
2015-12-02,45.43,45.72,45.115,45.22,41.6431,4840400,0,1,ABT
2015-12-01,45.22,45.52,44.94,45.46,41.8641,5593200,0,1,ABT
2015-11-30,45.44,45.54,44.92,44.92,41.3668,7827000,0,1,ABT
2015-11-27,45.42,45.6,45.31,45.42,41.8272,1678000,0,1,ABT
2015-11-25,45.38,45.645,45.28,45.41,41.818,3080700,0,1,ABT
2015-11-24,45.11,45.58,45.03,45.45,41.8549,4638600,0,1,ABT
2015-11-23,46.03,46.1,45.255,45.44,41.8457,4593800,0,1,ABT
2015-11-20,46.03,46.38,45.84,46.01,42.3706,7140700,0,1,ABT
2015-11-19,45.72,46.07,45.47,45.73,42.1127,6830300,0,1,ABT
2015-11-18,44.97,45.87,44.96,45.8,42.1772,5691000,0,1,ABT
2015-11-17,44.89,45.17,44.61,44.77,41.2287,5794300,0,1,ABT
2015-11-16,43.9,44.892,43.8,44.88,41.33,6362900,0,1,ABT
2015-11-13,43.4492,44.36,43.45,43.96,40.4827,6797500,0,1,ABT
2015-11-12,44.81,44.96,44.16,44.19,40.6945,6013900,0,1,ABT
2015-11-11,45.86,45.87,45.04,45.07,41.5049,4298600,0,1,ABT
2015-11-10,45.0876,45.85,45.06,45.76,42.1404,5520600,0,1,ABT
2015-11-09,45.47,45.47,44.87,45.05,41.4865,5946000,0,1,ABT
2015-11-06,44.89,45.665,44.65,45.63,42.0206,6586300,0,1,ABT
2015-11-05,45.09,45.51,44.89,45.18,41.6062,5107000,0,1,ABT
2015-11-04,45.72,45.72,45.05,45.18,41.6062,6506600,0,1,ABT
2015-11-03,45.36,45.64,45.04,45.51,41.9101,3933800,0,1,ABT
2015-11-02,44.88,45.5,44.6,45.43,41.8365,5477800,0,1,ABT
2015-10-30,45.19,45.34,44.76,44.8,41.2563,8442300,0,1,ABT
2015-10-29,44.93,45.34,44.8,45.24,41.6615,6887700,0,1,ABT
2015-10-28,43.96,44.77,43.64,44.76,41.2195,6158300,0,1,ABT
2015-10-27,43.54,43.98,43.5,43.88,40.4091,5743600,0,1,ABT
2015-10-26,43.58,43.8198,43.42,43.61,40.1604,5716400,0,1,ABT
2015-10-23,43.52,43.86,43.19,43.6,40.1512,9582700,0,1,ABT
2015-10-22,42.41,43.57,41.76,43.5,40.0591,12440000,0,1,ABT
2015-10-21,42.54,42.85,41.62,42.2,38.862,8858800,0,1,ABT
2015-10-20,42.08,42.2197,41.57,41.74,38.4383,5882700,0,1,ABT
2015-10-19,42.11,42.37,41.84,42.15,38.8159,5531200,0,1,ABT
2015-10-16,42.2,42.27,41.66,42.22,38.8804,6163500,0,1,ABT
2015-10-15,41.07,42.03,40.91,41.87,38.5581,7822000,0,1,ABT
2015-10-14,40.97,41.34,40.66,40.72,37.499,6417200,0,1,ABT
2015-10-13,40.9723,41.385,40.81,40.92,37.6832,5527100,0.24,1,ABT
2015-10-12,41.63,41.75,41.2979,41.57,38.0608,6067700,0,1,ABT
2015-10-09,41.0681,41.98,40.94,41.89,38.3538,10400200,0,1,ABT
2015-10-08,40.35,41.22,40.045,41.16,37.6854,9859100,0,1,ABT
2015-10-07,40.53,40.9082,40.01,40.63,37.2001,9158500,0,1,ABT
2015-10-06,41.2524,41.34,39.28,39.89,36.5226,11689300,0,1,ABT
2015-10-05,41.62,41.779,41.02,41.39,37.896,8789300,0,1,ABT
2015-10-02,40.25,41.41,40.165,41.38,37.8868,8457500,0,1,ABT
2015-10-01,40.35,40.8,40.18,40.76,37.3192,7897000,0,1,ABT
2015-09-30,39.84,40.43,39.55,40.22,36.8247,10750300,0,1,ABT
2015-09-29,39.26,40.15,39.025,39.5,36.1655,12287500,0,1,ABT
2015-09-28,40.74,40.74,39,39.06,35.7627,17219300,0,1,ABT
2015-09-25,42.23,42.49,40.419,40.86,37.4107,10025100,0,1,ABT
2015-09-24,42,42.15,41.44,41.94,38.3995,7322100,0,1,ABT
2015-09-23,42.5,42.68,42.1,42.2,38.6376,6280300,0,1,ABT
2015-09-22,42.83,42.8487,41.95,42.48,38.8939,7283400,0,1,ABT
2015-09-21,43.65,43.82,43,43.3,39.6447,5052100,0,1,ABT
2015-09-18,43.64,44.11,43.235,43.33,39.6722,9063900,0,1,ABT
2015-09-17,43.85,45.15,43.79,44.24,40.5054,7323700,0,1,ABT
2015-09-16,43.78,44.085,43.555,43.86,40.1575,4982300,0,1,ABT
2015-09-15,43.28,43.92,43.11,43.81,40.1117,5105600,0,1,ABT
2015-09-14,43.6,43.61,42.9,43.17,39.5257,4461300,0,1,ABT
2015-09-11,43.13,43.44,42.74,43.41,39.7454,5699500,0,1,ABT
2015-09-10,43.02,43.48,42.68,43.12,39.4799,6952400,0,1,ABT
2015-09-09,44.36,44.51,43.12,43.23,39.5806,5251200,0,1,ABT
2015-09-08,43.66,44.06,43.5,44.04,40.3223,5452400,0,1,ABT
2015-09-04,43.5,43.71,42.72,43.07,39.4342,7057100,0,1,ABT
2015-09-03,44.52,44.78,43.95,44.14,40.4138,6426200,0,1,ABT
2015-09-02,44.31,44.44,43.62,44.24,40.5054,7517600,0,1,ABT
2015-09-01,44.22,44.5,43.37,43.57,39.8919,9000500,0,1,ABT
2015-08-31,45.91,46.63,45.12,45.29,41.4667,7470200,0,1,ABT
2015-08-28,45.6101,46.11,45.21,46.02,42.1351,9191600,0,1,ABT
2015-08-27,45.6039,46.045,44.67,45.64,41.7872,14260400,0,1,ABT
2015-08-26,43.86,44.12,42.303,43.98,40.2673,12675400,0,1,ABT
2015-08-25,44.87,45.1,42.88,42.9,39.2785,14575400,0,1,ABT
2015-08-24,44.51,45.81,42.73,43.7,40.011,18430700,0,1,ABT
2015-08-21,48.03,48.43,47.13,47.13,43.1514,9305900,0,1,ABT
2015-08-20,49.4,49.511,48.51,48.53,44.4332,5977400,0,1,ABT
2015-08-19,50.14,50.17,49.41,49.84,45.6326,6000600,0,1,ABT
2015-08-18,50.31,50.595,50.2525,50.44,46.182,3288200,0,1,ABT
2015-08-17,50.01,50.41,49.7498,50.38,46.1271,3216600,0,1,ABT
2015-08-14,49.82,50.31,49.72,50.23,45.9897,3776400,0,1,ABT
2015-08-13,50.02,50.11,49.61,49.84,45.6326,4130000,0,1,ABT
2015-08-12,50.43,50.49,49.22,50.09,45.8615,5395100,0,1,ABT
2015-08-11,50.18,50.52,49.99,50.39,46.1362,4033300,0,1,ABT
2015-08-10,50.42,51.17,50.39,50.66,46.3834,3729300,0,1,ABT
2015-08-07,50.4,50.44,49.365,50.11,45.8799,4351800,0,1,ABT
2015-08-06,50.52,51.007,50.07,50.32,46.0721,6213200,0,1,ABT
2015-08-05,50.98,51,50.39,50.48,46.2186,5032800,0,1,ABT
2015-08-04,50.75,50.81,50.29,50.51,46.2461,3487700,0,1,ABT
2015-08-03,50.89,50.91,50.14,50.5,46.2369,3506600,0,1,ABT
2015-07-31,51.07,51.13,50.6,50.69,46.4109,5573500,0,1,ABT
2015-07-30,50.95,51.05,50.54,50.77,46.4841,3665000,0,1,ABT
2015-07-29,50.98,51.17,50.76,51.06,46.7497,3530700,0,1,ABT
2015-07-28,51.09,51.24,50.65,50.94,46.6398,5734900,0,1,ABT
2015-07-27,50.64,50.85,50.21,50.69,46.4109,5484200,0,1,ABT
2015-07-24,50.85,51.47,50.84,51.05,46.7405,5982700,0,1,ABT
2015-07-23,51.33,51.74,50.94,51.2,46.8778,6098500,0,1,ABT
2015-07-22,49.87,51.09,49.255,50.98,46.6764,10392300,0,1,ABT
2015-07-21,49.91,50.27,49.76,49.76,45.5594,6399800,0,1,ABT
2015-07-20,50.01,50.33,49.98,50.06,45.8341,5416600,0,1,ABT
2015-07-17,49.52,49.97,49.45,49.9,45.6876,5408700,0,1,ABT
2015-07-16,49.82,49.84,49.54,49.77,45.5686,3830400,0,1,ABT
2015-07-15,49.84,49.99,49.14,49.31,45.1474,6612000,0,1,ABT
2015-07-14,49.81,50.38,49.7,50.2,45.9623,4253700,0,1,ABT
2015-07-13,50,50.11,49.58,49.72,45.5228,5519900,0.24,1,ABT
2015-07-10,49.63,50.12,49.39,49.93,45.4953,5028200,0,1,ABT
2015-07-09,49.8,49.93,49.18,49.19,44.821,5604800,0,1,ABT
2015-07-08,49.74,50.09,49.17,49.25,44.8757,5839600,0,1,ABT
2015-07-07,49.96,50.24,49.1,50.21,45.7504,6069400,0,1,ABT
2015-07-06,49.02,50.12,48.92,49.74,45.3222,5783800,0,1,ABT
2015-07-02,49.8,49.82,49.16,49.41,45.0215,2740300,0,1,ABT
2015-07-01,49.4,49.6314,49.08,49.52,45.1217,3378200,0,1,ABT
2015-06-30,49.51,49.55,48.91,49.08,44.7208,4514700,0,1,ABT
2015-06-29,49.5396,49.85,48.96,49.01,44.657,5364300,0,1,ABT
2015-06-26,49.47,49.98,49.27,49.97,45.5317,6780500,0,1,ABT
2015-06-25,49.65,49.869,49.28,49.33,44.9486,3607900,0,1,ABT
2015-06-24,49.59,49.845,49.48,49.5,45.1035,4572400,0,1,ABT
2015-06-23,50.22,50.47,49.69,49.88,45.4497,3258300,0,1,ABT
2015-06-22,49.96,50.365,49.84,50.03,45.5864,4627000,0,1,ABT
2015-06-19,49.9,50.105,49.7435,49.89,45.4589,9367200,0,1,ABT
2015-06-18,48.69,50.16,48.65,49.94,45.5044,7971800,0,1,ABT
2015-06-17,48.5,48.74,48.33,48.57,44.2561,3724400,0,1,ABT
2015-06-16,48.07,48.54,47.9,48.48,44.1741,3919700,0,1,ABT
2015-06-15,48.3,48.36,47.72,48.07,43.8005,4807100,0,1,ABT
2015-06-12,48.9106,48.96,48.64,48.67,44.3472,3692100,0,1,ABT
2015-06-11,48.7,49.25,48.51,49.06,44.7026,7101200,0,1,ABT
2015-06-10,48.36,48.69,48.3,48.5,44.1923,5614900,0,1,ABT
2015-06-09,48.52,48.53,48.01,48.18,43.9007,3402000,0,1,ABT
2015-06-08,48.37,48.565,48.1988,48.44,44.1376,4353000,0,1,ABT
2015-06-05,48.59,48.63,48.01,48.45,44.1468,3542400,0,1,ABT
2015-06-04,48.98,49.17,48.53,48.68,44.3563,4687000,0,1,ABT
2015-06-03,48.96,49.13,48.74,48.86,44.5203,3309600,0,1,ABT
2015-06-02,48.65,49.185,48.32,48.94,44.5932,5138100,0,1,ABT
2015-06-01,48.77,49.2,48.57,48.94,44.5932,5055100,0,1,ABT
2015-05-29,49.18,49.26,48.53,48.6,44.2834,8667200,0,1,ABT
2015-05-28,48.88,49.38,48.84,49.26,44.8848,5980600,0,1,ABT
2015-05-27,48.87,49.06,48.59,49.01,44.657,4348600,0,1,ABT
2015-05-26,49.1,49.23,48.3925,48.6,44.2834,3879600,0,1,ABT
2015-05-22,49.1,49.434,48.91,49.03,44.6752,3454700,0,1,ABT
2015-05-21,49.06,49.43,48.9,49.34,44.9577,4193700,0,1,ABT
2015-05-20,49.08,49.356,48.93,49.14,44.7755,3682300,0,1,ABT
2015-05-19,48.78,49.15,48.67,49.01,44.657,4137800,0,1,ABT
2015-05-18,48.78,49.085,48.77,48.84,44.5021,4221400,0,1,ABT
2015-05-15,48.56,48.84,48.47,48.71,44.3837,5179000,0,1,ABT
2015-05-14,47.38,48.79,47.29,48.67,44.3472,8225900,0,1,ABT
2015-05-13,47.2,47.37,46.88,47.03,42.8529,2651400,0,1,ABT
2015-05-12,47.03,47.289,46.89,47.13,42.944,3520500,0,1,ABT
2015-05-11,47.28,47.74,47.23,47.33,43.1262,3551400,0,1,ABT
2015-05-08,47.1,47.7,47.03,47.57,43.3449,4296400,0,1,ABT
2015-05-07,46.44,46.72,46.37,46.5,42.37,4488900,0,1,ABT
2015-05-06,46.85,46.98,46.23,46.54,42.4064,3832700,0,1,ABT
2015-05-05,47.02,47.21,46.78,46.85,42.6889,4377700,0,1,ABT
2015-05-04,46.78,47.34,46.78,47,42.8255,3126900,0,1,ABT
2015-05-01,46.71,46.93,46.4,46.69,42.5431,3410100,0,1,ABT
2015-04-30,46.93,47.2,46.26,46.42,42.2971,5963600,0,1,ABT
2015-04-29,47.28,47.64,46.88,47.17,42.9804,3566600,0,1,ABT
2015-04-28,47.62,47.73,47.01,47.59,43.3631,3788400,0,1,ABT
2015-04-27,48.28,48.4,47.38,47.49,43.272,5254500,0,1,ABT
2015-04-24,48.36,48.52,48.09,48.32,44.0283,3451000,0,1,ABT
2015-04-23,48.35,48.62,47.83,48.46,44.1559,6401900,0,1,ABT
2015-04-22,47.25,48.4,47.12,48.35,44.0556,7638400,0,1,ABT
2015-04-21,46.9423,47.28,46.715,47.12,42.9349,8616000,0,1,ABT
2015-04-20,46.42,46.71,46.37,46.63,42.4884,3371900,0,1,ABT
2015-04-17,46.29,46.45,45.81,46.25,42.1422,4312000,0,1,ABT
2015-04-16,46.61,46.89,46.38,46.52,42.3882,3769000,0,1,ABT
2015-04-15,46.81,46.95,46.59,46.83,42.6706,4046600,0,1,ABT
2015-04-14,46.51,46.75,46.335,46.7,42.5522,3244000,0,1,ABT
2015-04-13,46.78,47.11,46.5,46.53,42.3973,3064500,0.24,1,ABT
2015-04-10,46.9825,47.195,46.7,47.15,42.7435,3759900,0,1,ABT
2015-04-09,46.5,47.12,46.45,47,42.6075,4337300,0,1,ABT
2015-04-08,46.21,46.75,45.9,46.61,42.254,6011800,0,1,ABT
2015-04-07,46.3,46.595,46.16,46.19,41.8733,3161100,0,1,ABT
2015-04-06,45.8,46.5706,45.65,46.3,41.973,4083500,0,1,ABT
2015-04-02,46.11,46.39,45.73,46.13,41.8189,3974000,0,1,ABT
2015-04-01,46.33,46.37,45.545,45.89,41.6013,6369000,0,1,ABT
2015-03-31,46.83,46.98,46.33,46.33,42.0002,5358100,0,1,ABT
2015-03-30,47,47.21,46.89,47.08,42.6801,2967200,0,1,ABT
2015-03-27,46.61,47.03,46.42,46.78,42.4081,3444400,0,1,ABT
2015-03-26,46.41,46.79,46.1,46.5,42.1543,4367400,0,1,ABT
2015-03-25,47.0384,47.5,46.5,46.53,42.1815,5061100,0,1,ABT
2015-03-24,47.31,47.63,46.9904,47,42.6075,4595800,0,1,ABT
2015-03-23,47.47,47.73,47.22,47.47,43.0336,3931100,0,1,ABT
2015-03-20,47.66,47.77,47.3238,47.47,43.0336,7563000,0,1,ABT
2015-03-19,47.46,47.54,47.13,47.44,43.0064,4013600,0,1,ABT
2015-03-18,46.87,47.65,46.39,47.39,42.9611,6656700,0,1,ABT
2015-03-17,47.43,47.8,47.065,47.09,42.6891,5609100,0,1,ABT
2015-03-16,47.1176,47.85,47.12,47.83,43.36,4763600,0,1,ABT
2015-03-13,47.21,47.23,46.61,46.88,42.4988,4744100,0,1,ABT
2015-03-12,46.47,47.31,46.3506,47.25,42.8342,5209700,0,1,ABT
2015-03-11,46.39,46.65,46.21,46.3,41.973,5030800,0,1,ABT
2015-03-10,46.42,46.606,46.16,46.17,41.8551,5106100,0,1,ABT
2015-03-09,46.5005,46.98,46.4,46.83,42.4534,4465200,0,1,ABT
2015-03-06,47.18,47.26,46.35,46.5,42.1543,7264900,0,1,ABT
2015-03-05,46.88,47.5,46.82,47.44,43.0064,4842600,0,1,ABT
2015-03-04,46.87,47.48,46.82,47.01,42.6166,5558500,0,1,ABT
2015-03-03,47.14,47.14,46.67,47.09,42.6891,6018900,0,1,ABT
2015-03-02,47.34,47.63,47.13,47.22,42.807,7016300,0,1,ABT
2015-02-27,47.48,47.88,47.37,47.37,42.943,5805800,0,1,ABT
2015-02-26,47.32,47.71,47.1,47.61,43.1605,5112300,0,1,ABT
2015-02-25,47.55,47.735,47.24,47.4,42.9702,4777400,0,1,ABT
2015-02-24,47.27,47.59,47.1268,47.47,43.0336,4789000,0,1,ABT
2015-02-23,47.33,47.5,47.023,47.32,42.8976,5608100,0,1,ABT
2015-02-20,46.53,47.57,46.4,47.48,43.0427,6512400,0,1,ABT
2015-02-19,46.36,46.67,46.085,46.61,42.254,6590300,0,1,ABT
2015-02-18,46.26,46.53,46.1513,46.41,42.0727,4051400,0,1,ABT
2015-02-17,46.05,46.53,46,46.41,42.0727,6366400,0,1,ABT
2015-02-13,45.05,46.1724,45.02,46.09,41.7826,6524900,0,1,ABT
2015-02-12,45.04,45.25,44.8,45.22,40.9939,4683700,0,1,ABT
2015-02-11,44.88,45.2,44.56,44.93,40.731,4302900,0,1,ABT
2015-02-10,44.68,45.0134,44.4,44.92,40.7219,5210500,0,1,ABT
2015-02-09,45.21,45.21,44.3,44.52,40.3593,6585900,0,1,ABT
2015-02-06,45.59,46.21,45.33,45.5,41.2477,5601600,0,1,ABT
2015-02-05,45.26,45.865,45.26,45.65,41.3837,6374400,0,1,ABT
2015-02-04,45.55,45.99,45.05,45.17,40.9486,8231200,0,1,ABT
2015-02-03,45.41,45.88,45.34,45.83,41.5469,8380300,0,1,ABT
2015-02-02,44.93,45.24,44.28,45.23,41.003,7312900,0,1,ABT
2015-01-30,45.4,45.63,44.7,44.76,40.5769,9613300,0,1,ABT
2015-01-29,43.79,45.41,43.7,45.26,41.0302,10054600,0,1,ABT
2015-01-28,43.94,44.2,43.355,43.41,39.3531,7641000,0,1,ABT
2015-01-27,43.88,44.014,43.43,43.68,39.5978,4847400,0,1,ABT
2015-01-26,43.74,44.197,43.42,44.15,40.0239,4376200,0,1,ABT
2015-01-23,44.48,44.48,43.82,43.86,39.761,6664000,0,1,ABT
2015-01-22,44.34,44.57,43.8,44.49,40.3321,5329100,0,1,ABT
2015-01-21,43.96,44.25,43.62,44.06,39.9423,5328200,0,1,ABT
2015-01-20,44.67,44.75,43.89,44.22,40.0874,5159900,0,1,ABT
2015-01-16,43.8,44.55,43.72,44.49,40.3321,4564200,0,1,ABT
2015-01-15,44.5,44.67,43.9,43.95,39.8426,3916200,0,1,ABT
2015-01-14,44.29,44.66,43.93,44.28,40.1418,5865900,0,1,ABT
2015-01-13,45.34,45.53,44.25,44.61,40.4409,6745000,0.24,1,ABT
2015-01-12,45.38,45.76,44.94,45.58,41.1027,6178800,0,1,ABT
2015-01-09,45.75,45.87,45.11,45.2,40.76,4742200,0,1,ABT
2015-01-08,45.19,45.785,45.01,45.68,41.1929,4883000,0,1,ABT
2015-01-07,44.73,44.94,44.38,44.76,40.3632,4609500,0,1,ABT
2015-01-06,44.99,45.11,43.93,44.4,40.0386,6584300,0,1,ABT
2015-01-05,44.8,45.4018,44.63,44.91,40.4985,5735900,0,1,ABT
2015-01-02,45.25,45.45,44.635,44.9,40.4895,3216600,0,1,ABT
2014-12-31,45.7,46.05,44.99,45.02,40.5977,3418600,0,1,ABT
2014-12-30,45.61,45.92,45.61,45.69,41.2019,2950400,0,1,ABT
2014-12-29,45.59,45.82,45.45,45.6,41.1207,2580900,0,1,ABT
2014-12-26,45.81,46.18,45.71,45.85,41.3462,2057700,0,1,ABT
2014-12-24,45.74,45.95,45.64,45.7,41.2109,2527200,0,1,ABT
2014-12-23,46.13,46.5,45.47,45.72,41.2289,4078900,0,1,ABT
2014-12-22,45.93,46.5,45.91,46.37,41.8151,4831400,0,1,ABT
2014-12-19,45.91,46.45,45.78,46.05,41.5265,11329200,0,1,ABT
2014-12-18,44.71,45.79,44.44,45.77,41.274,6703700,0,1,ABT
2014-12-17,43.47,44.36,43.41,44.26,39.9124,5045700,0,1,ABT
2014-12-16,43.23,44.42,43.1,43.4,39.1368,6186500,0,1,ABT
2014-12-15,44.16,44.36,43.347,43.46,39.1909,4993800,0,1,ABT
2014-12-12,44.12,44.55,43.67,43.69,39.3983,5191400,0,1,ABT
2014-12-11,44.51,45.12,44.2987,44.46,40.0927,3954300,0,1,ABT
2014-12-10,45.33,45.4591,44.33,44.37,40.0116,5489800,0,1,ABT
2014-12-09,45.33,45.47,44.875,45.44,40.9765,3554000,0,1,ABT
2014-12-08,45.35,46.1,45.34,45.71,41.2199,4220000,0,1,ABT
2014-12-05,45.43,45.53,45.195,45.3,40.8502,4179500,0,1,ABT
2014-12-04,45.66,45.95,45.25,45.49,41.0215,6377200,0,1,ABT
2014-12-03,45.22,45.81,45.1,45.68,41.1929,4993000,0,1,ABT
2014-12-02,44.68,45.62,44.68,45.22,40.7781,10949300,0,1,ABT
2014-12-01,44.27,44.565,44.195,44.32,39.9665,5340400,0,1,ABT
2014-11-28,44.45,44.76,44.41,44.51,40.1378,2440100,0,1,ABT
2014-11-26,44.16,44.43,43.99,44.25,39.9033,2876700,0,1,ABT
2014-11-25,44.31,44.38,43.97,44.16,39.8222,4651800,0,1,ABT
2014-11-24,43.59,44.4,43.59,44.32,39.9665,3798700,0,1,ABT
2014-11-21,44.15,44.19,43.71,43.81,39.5066,6495800,0,1,ABT
2014-11-20,43.3,43.8374,43.05,43.78,39.4795,4862100,0,1,ABT
2014-11-19,43.79,43.79,43.351,43.43,39.1639,3768000,0,1,ABT
2014-11-18,43.8,43.88,43.43,43.7,39.4074,6724900,0,1,ABT
2014-11-17,43.71,43.95,43.61,43.71,39.4164,3871700,0,1,ABT
2014-11-14,44.59,44.59,43.68,43.81,39.5066,4206000,0,1,ABT
2014-11-13,44.28,44.77,44.21,44.59,40.2099,3488800,0,1,ABT
2014-11-12,44.19,44.3,43.935,44.23,39.8853,3486000,0,1,ABT
2014-11-11,44.12,44.63,44.095,44.25,39.9033,3192600,0,1,ABT
2014-11-10,43.35,44.1,43.17,44.09,39.7591,5318900,0,1,ABT
2014-11-07,43.77,43.81,43.17,43.37,39.1098,3992700,0,1,ABT
2014-11-06,43.6,43.84,43.44,43.69,39.3983,3770600,0,1,ABT
2014-11-05,43.93,43.99,43.34,43.66,39.3713,4193200,0,1,ABT
2014-11-04,43.02,43.635,43.02,43.61,39.3262,4187100,0,1,ABT
2014-11-03,43.5594,43.69,43.06,43.29,39.0376,4404100,0,1,ABT
2014-10-31,44.05,44.06,43.44,43.59,39.3082,6124900,0,1,ABT
2014-10-30,42.7,43.52,42.53,43.49,39.218,3828800,0,1,ABT
2014-10-29,42.81,43.56,42.3996,42.74,38.5417,4253200,0,1,ABT
2014-10-28,42.22,42.51,41.95,42.5,38.3252,6106200,0,1,ABT
2014-10-27,42.43,42.48,42.04,42.24,38.0908,3943900,0,1,ABT
2014-10-24,42.34,42.67,42.12,42.46,38.2892,4676900,0,1,ABT
2014-10-23,42,42.77,41.95,42.43,38.2621,4599300,0,1,ABT
2014-10-22,42.5,43.03,41.4807,41.59,37.5046,6986500,0,1,ABT
2014-10-21,41.91,42.43,41.75,42.39,38.226,5352600,0,1,ABT
2014-10-20,40.85,41.51,40.67,41.46,37.3874,5014400,0,1,ABT
2014-10-17,40.35,41.04,40.1689,40.86,36.8463,7215400,0,1,ABT
2014-10-16,39.34,40.3044,39.28,39.99,36.0618,8828700,0,1,ABT
2014-10-15,40.38,40.53,39.361,40.01,36.0798,8971800,0,1,ABT
2014-10-14,41,41.94,40.94,41.06,37.0267,7129200,0,1,ABT
2014-10-13,41.47,41.77,40.87,40.92,36.9004,4494600,0,1,ABT
2014-10-10,41.47,42.29,41.45,41.54,37.4595,4990100,0.22,1,ABT
2014-10-09,42.19,42.54,41.61,41.63,37.3423,5503700,0,1,ABT
2014-10-08,41.44,42.17,41.35,42.14,37.7998,6067400,0,1,ABT
2014-10-07,42.09,42.18,41.45,41.46,37.1898,5178200,0,1,ABT
2014-10-06,42.04,42.47,41.99,42.36,37.9971,6713300,0,1,ABT
2014-10-03,41.41,41.86,41.275,41.79,37.4858,3430900,0,1,ABT
2014-10-02,41.2224,41.45,40.91,41.21,36.9656,4707100,0,1,ABT
2014-10-01,42.05,42.06,41.01,41.18,36.9387,5573800,0,1,ABT
2014-09-30,41.8009,41.99,41.59,41.59,37.3064,4874800,0,1,ABT
2014-09-29,41.67,42.005,41.67,41.9,37.5845,4881100,0,1,ABT
2014-09-26,42.13,42.24,41.91,42.01,37.6832,6349900,0,1,ABT
2014-09-25,42.42,42.48,41.9658,42,37.6742,4316700,0,1,ABT
2014-09-24,42.45,42.905,42.44,42.63,38.2393,6268300,0,1,ABT
2014-09-23,42.71,43.16,42.49,42.5,38.1227,6585900,0,1,ABT
2014-09-22,43.59,43.67,43.22,43.4,38.93,3402000,0,1,ABT
2014-09-19,43.96,44.2,43.56,43.59,39.1004,6139300,0,1,ABT
2014-09-18,43.49,43.87,43.435,43.69,39.1901,5032900,0,1,ABT
2014-09-17,42.94,43.57,42.76,43.38,38.9121,4788700,0,1,ABT
2014-09-16,42.71,42.97,42.4902,42.9,38.4815,3179500,0,1,ABT
2014-09-15,42.61,42.78,42.44,42.72,38.32,3067500,0,1,ABT
2014-09-12,42.62,42.87,42.451,42.55,38.1676,4259600,0,1,ABT
2014-09-11,42.69,43.03,42.38,42.56,38.1765,7754900,0,1,ABT
2014-09-10,42.98,43.05,42.63,42.9,38.4815,3503000,0,1,ABT
2014-09-09,42.828,42.98,42.64,42.83,38.4187,3586800,0,1,ABT
2014-09-08,42.88,43.08,42.6,42.81,38.4008,2602900,0,1,ABT
2014-09-05,42.88,42.96,42.445,42.95,38.5264,3484300,0,1,ABT
2014-09-04,42.8,43.08,42.67,42.9,38.4815,4123200,0,1,ABT
2014-09-03,42.4,42.79,42.35,42.76,38.3559,4143500,0,1,ABT
2014-09-02,42.17,42.4,41.94,42.23,37.8805,4300900,0,1,ABT
2014-08-29,42.41,42.41,42.06,42.24,37.8895,4384400,0,1,ABT
2014-08-28,42.43,42.6,42.27,42.35,37.9881,2525300,0,1,ABT
2014-08-27,42.73,42.88,42.495,42.6,38.2124,2805100,0,1,ABT
2014-08-26,42.5,42.93,42.3696,42.8,38.3918,3229100,0,1,ABT
2014-08-25,42.41,42.7,42.27,42.49,38.1137,2424000,0,1,ABT
2014-08-22,42.22,42.33,42,42.11,37.7729,2462400,0,1,ABT
2014-08-21,42.29,42.52,42.2,42.32,37.9612,3060800,0,1,ABT
2014-08-20,42.22,42.4895,41.96,42.14,37.7998,4953600,0,1,ABT
2014-08-19,42.3,42.62,42.09,42.54,38.1586,2963300,0,1,ABT
2014-08-18,42.62,42.62,42.1,42.23,37.8805,3234800,0,1,ABT
2014-08-15,42.36,42.65,41.71,42.06,37.728,5031600,0,1,ABT
2014-08-14,42.15,42.45,42.15,42.33,37.9702,4679900,0,1,ABT
2014-08-13,41.88,42.16,41.83,42.16,37.8177,3441500,0,1,ABT
2014-08-12,41.91,42.11,41.42,41.57,37.2885,3337500,0,1,ABT
2014-08-11,41.92,42.16,41.633,42.05,37.7191,2630400,0,1,ABT
2014-08-08,41.48,41.72,41.1501,41.69,37.3961,4417600,0,1,ABT
2014-08-07,41.75,41.98,41.48,41.53,37.2526,4013800,0,1,ABT
2014-08-06,41.67,41.97,41.44,41.77,37.4679,3726900,0,1,ABT
2014-08-05,42.14,42.37,41.66,41.78,37.4769,4190500,0,1,ABT
2014-08-04,42.12,42.5021,41.838,42.39,38.024,3639100,0,1,ABT
2014-08-01,42,42.36,41.8125,42.03,37.7011,3905900,0,1,ABT
2014-07-31,42.52,42.88,42.08,42.12,37.7818,4658700,0,1,ABT
2014-07-30,42.96,43.09,42.66,42.86,38.4456,3564000,0,1,ABT
2014-07-29,42.97,42.98,42.55,42.75,38.347,4575300,0,1,ABT
2014-07-28,42.95,43.05,42.62,42.93,38.5084,3449200,0,1,ABT
2014-07-25,42.89,43.11,42.7617,43.04,38.6071,3979100,0,1,ABT
2014-07-24,42.94,43.17,42.74,42.89,38.4725,4890700,0,1,ABT
2014-07-23,43.24,43.27,42.87,42.97,38.5443,4315900,0,1,ABT
2014-07-22,43,43.23,42.875,43.09,38.6519,8315800,0,1,ABT
2014-07-21,42.5,43.03,42.26,42.96,38.5353,8027300,0,1,ABT
2014-07-18,41.9,42.8,41.776,42.73,38.329,9538000,0,1,ABT
2014-07-17,41.02,42.99,41,41.9,37.5845,12228300,0,1,ABT
2014-07-16,41.5681,41.58,41,41.05,36.822,5564800,0,1,ABT
2014-07-15,41.74,41.8,41.17,41.17,36.9297,10954200,0,1,ABT
2014-07-14,41.95,41.95,41.495,41.82,37.5127,6699800,0,1,ABT
2014-07-11,41.09,41.36,40.98,41.3,37.0463,5077900,0.22,1,ABT
2014-07-10,41.03,41.3,40.92,41.24,36.7951,4839200,0,1,ABT
2014-07-09,41.21,41.38,40.95,41.27,36.8219,3562400,0,1,ABT
2014-07-08,41.33,41.43,40.94,41.05,36.6256,4789500,0,1,ABT
2014-07-07,41.68,41.82,41.49,41.51,37.036,4043400,0,1,ABT
2014-07-03,41.81,41.96,41.63,41.89,37.3751,3000000,0,1,ABT
2014-07-02,41.23,41.85,41.12,41.79,37.2859,5766000,0,1,ABT
2014-07-01,41.18,41.3,40.9772,41.18,36.7416,5472200,0,1,ABT
2014-06-30,40.67,41.15,40.6,40.9,36.4918,6711200,0,1,ABT
2014-06-27,40.51,40.69,40.21,40.54,36.1706,8432800,0,1,ABT
2014-06-26,40.74,40.78,40.42,40.62,36.242,5691700,0,1,ABT
2014-06-25,40.63,40.98,40.44,40.7,36.3133,4394100,0,1,ABT
2014-06-24,40.61,40.91,40.43,40.45,36.0903,4398200,0,1,ABT
2014-06-23,40.97,41.12,40.665,40.73,36.3401,4922700,0,1,ABT
2014-06-20,41.21,41.3,40.81,40.85,36.4472,12626700,0,1,ABT
2014-06-19,40.51,41.02,40.39,41,36.581,6380800,0,1,ABT
2014-06-18,39.84,40.405,39.74,40.37,36.0189,5223200,0,1,ABT
2014-06-17,39.8,39.98,39.64,39.86,35.5639,4593200,0,1,ABT
2014-06-16,39.83,40.3714,39.59,39.9,35.5996,5499800,0,1,ABT
2014-06-13,39.77,39.85,39.66,39.79,35.5014,3966300,0,1,ABT
2014-06-12,39.9818,40.04,39.66,39.81,35.5193,6510800,0,1,ABT
2014-06-11,40.24,40.49,39.93,40,35.6888,5940000,0,1,ABT
2014-06-10,40.03,40.56,40.03,40.53,36.1617,5057600,0,1,ABT
2014-06-09,39.936,40.21,39.92,40.13,35.8048,3444900,0,1,ABT
2014-06-06,40.07,40.25,39.96,40.05,35.7334,3536400,0,1,ABT
2014-06-05,39.76,40.243,39.6,40.15,35.8226,3824200,0,1,ABT
2014-06-04,39.8,39.7988,39.6,39.75,35.4657,3664300,0,1,ABT
2014-06-03,39.68,39.98,39.68,39.82,35.5282,3774900,0,1,ABT
2014-06-02,40.02,40.04,39.68,39.8,35.5103,3364200,0,1,ABT
2014-05-30,39.61,40.13,39.571,40.01,35.6977,5898500,0,1,ABT
2014-05-29,39.68,39.89,39.55,39.6,35.3319,3225200,0,1,ABT
2014-05-28,39.67,39.77,39.55,39.67,35.3943,3681300,0,1,ABT
2014-05-27,39.52,39.65,39.36,39.58,35.3141,4711800,0,1,ABT
2014-05-23,39.6574,39.73,39.51,39.6,35.3319,3521800,0,1,ABT
2014-05-22,39.47,39.77,39.24,39.65,35.3765,3800900,0,1,ABT
2014-05-21,39.5517,39.67,39.36,39.56,35.2962,4352500,0,1,ABT
2014-05-20,39.83,39.83,39.35,39.54,35.2784,5438900,0,1,ABT
2014-05-19,39.62,39.94,39.42,39.63,35.3587,6464500,0,1,ABT
2014-05-16,39.61,39.79,38.84,39.06,34.8501,11024400,0,1,ABT
2014-05-15,39.26,39.93,39.05,39.24,35.0107,8821600,0,1,ABT
2014-05-14,39.86,40.12,39.77,39.93,35.6263,7183100,0,1,ABT
2014-05-13,39.3804,39.77,39.27,39.66,35.3854,6265300,0,1,ABT
2014-05-12,39.07,39.38,39.035,39.27,35.0375,4013200,0,1,ABT
2014-05-09,38.68,39.015,38.6105,38.99,34.7877,4409000,0,1,ABT
2014-05-08,38.69,38.96,38.55,38.73,34.5557,3962800,0,1,ABT
2014-05-07,38.65,38.7895,38.29,38.69,34.52,4990200,0,1,ABT
2014-05-06,38.76,38.82,38.53,38.58,34.4218,4776500,0,1,ABT
2014-05-05,38.27,39.13,38.25,38.84,34.6538,7593500,0,1,ABT
2014-05-02,38.67,38.84,38.49,38.56,34.404,4774500,0,1,ABT
2014-05-01,38.65,38.89,38.39,38.67,34.5021,3652400,0,1,ABT
2014-04-30,38.56,38.94,38.49,38.74,34.5646,5339700,0,1,ABT
2014-04-29,38.37,38.72,38.26,38.54,34.3861,4415600,0,1,ABT
2014-04-28,38.28,38.42,37.78,38.37,34.2345,4433600,0,1,ABT
2014-04-25,38.39,38.44,37.89,38.03,33.9311,4232000,0,1,ABT
2014-04-24,38.65,38.65,38.1,38.43,34.288,4421300,0,1,ABT
2014-04-23,38.73,38.82,38.52,38.6,34.4397,3557500,0,1,ABT
2014-04-22,38.75,38.9,38.59,38.6,34.4397,6220000,0,1,ABT
2014-04-21,38.8684,38.99,38.45,38.71,34.5378,6920300,0,1,ABT
2014-04-17,38.26,39.01,38.14,38.93,34.7341,9824900,0,1,ABT
2014-04-16,38.75,38.9,37.56,38.38,34.2434,10953300,0,1,ABT
2014-04-15,37.77,38.06,37.24,37.97,33.8776,10725400,0,1,ABT
2014-04-14,37.1795,37.78,37.11,37.74,33.6724,12726800,0,1,ABT
2014-04-11,36.95,37.25,36.6493,37.02,33.03,10490300,0.22,1,ABT
2014-04-10,37.82,37.8971,37.13,37.26,33.0478,9788100,0,1,ABT
2014-04-09,37.72,37.84,37.345,37.63,33.376,13694800,0,1,ABT
2014-04-08,38.2,38.2,37.59,37.62,33.3671,9560100,0,1,ABT
2014-04-07,38.56,38.84,38.09,38.17,33.8549,5892800,0,1,ABT
2014-04-04,38.87,39.5,38.6,38.63,34.2629,7367600,0,1,ABT
2014-04-03,38.74,38.75,38.3,38.65,34.2807,6029600,0,1,ABT
2014-04-02,38.1192,38.64,38.07,38.58,34.2186,6340700,0,1,ABT
2014-04-01,38.4878,38.83,38.23,38.47,34.121,5631200,0,1,ABT
2014-03-31,38.48,38.58,38.1,38.51,34.1565,8038000,0,1,ABT
2014-03-28,38.58,38.9812,38.21,38.31,33.9791,6251400,0,1,ABT
2014-03-27,38.55,38.69,38.13,38.45,34.1033,7404100,0,1,ABT
2014-03-26,38.55,39.14,38.39,38.56,34.2008,8174800,0,1,ABT
2014-03-25,38.49,38.7,38.08,38.4,34.0589,8209600,0,1,ABT
2014-03-24,38.66,38.66,38.13,38.43,34.0855,11078000,0,1,ABT
2014-03-21,39.21,39.6,38.36,38.39,34.0501,21663000,0,1,ABT
2014-03-20,39.46,39.64,38.78,38.87,34.4758,11396600,0,1,ABT
2014-03-19,39.73,40.2189,39.32,39.45,34.9902,8679100,0,1,ABT
2014-03-18,39.5,39.885,39.48,39.73,35.2386,5534300,0,1,ABT
2014-03-17,39.05,39.58,39.04,39.51,35.0435,5768900,0,1,ABT
2014-03-14,39.19,39.52,38.91,38.97,34.5645,7736000,0,1,ABT
2014-03-13,39.74,39.82,39.1,39.23,34.7951,6964500,0,1,ABT
2014-03-12,39.44,39.89,39.44,39.66,35.1765,6933000,0,1,ABT
2014-03-11,39.85,40.16,39.65,39.71,35.2208,5117600,0,1,ABT
2014-03-10,39.5,39.89,39.41,39.82,35.3184,5576300,0,1,ABT
2014-03-07,39.84,39.95,39.32,39.57,35.0967,8630700,0,1,ABT
2014-03-06,39.92,40.2297,39.73,39.73,35.2386,6442000,0,1,ABT
2014-03-05,40.49,40.49,39.76,39.79,35.2918,8285200,0,1,ABT
2014-03-04,39.74,40.32,39.67,40.12,35.5845,9460200,0,1,ABT
2014-03-03,39.5,39.64,38.833,39.33,34.8838,11006300,0,1,ABT
2014-02-28,39.62,39.98,39.42,39.78,35.2829,8695700,0,1,ABT
2014-02-27,39.35,39.8296,39.33,39.79,35.2918,9189600,0,1,ABT
2014-02-26,39.2902,39.66,39.03,39.39,34.937,8752600,0,1,ABT
2014-02-25,38.99,39.52,38.91,39.25,34.8128,7952100,0,1,ABT
2014-02-24,38.865,39.35,38.82,38.98,34.5734,8104600,0,1,ABT
2014-02-21,38.88,39.45,38.79,38.82,34.4315,8335100,0,1,ABT
2014-02-20,38.82,39.09,38.53,38.95,34.5468,8611900,0,1,ABT
2014-02-19,38.74,39.37,38.68,38.76,34.3782,7093200,0,1,ABT
2014-02-18,38.96,39.19,38.8,38.93,34.529,6794100,0,1,ABT
2014-02-14,38.68,38.98,38.55,38.81,34.4226,7253400,0,1,ABT
2014-02-13,38.0689,38.805,38.055,38.72,34.3428,7253200,0,1,ABT
2014-02-12,37.93,38.38,37.891,38.26,33.9348,8793500,0,1,ABT
2014-02-11,37.045,38,37.045,37.95,33.6598,8643000,0,1,ABT
2014-02-10,37.17,37.323,36.955,37.16,32.9591,11207300,0,1,ABT
2014-02-07,36.77,37.21,36.65,37.18,32.9769,12028000,0,1,ABT
2014-02-06,36.41,36.93,36.38,36.65,32.5068,9982300,0,1,ABT
2014-02-05,36.12,36.6,35.98,36.35,32.2407,7597300,0,1,ABT
2014-02-04,35.9,36.44,35.85,36.25,32.152,8237400,0,1,ABT
2014-02-03,36.58,36.95,35.8,35.85,31.7972,12231900,0,1,ABT
2014-01-31,36.03,36.89,35.97,36.66,32.5156,10845500,0,1,ABT
2014-01-30,36.24,36.62,36.14,36.53,32.4003,9579800,0,1,ABT
2014-01-29,36.26,36.5,35.65,35.85,31.7972,10404300,0,1,ABT
2014-01-28,36.54,36.87,36.28,36.37,32.2584,7608200,0,1,ABT
2014-01-27,36.68,36.83,36.13,36.3,32.1963,9128900,0,1,ABT
2014-01-24,37.2,37.2,36.57,36.58,32.4447,9167400,0,1,ABT
2014-01-23,37.902,37.93,37.22,37.43,33.1986,10207300,0,1,ABT
2014-01-22,38.02,38.87,36.94,38.07,33.7662,12970000,0,1,ABT
2014-01-21,39.52,39.57,38.86,39.12,34.6975,8229600,0,1,ABT
2014-01-17,39.86,39.86,39.205,39.4,34.9459,7216400,0,1,ABT
2014-01-16,39.53,39.69,39.4109,39.54,35.0701,3716100,0,1,ABT
2014-01-15,39.6,39.62,39.25,39.53,35.0612,5279000,0,1,ABT
2014-01-14,39.3,39.5861,39.07,39.57,35.0967,6570300,0,1,ABT
2014-01-13,39.11,39.67,39.06,39.11,34.6887,12136000,0.22,1,ABT
2014-01-10,39.27,39.627,39.11,39.57,34.9015,6360500,0,1,ABT
2014-01-09,39.27,39.3374,38.97,39.27,34.6369,4996800,0,1,ABT
2014-01-08,38.85,39.22,38.724,39.2,34.5752,6140700,0,1,ABT
2014-01-07,39.23,39.345,38.74,38.85,34.2665,8329300,0,1,ABT
2014-01-06,39.19,39.69,39.1107,39.15,34.5311,10130400,0,1,ABT
2014-01-03,38.37,38.78,38.27,38.64,34.0813,4301600,0,1,ABT
2014-01-02,38.09,38.4,38,38.23,33.7196,4967500,0,1,ABT
2013-12-31,38.38,38.57,38.22,38.33,33.8078,4594200,0,1,ABT
2013-12-30,38.48,38.5,38.17,38.41,33.8784,3081600,0,1,ABT
2013-12-27,38.52,38.53,38.23,38.37,33.8431,2705600,0,1,ABT
2013-12-26,38.22,38.49,38.2,38.35,33.8255,3655800,0,1,ABT
2013-12-24,38.36,38.45,38.11,38.19,33.6844,2207600,0,1,ABT
2013-12-23,37.97,38.546,37.95,38.44,33.9049,6313200,0,1,ABT
2013-12-20,38.14,38.24,37.81,37.84,33.3756,8140800,0,1,ABT
2013-12-19,38.08,38.23,37.78,38.03,33.5432,7756400,0,1,ABT
2013-12-18,36.66,38.18,36.65,38.12,33.6226,11548800,0,1,ABT
2013-12-17,36.45,36.64,36.31,36.61,32.2908,6911800,0,1,ABT
2013-12-16,36.45,36.81,36.32,36.53,32.2202,6704900,0,1,ABT
2013-12-13,36.38,36.61,36.299,36.4,32.1056,4665200,0,1,ABT
2013-12-12,36.57,36.63,36.27,36.29,32.0085,6417800,0,1,ABT
2013-12-11,37.0015,37.1,36.52,36.58,32.2643,6185600,0,1,ABT
2013-12-10,37.11,37.34,36.9591,37.11,32.7318,5381300,0,1,ABT
2013-12-09,37.57,37.58,37.16,37.2,32.8112,4972400,0,1,ABT
2013-12-06,37.27,37.54,37.17,37.53,33.1022,4055000,0,1,ABT
2013-12-05,37.29,37.32,36.89,36.92,32.5642,5289800,0,1,ABT
2013-12-04,37.35,37.85,37.08,37.36,32.9523,5092700,0,1,ABT
2013-12-03,37.9492,37.98,37.26,37.6,33.164,7798700,0,1,ABT
2013-12-02,38.24,38.31,38.03,38.14,33.6402,5641200,0,1,ABT
2013-11-29,38.44,38.5,38.08,38.19,33.6844,3512700,0,1,ABT
2013-11-27,38.74,38.74,38,38.32,33.799,4510100,0,1,ABT
2013-11-26,38.2902,38.29,37.9,38.07,33.5785,4831200,0,1,ABT
2013-11-25,38.38,38.66,38.03,38.15,33.6491,4592400,0,1,ABT
2013-11-22,38.13,38.37,38.04,38.25,33.7373,4463500,0,1,ABT
2013-11-21,38.38,38.4687,37.99,38.07,33.5785,5049100,0,1,ABT
2013-11-20,38.75,38.81,37.91,38.18,33.6755,6413400,0,1,ABT
2013-11-19,37.93,38.73,37.87,38.71,34.143,9906100,0,1,ABT
2013-11-18,38.04,38.15,37.88,37.94,33.4639,4580900,0,1,ABT
2013-11-15,37.77,38.15,37.75,38.05,33.5609,6520500,0,1,ABT
2013-11-14,37.89,38.08,37.67,37.76,33.3051,4353100,0,1,ABT
2013-11-13,37.37,37.78,37.17,37.77,33.3139,6144600,0,1,ABT
2013-11-12,37.83,37.97,37.29,37.47,33.0493,6015600,0,1,ABT
2013-11-11,38.17,38.46,37.68,37.9,33.4286,6867600,0,1,ABT
2013-11-08,37.51,38.14,37.223,38.12,33.6226,8753900,0,1,ABT
2013-11-07,37.61,38.13,37.57,37.64,33.1992,9474200,0,1,ABT
2013-11-06,37.45,37.8,37.04,37.56,33.1287,7082400,0,1,ABT
2013-11-05,36.85,37.43,36.67,37.36,32.9523,9035800,0,1,ABT
2013-11-04,36.9784,37.02,36.69,36.98,32.6171,5645300,0,1,ABT
2013-11-01,36.69,37.04,36.61,36.96,32.5995,5557400,0,1,ABT
2013-10-31,37.01,37.14,36.55,36.55,32.2378,8172100,0,1,ABT
2013-10-30,37.33,37.38,36.8,36.94,32.5818,4969200,0,1,ABT
2013-10-29,37.36,37.46,37.26,37.28,32.8817,5263700,0,1,ABT
2013-10-28,37.33,37.46,37.17,37.28,32.8817,4799700,0,1,ABT
2013-10-25,37.2424,37.37,36.975,37.25,32.8553,6310200,0,1,ABT
2013-10-24,37.22,37.62,37.2,37.21,32.82,6311200,0,1,ABT
2013-10-23,36.91,37.2612,36.81,37.23,32.8376,7571500,0,1,ABT
2013-10-22,36.94,37.17,36.72,37.02,32.6524,9726300,0,1,ABT
2013-10-21,37.17,37.1737,36.78,36.86,32.5113,7663800,0,1,ABT
2013-10-18,37.17,37.29,36.9,37.29,32.8905,11752300,0,1,ABT
2013-10-17,35.8925,37.27,35.89,37.17,32.7847,17370200,0,1,ABT
2013-10-16,34.35,36.07,34.24,35.9,31.6645,16953000,0,1,ABT
2013-10-15,33.91,34.18,33.61,33.71,29.7329,11037300,0,1,ABT
2013-10-14,33.51,34.0282,33.38,34,29.9887,6817400,0,1,ABT
2013-10-11,33.63,33.895,33.44,33.76,29.777,5039200,0,1,ABT
2013-10-10,33.34,33.675,33.2684,33.64,29.6712,7731400,0.14,1,ABT
2013-10-09,33.03,33.39,32.75,33.17,29.1331,8165400,0,1,ABT
2013-10-08,33.55,33.59,32.9926,33.01,28.9926,8158500,0,1,ABT
2013-10-07,33.22,33.69,33.12,33.5,29.423,5543300,0,1,ABT
2013-10-04,33.31,33.71,33.26,33.56,29.4757,7477600,0,1,ABT
2013-10-03,33.79,33.8,33.27,33.29,29.2385,8189800,0,1,ABT
2013-10-02,33.48,33.92,33.47,33.9,29.7743,8420200,0,1,ABT
2013-10-01,33.1659,33.8,33.12,33.78,29.6689,7182000,0,1,ABT
2013-09-30,33.05,33.42,33.0216,33.19,29.1507,9418700,0,1,ABT
2013-09-27,33.45,33.45,33.05,33.14,29.1068,11822900,0,1,ABT
2013-09-26,33.75,33.87,33.48,33.66,29.5635,8040800,0,1,ABT
2013-09-25,34.32,34.35,33.35,33.67,29.5723,26193500,0,1,ABT
2013-09-24,35.07,35.102,34.32,34.36,30.1783,9829500,0,1,ABT
2013-09-23,35.25,35.26,35.07,35.12,30.8458,5718700,0,1,ABT
2013-09-20,35.39,35.47,35.21,35.29,30.9951,7915200,0,1,ABT
2013-09-19,35.66,35.72,35.29,35.34,31.039,6493500,0,1,ABT
2013-09-18,35,35.675,34.89,35.65,31.3113,6753100,0,1,ABT
2013-09-17,35,35.02,34.82,34.97,30.7141,4759700,0,1,ABT
2013-09-16,35.1,35.3,34.955,35.01,30.7492,5714500,0,1,ABT
2013-09-13,34.9,34.9,34.57,34.87,30.6262,4882300,0,1,ABT
2013-09-12,34.76,34.91,34.59,34.76,30.5296,7105600,0,1,ABT
2013-09-11,34.11,34.95,34.09,34.75,30.5208,9500200,0,1,ABT
2013-09-10,34.04,34.19,33.985,34.09,29.9412,7285500,0,1,ABT
2013-09-09,33.5,33.8,33.46,33.8,29.6865,5716200,0,1,ABT
2013-09-06,33.72,33.75,33.25,33.5,29.423,6664200,0,1,ABT
2013-09-05,33.5,33.75,33.49,33.74,29.6338,6317400,0,1,ABT
2013-09-04,33.01,33.784,32.94,33.46,29.3878,11838000,0,1,ABT
2013-09-03,33.68,33.78,32.7,32.93,28.9223,14068300,0,1,ABT
2013-08-30,33.72,33.73,33.23,33.33,29.2737,7336800,0,1,ABT
2013-08-29,33.63,34.13,33.52,33.73,29.625,5676100,0,1,ABT
2013-08-28,33.97,34.035,33.73,33.75,29.6425,7262000,0,1,ABT
2013-08-27,34.32,34.33,33.995,34.01,29.8709,5300700,0,1,ABT
2013-08-26,34.83,34.9,34.5188,34.52,30.3188,3405700,0,1,ABT
2013-08-23,34.85,34.87,34.43,34.84,30.5999,4017400,0,1,ABT
2013-08-22,34.67,34.75,34.43,34.67,30.4506,4197500,0,1,ABT
2013-08-21,34.68,34.8606,34.44,34.64,30.4242,5413200,0,1,ABT
2013-08-20,34.9,34.95,34.69,34.71,30.4857,4494900,0,1,ABT
2013-08-19,34.85,34.96,34.705,34.88,30.635,5603500,0,1,ABT
2013-08-16,34.92,35,34.5481,34.97,30.7141,10522400,0,1,ABT
2013-08-15,35.51,35.57,34.95,35.03,30.7668,6521200,0,1,ABT
2013-08-14,35.91,35.94,35.52,35.61,31.2762,4960600,0,1,ABT
2013-08-13,35.93,36.03,35.74,35.94,31.566,4600200,0,1,ABT
2013-08-12,35.79,36.0299,35.72,35.9,31.5309,4986900,0,1,ABT
2013-08-09,35.8,36.04,35.75,35.89,31.5221,5030400,0,1,ABT
2013-08-08,36.2,36.35,35.66,35.92,31.5485,4804500,0,1,ABT
2013-08-07,36.07,36.29,35.8311,35.93,31.5572,7220100,0,1,ABT
2013-08-06,36.25,36.34,36.01,36.1,31.7065,9510400,0,1,ABT
2013-08-05,36.6396,36.78,36.44,36.45,32.014,6511300,0,1,ABT
2013-08-02,36.79,36.97,36.68,36.75,32.2774,7944100,0,1,ABT
2013-08-01,36.89,37.0698,36.68,36.84,32.3565,7479900,0,1,ABT
2013-07-31,36.87,37.159,36.58,36.63,32.172,7966200,0,1,ABT
2013-07-30,36.98,37.11,36.66,36.88,32.3916,6193400,0,1,ABT
2013-07-29,36.62,36.95,36.5002,36.74,32.2687,5587300,0,1,ABT
2013-07-26,36.59,36.85,36.15,36.78,32.3038,5387400,0,1,ABT
2013-07-25,36.42,36.6,36.24,36.58,32.1281,7492500,0,1,ABT
2013-07-24,36.7,36.7,36.2,36.45,32.014,6060600,0,1,ABT
2013-07-23,35.93,36.8,35.9,36.68,32.216,9104400,0,1,ABT
2013-07-22,35.7598,35.94,35.58,35.8,31.443,4782400,0,1,ABT
2013-07-19,35.73,35.89,35.52,35.87,31.5045,7137500,0,1,ABT
2013-07-18,35.92,36.03,35.6,35.7,31.3552,6896400,0,1,ABT
2013-07-17,35.88,36.48,35.73,35.82,31.4606,7979400,0,1,ABT
2013-07-16,35.43,35.71,35.33,35.7,31.3552,8492000,0,1,ABT
2013-07-15,35.23,35.52,35.15,35.48,31.162,6487200,0,1,ABT
2013-07-12,35.45,35.57,35.11,35.32,31.0215,6218100,0,1,ABT
2013-07-11,35.02,35.5407,34.77,35.37,31.0654,9019200,0.14,1,ABT
2013-07-10,34.8,35.21,34.71,34.74,30.3891,9108500,0,1,ABT
2013-07-09,35.46,35.56,34.73,34.74,30.3891,10291400,0,1,ABT
2013-07-08,34.95,35.47,34.94,35.41,30.9752,7545600,0,1,ABT
2013-07-05,34.58,34.93,34.49,34.92,30.5466,4664300,0,1,ABT
2013-07-03,34.72,34.72,33.72,34.25,29.9605,8381100,0,1,ABT
2013-07-02,34.97,35.31,34.65,34.86,30.4941,5793200,0,1,ABT
2013-07-01,34.97,35.4691,34.9,35.03,30.6428,6346900,0,1,ABT
2013-06-28,35.3,35.82,34.8664,34.88,30.5116,20356100,0,1,ABT
2013-06-27,35.77,35.78,35.215,35.36,30.9314,5625400,0,1,ABT
2013-06-26,35.41,35.79,35.14,35.6,31.1414,6877400,0,1,ABT
2013-06-25,35.28,35.38,34.87,35.11,30.7127,6003700,0,1,ABT
2013-06-24,35.29,35.38,34.69,34.97,30.5903,7535800,0,1,ABT
2013-06-21,35.4,35.86,35.31,35.58,31.1239,10122700,0,1,ABT
2013-06-20,36.07,36.09,35.07,35.17,30.7652,8336800,0,1,ABT
2013-06-19,37.27,37.27,36.21,36.21,31.675,6741400,0,1,ABT
2013-06-18,36.98,37.64,36.87,37.51,32.8122,5541500,0,1,ABT
2013-06-17,37.07,37.33,36.723,36.89,32.2698,6356000,0,1,ABT
2013-06-14,36.68,37.1,36.59,36.81,32.1999,4817800,0,1,ABT
2013-06-13,36.33,36.8,36.121,36.7,32.1036,6472000,0,1,ABT
2013-06-12,37.08,37.2,36.42,36.44,31.8762,5271200,0,1,ABT
2013-06-11,37.14,37.31,36.8198,36.83,32.2173,5128500,0,1,ABT
2013-06-10,37.47,37.58,37.0847,37.49,32.7947,5029900,0,1,ABT
2013-06-07,36.95,37.55,36.895,37.51,32.8122,5996500,0,1,ABT
2013-06-06,36.24,36.64,36.03,36.64,32.0511,6912400,0,1,ABT
2013-06-05,36.72,37.16,36.264,36.3,31.7537,7084800,0,1,ABT
2013-06-04,37.06,37.21,36.525,36.8,32.1911,6066400,0,1,ABT
2013-06-03,36.63,37.18,36.13,37.16,32.506,10555000,0,1,ABT
2013-05-31,37.49,37.65,36.62,36.67,32.0774,11796200,0,1,ABT
2013-05-30,37.72,37.85,37.47,37.68,32.9609,7569500,0,1,ABT
2013-05-29,38.26,38.46,37.3283,37.72,32.9959,8678100,0,1,ABT
2013-05-28,37.98,38.64,37.951,38.56,33.7307,8425100,0,1,ABT
2013-05-24,37.17,37.84,37.11,37.76,33.0309,5429900,0,1,ABT
2013-05-23,37.49,37.86,37.3,37.48,32.7859,7067600,0,1,ABT
2013-05-22,37.76,38.77,37.604,37.72,32.9959,9982400,0,1,ABT
2013-05-21,37.85,38,37.57,37.72,32.9959,6986600,0,1,ABT
2013-05-20,36.95,37.925,36.87,37.81,33.0746,8885200,0,1,ABT
2013-05-17,36.82,36.94,36.2891,36.59,32.0074,7049800,0,1,ABT
2013-05-16,37.45,37.47,36.82,36.83,32.2173,6137600,0,1,ABT
2013-05-15,37.13,37.7,37.09,37.66,32.9434,7853100,0,1,ABT
2013-05-14,36.42,37.1,36.22,37.05,32.4098,6309000,0,1,ABT
2013-05-13,36.05,36.57,36.04,36.35,31.7975,6217100,0,1,ABT
2013-05-10,36.25,36.41,35.96,36.17,31.64,6667100,0,1,ABT
2013-05-09,36.19,36.3559,36,36.18,31.6487,4861500,0,1,ABT
2013-05-08,36.01,36.29,35.88,36.29,31.745,6767500,0,1,ABT
2013-05-07,35.74,36.08,35.58,36.06,31.5438,8347700,0,1,ABT
2013-05-06,36.75,36.78,35.8,35.85,31.3601,8604900,0,1,ABT
2013-05-03,37.25,37.25,36.61,36.8,32.1911,5363500,0,1,ABT
2013-05-02,36.95,37.15,36.83,37.06,32.4185,4202800,0,1,ABT
2013-05-01,36.77,37.2,36.6235,36.89,32.2698,5458500,0,1,ABT
2013-04-30,36.7,36.98,36.4774,36.92,32.2961,6425500,0,1,ABT
2013-04-29,36.49,36.79,36.4,36.73,32.1299,3111800,0,1,ABT
2013-04-26,36.36,36.7,36.2493,36.46,31.8937,6126800,0,1,ABT
2013-04-25,36.62,36.82,36.4455,36.49,31.9199,5321400,0,1,ABT
2013-04-24,37.27,37.3498,36.39,36.52,31.9462,5434100,0,1,ABT
2013-04-23,37.11,37.34,36.86,37.21,32.5498,5291200,0,1,ABT
2013-04-22,37,37.22,36.561,36.89,32.2698,5354200,0,1,ABT
2013-04-19,37.05,37.3,36.91,37.2,32.541,6665900,0,1,ABT
2013-04-18,37.45,37.47,36.61,36.88,32.2611,7750800,0,1,ABT
2013-04-17,36.84,37.48,36.4604,37.28,32.611,14361800,0,1,ABT
2013-04-16,36.28,36.48,35.9,36.4,31.8412,7866000,0,1,ABT
2013-04-15,36.84,37.09,36.11,36.13,31.605,8227700,0,1,ABT
2013-04-12,37.11,37.25,36.93,37.13,32.4798,5373100,0,1,ABT
2013-04-11,37.02,37.55,37,37.27,32.6022,6812200,0.14,1,ABT
2013-04-10,36.73,37.14,36.66,37.1,32.3311,6689200,0,1,ABT
2013-04-09,36.56,36.75,36.4,36.66,31.9476,5444700,0,1,ABT
2013-04-08,36.31,36.55,35.93,36.55,31.8518,5584300,0,1,ABT
2013-04-05,36.37,36.55,36.19,36.31,31.6426,8250200,0,1,ABT
2013-04-04,36.52,36.89,36.45,36.65,31.9389,7713000,0,1,ABT
2013-04-03,36.13,36.39,35.9,36.32,31.6513,10143200,0,1,ABT
2013-04-02,35.45,36.1534,35.34,36.12,31.477,10956900,0,1,ABT
2013-04-01,35.18,35.3084,34.95,35.31,30.7712,6024900,0,1,ABT
2013-03-28,34.6,35.34,34.53,35.32,30.7799,11468200,0,1,ABT
2013-03-27,34.13,34.64,34.06,34.61,30.1611,8637100,0,1,ABT
2013-03-26,33.85,34.35,33.85,34.35,29.9346,5855400,0,1,ABT
2013-03-25,33.76,34.08,33.57,33.8,29.4553,7022200,0,1,ABT
2013-03-22,33.5,33.69,33.33,33.69,29.3594,5058700,0,1,ABT
2013-03-21,33.78,33.82,33.32,33.48,29.1764,5889800,0,1,ABT
2013-03-20,33.66,33.8208,33.5,33.81,29.464,6664900,0,1,ABT
2013-03-19,33.515,33.74,33.27,33.54,29.2287,7540600,0,1,ABT
2013-03-18,33.94,34.0105,33.44,33.46,29.159,8895900,0,1,ABT
2013-03-15,34.92,35.09,34.1309,34.14,29.7516,13695200,0,1,ABT
2013-03-14,35.03,35.14,34.93,35.14,30.623,6809800,0,1,ABT
2013-03-13,34.89,35.03,34.71,35.01,30.5097,4442400,0,1,ABT
2013-03-12,34.83,35,34.8,34.98,30.4836,4980100,0,1,ABT
2013-03-11,34.59,34.95,34.515,34.93,30.44,4903400,0,1,ABT
2013-03-08,34.5,34.68,34.3508,34.68,30.2221,5152100,0,1,ABT
2013-03-07,34.3,34.54,34.16,34.43,30.0043,5666000,0,1,ABT
2013-03-06,34.67,34.7,34.15,34.27,29.8648,6412100,0,1,ABT
2013-03-05,34.38,34.7,34.37,34.67,30.2134,7653800,0,1,ABT
2013-03-04,33.51,34.33,33.4022,34.31,29.8997,6613700,0,1,ABT
2013-03-01,33.69,33.91,33.55,33.6,29.281,14586800,0,1,ABT
2013-02-28,34.3082,34.36,33.79,33.79,29.4465,16553600,0,1,ABT
2013-02-27,34.05,34.45,33.85,34.26,29.8561,10667200,0,1,ABT
2013-02-26,34.37,34.44,33.94,34.06,29.6818,7392400,0,1,ABT
2013-02-25,34.6,34.84,34.25,34.27,29.8648,8702900,0,1,ABT
2013-02-22,34.18,34.55,34.01,34.55,30.1088,7902900,0,1,ABT
2013-02-21,34.47,34.49,34.1364,34.26,29.8561,6572700,0,1,ABT
2013-02-20,34.7,34.87,34.51,34.52,30.0827,7814000,0,1,ABT
2013-02-19,35.18,35.29,34.75,34.82,30.3441,9585000,0,1,ABT
2013-02-15,34.84,35.1,34.775,35.08,30.5707,10014100,0,1,ABT
2013-02-14,34.28,34.75,34.28,34.7,30.2396,8561700,0,1,ABT
2013-02-13,34.29,34.58,34.25,34.46,30.0304,6688100,0,1,ABT
2013-02-12,34.27,34.5,34.21,34.3,29.891,7069100,0,1,ABT
2013-02-11,34.42,34.49,34.24,34.26,29.8561,7928300,0,1,ABT
2013-02-08,34.39,34.66,34.2884,34.41,29.9868,10237900,0,1,ABT
2013-02-07,34.24,34.39,34.03,34.39,29.9694,11918500,0,1,ABT
2013-02-06,33.67,34.24,33.67,34.1,29.7167,13351600,0,1,ABT
2013-02-05,33.68,33.99,33.65,33.84,29.4901,14138000,0,1,ABT
2013-02-04,33.37,33.66,33.3695,33.5,29.1938,14632500,0,1,ABT
2013-02-01,33.92,34.12,33.61,33.87,29.5163,18334300,0,1,ABT
2013-01-31,33.16,33.88,33.11,33.88,29.525,33862200,0,1,ABT
2013-01-30,33.4,33.4,33.14,33.22,28.9498,10418800,0,1,ABT
2013-01-29,32.97,33.45,32.96,33.33,29.0457,14644400,0,1,ABT
2013-01-28,32.81,33.11,32.75,33,28.7581,13671600,0,1,ABT
2013-01-25,32.83,32.92,32.7,32.79,28.5751,15872000,0,1,ABT
2013-01-24,32.65,32.95,32.58,32.8,28.5838,17422200,0,1,ABT
2013-01-23,33.01,33.145,32.62,32.81,28.5925,14987600,0,1,ABT
2013-01-22,32.78,33,32.55,32.9,28.6709,18077900,0,1,ABT
2013-01-18,32.8,32.8682,32.61,32.74,28.5315,14984300,0,1,ABT
2013-01-17,32.85,32.97,32.67,32.78,28.5664,20270400,0,1,ABT
2013-01-16,33.15,33.16,32.6,32.7,28.4967,17500300,0,1,ABT
2013-01-15,33.19,33.36,32.97,33.02,28.7755,12815200,0,1,ABT
2013-01-14,33.48,33.57,33.14,33.36,29.0718,6848700,0,1,ABT
2013-01-11,33.882,33.88,33.324,33.37,29.0805,8554700,0.14,1,ABT
2013-01-10,33.7,33.94,33.66,33.85,29.3768,9668400,0,1,ABT
2013-01-09,33.66,33.71,33.09,33.57,29.1338,11313000,0,1,ABT
2013-01-08,33.29,33.56,33.08,33.35,28.9429,15042300,0,1,ABT
2013-01-07,33.02,33.34,32.85,33.34,28.9342,13120000,0,1,ABT
2013-01-04,33.33,33.43,32.85,33.07,28.6999,15820100,0,1,ABT
2013-01-03,32.9,33.38,32.74,33.27,28.8735,22148200,0,1,ABT
2013-01-02,32.3006,32.45,31.64,32.05,27.8147,20266400,0,2.0842,ABT
2012-12-31,64.13,65.53,64.01,65.5,27.2739,19018100,0,1,ABT
2012-12-28,64.78,65.018,64.365,64.42,26.8242,11238800,0,1,ABT
2012-12-27,64.97,65.48,64.63,65.05,27.0865,10701500,0,1,ABT
2012-12-26,65.55,65.57,64.9,65.06,27.0907,9052700,0,1,ABT
2012-12-24,66.05,66.05,65.38,65.47,27.2614,4894300,0,1,ABT
2012-12-21,65.21,66.06,65,66.05,27.5029,31168400,0,1,ABT
2012-12-20,65.4,65.58,65.1,65.55,27.2947,11484300,0,1,ABT
2012-12-19,65.98,66.06,65.16,65.34,27.2073,18059300,0,1,ABT
2012-12-18,65.13,66.1,64.72,65.93,27.453,21209800,0,1,ABT
2012-12-17,65.58,65.69,65.0343,65.2,27.149,16745500,0,1,ABT
2012-12-14,64.99,65.545,64.96,65.35,27.2115,13712700,0,1,ABT
2012-12-13,66.01,66.03,64.88,65.32,27.199,14284700,0,1,ABT
2012-12-12,66.21,66.85,65.87,66.01,27.4863,19106200,0,1,ABT
2012-12-11,65.33,66.35,65.31,66.17,27.5529,16098900,0,1,ABT
2012-12-10,65.07,65.948,64.73,65.33,27.2031,15309700,0,1,ABT
2012-12-07,64.53,65.62,64.21,65.53,27.2864,19290900,0,1,ABT
2012-12-06,64.5,64.79,64.2299,64.58,26.8908,8853800,0,1,ABT
2012-12-05,64.28,64.8,64.08,64.54,26.8742,10307800,0,1,ABT
2012-12-04,64.19,64.97,64.06,64.39,26.8117,12975100,0,1,ABT
2012-12-03,65.09,65.32,64.18,64.29,26.7701,13778400,0,1,ABT
2012-11-30,65.12,65.4,64.66,65,27.0657,13151900,0,1,ABT
2012-11-29,64.85,65.21,64.57,65.08,27.099,10914500,0,1,ABT
2012-11-28,63.85,64.59,63.63,64.57,26.8867,8485600,0,1,ABT
2012-11-27,64.13,64.52,63.925,64.06,26.6743,10685900,0,1,ABT
2012-11-26,64.08,64.3895,63.52,64.36,26.7992,11596900,0,1,ABT
2012-11-23,63.48,64.49,63.4424,64.47,26.845,5827800,0,1,ABT
2012-11-21,63.271,63.48,63,63.33,26.3703,9191100,0,1,ABT
2012-11-20,62.8,63.57,62.62,63.08,26.2662,17339300,0,1,ABT
2012-11-19,63.25,63.52,62.6496,62.92,26.1996,18098500,0,1,ABT
2012-11-16,63.15,63.42,62.77,62.88,26.183,17783200,0,1,ABT
2012-11-15,63.83,63.94,62.93,63.2,26.3162,13172300,0,1,ABT
2012-11-14,64.73,65.064,63.57,63.74,26.5411,14034100,0,1,ABT
2012-11-13,64.63,65.37,64.619,64.68,26.9325,12303600,0,1,ABT
2012-11-12,64.97,65.32,64.82,64.87,27.0116,13703600,0,1,ABT
2012-11-09,64.16,65.16,63.68,64.84,26.9991,19119800,0,1,ABT
2012-11-08,64.64,64.88,63.47,63.48,26.4328,17642500,0,1,ABT
2012-11-07,64.37,64.97,63.41,64.52,26.8659,24128500,0,1,ABT
2012-11-06,65.07,65.3,64.77,64.82,26.9908,11469500,0,1,ABT
2012-11-05,64.78,65.17,64.7,65.04,27.0824,9482400,0,1,ABT
2012-11-02,65.88,65.96,64.9,64.96,27.0491,13617100,0,1,ABT
2012-11-01,65.7597,66.28,65.39,65.45,27.2531,14941800,0,1,ABT
2012-10-31,65.81,66.0977,65.21,65.5,27.2739,14188200,0,1,ABT
2012-10-26,65.82,65.9,64.93,65.48,27.2656,17067100,0,1,ABT
2012-10-25,65.94,66.3,65.46,65.78,27.3905,17814200,0,1,ABT
2012-10-24,65.49,66.1,64.88,65.56,27.2989,15727800,0,1,ABT
2012-10-23,65.1264,65.86,64.73,65.36,27.2156,20737100,0,1,ABT
2012-10-22,65.66,66,65.27,65.81,27.403,23650800,0,1,ABT
2012-10-19,67.38,67.41,65.96,66.15,27.5446,24333600,0,1,ABT
2012-10-18,66.08,66.81,64.52,66.64,27.7486,70934500,0,1,ABT
2012-10-17,71.79,71.95,68.34,69.04,28.748,44251500,0,1,ABT
2012-10-16,72.1,72.47,71.48,72.13,30.0346,14045800,0,1,ABT
2012-10-15,69.5,72.1,69.3,72.05,30.0013,32805500,0,1,ABT
2012-10-12,69.6121,70.14,69.19,69.28,28.8479,12070400,0,1,ABT
2012-10-11,70.16,70.38,69.4,69.42,28.9062,10342000,0.2447,1,ABT
2012-10-10,71.02,71.02,70.01,70.37,29.0894,8959300,0,1,ABT
2012-10-09,71.08,71.5,70.76,70.9,29.3085,13508900,0,1,ABT
2012-10-08,71.47,71.56,70.85,71.32,29.4821,7843400,0,1,ABT
2012-10-05,71.19,71.91,71.16,71.61,29.602,13432800,0,1,ABT
2012-10-04,69.94,71.05,69.89,70.78,29.2589,14207500,0,1,ABT
2012-10-03,68.76,69.99,68.56,69.83,28.8662,19096200,0,1,ABT
2012-10-02,69.42,69.6,68.41,68.54,28.3329,14995400,0,1,ABT
2012-10-01,68.49,69.57,68.3,69.08,28.5562,11205200,0,1,ABT
2012-09-28,69.34,69.34,68.412,68.56,28.3412,25240700,0,1,ABT
2012-09-27,69.29,69.65,69.05,69.32,28.6554,7479900,0,1,ABT
2012-09-26,69.57,69.76,69.09,69.19,28.6016,11930100,0,1,ABT
2012-09-25,69.8,70.41,69.55,69.57,28.7587,14805300,0,1,ABT
2012-09-24,69.6,69.7837,69.34,69.61,28.7752,8572300,0,1,ABT
2012-09-21,69.9,69.99,69.62,69.62,28.7794,19436600,0,1,ABT
2012-09-20,69.1388,69.86,68.98,69.86,28.8786,11779400,0,1,ABT
2012-09-19,69.06,69.6,69.03,69.35,28.6678,11461600,0,1,ABT
2012-09-18,68.79,69.12,68.605,68.91,28.4859,10854900,0,1,ABT
2012-09-17,68.16,69.19,68.15,69.12,28.5727,13707500,0,1,ABT
2012-09-14,69.19,69.19,67.96,68.27,28.2213,14726100,0,1,ABT
2012-09-13,67.67,69.2715,67.67,69.27,28.6347,16552100,0,1,ABT
2012-09-12,67.33,67.88,67.13,67.84,28.0436,12207500,0,1,ABT
2012-09-11,67.26,67.5,67.2,67.33,27.8327,9660200,0,1,ABT
2012-09-10,66.8,67.31,66.66,67.19,27.7749,11429500,0,1,ABT
2012-09-07,66.9,67.2366,66.5,66.69,27.5682,9034500,0,1,ABT
2012-09-06,65.97,66.93,65.82,66.92,27.6633,12316300,0,1,ABT
2012-09-05,65.6627,65.828,65.34,65.75,27.1796,7666900,0,1,ABT
2012-09-04,65.26,65.67,64.57,65.46,27.0597,9572500,0,1,ABT
2012-08-31,65.5,65.9,65.3961,65.54,27.0928,8617700,0,1,ABT
2012-08-30,65.36,65.62,65.1606,65.4,27.0349,6302400,0,1,ABT
2012-08-29,65.82,65.998,65.61,65.61,27.1217,5656700,0,1,ABT
2012-08-28,65.55,65.9,65.0589,65.73,27.1713,5737800,0,1,ABT
2012-08-27,65.7895,65.98,65.57,65.72,27.1672,6196500,0,1,ABT
2012-08-24,65.09,65.9014,65.09,65.84,27.2168,7971800,0,1,ABT
2012-08-23,65.6,65.78,65.1467,65.33,27.006,7297400,0,1,ABT
2012-08-22,65.11,65.73,65.072,65.54,27.0928,6578100,0,1,ABT
2012-08-21,65.73,65.95,65.25,65.3,26.9936,8775300,0,1,ABT
2012-08-20,65.98,66.1,65.69,65.73,27.1713,6974700,0,1,ABT
2012-08-17,66.59,66.59,65.69,65.92,27.2499,8464300,0,1,ABT
2012-08-16,66.33,66.5,66.001,66.43,27.4607,5578700,0,1,ABT
2012-08-15,66.24,66.68,66.09,66.42,27.4566,7341600,0,1,ABT
2012-08-14,66.17,66.29,65.8916,66.17,27.3532,5730700,0,1,ABT
2012-08-13,65.86,66.03,65.68,65.99,27.2788,5512900,0,1,ABT
2012-08-10,65.69,66.14,65.6013,66.11,27.3284,6333000,0,1,ABT
2012-08-09,65.68,65.9604,65.56,65.72,27.1672,7844900,0,1,ABT
2012-08-08,65.93,66.19,65.73,65.9,27.2416,8277600,0,1,ABT
2012-08-07,66.37,66.42,65.83,66.03,27.2954,9502500,0,1,ABT
2012-08-06,66.7,66.83,66.35,66.37,27.4359,6775300,0,1,ABT
2012-08-03,66.88,67.45,66.52,66.59,27.5268,12233000,0,1,ABT
2012-08-02,66.6,67.13,65.65,66.34,27.4235,14975400,0,1,ABT
2012-08-01,66.43,66.74,66.063,66.1,27.3243,9149800,0,1,ABT
2012-07-31,66.66,66.88,66.29,66.31,27.4111,14637100,0,1,ABT
2012-07-30,66.16,66.66,66.02,66.6,27.531,11190400,0,1,ABT
2012-07-27,64.85,66.795,64.85,66.39,27.4442,19158300,0,1,ABT
2012-07-26,64.78,65,64.46,64.65,26.7249,11808800,0,1,ABT
2012-07-25,64.2,64.4,63.75,64.12,26.5058,11305300,0,1,ABT
2012-07-24,64.52,64.6573,63.51,63.94,26.4314,11446000,0,1,ABT
2012-07-23,63.92,64.84,63.92,64.64,26.7208,11488500,0,1,ABT
2012-07-20,65.59,65.68,64.89,65.06,26.8944,14294700,0,1,ABT
2012-07-19,66.14,66.1896,65.58,65.8,27.2003,11503700,0,1,ABT
2012-07-18,65.95,66.8,65.82,65.93,27.254,14898900,0,1,ABT
2012-07-17,65.48,66.61,65.45,66.46,27.4731,12253000,0,1,ABT
2012-07-16,65.25,65.6,65.0909,65.48,27.068,9152100,0,1,ABT
2012-07-13,65.24,65.5,65.13,65.45,27.0556,9690200,0,1,ABT
2012-07-12,64.81,65.34,64.71,65.13,26.9233,16757600,0,1,ABT
2012-07-11,65.26,65.5,64.93,65.18,26.944,15024800,0.2447,1,ABT
2012-07-10,65.69,66.3,65.42,65.67,26.9357,22907200,0,1,ABT
2012-07-09,64.84,65.63,64.796,65.61,26.9111,48254800,0,1,ABT
2012-07-06,64.39,64.76,64.18,64.75,26.5584,44201700,0,1,ABT
2012-07-05,64.75,64.95,64.39,64.75,26.5584,41698400,0,1,ABT
2012-07-03,64.47,65,64.39,64.83,26.5912,6650000,0,1,ABT
2012-07-02,64.22,64.67,64,64.63,26.5091,11760100,0,1,ABT
2012-06-29,63.22,64.47,63.1,64.47,26.4435,26008100,0,1,ABT
2012-06-28,62.66,62.94,62.11,62.91,25.8036,8991800,0,1,ABT
2012-06-27,62.5,63.12,62.46,62.87,25.7872,7436000,0,1,ABT
2012-06-26,62.14,62.59,62.03,62.35,25.5739,7469100,0,1,ABT
2012-06-25,61.922,62.47,61.62,62.12,25.4796,11633100,0,1,ABT
2012-06-22,62.28,62.744,62.11,62.32,25.5616,14003100,0,1,ABT
2012-06-21,62.83,63.12,62.22,62.24,25.5288,12525200,0,1,ABT
2012-06-20,62.85,62.99,62.4318,62.82,25.7667,10753000,0,1,ABT
2012-06-19,62.79,63.1,62.75,62.87,25.7872,9409900,0,1,ABT
2012-06-18,62.48,62.86,62.48,62.7,25.7175,8211700,0,1,ABT
2012-06-15,62.41,62.79,62.3247,62.5,25.6355,16113700,0,1,ABT
2012-06-14,61.59,62.28,61.38,62.14,25.4878,12803600,0,1,ABT
2012-06-13,61.72,61.9,61.33,61.51,25.2294,10736300,0,1,ABT
2012-06-12,61.52,61.99,61.2,61.96,25.414,8711500,0,1,ABT
2012-06-11,62.07,62.2,61.485,61.51,25.2294,8332000,0,1,ABT
2012-06-08,61.13,61.9,61.06,61.88,25.3812,11941200,0,1,ABT
2012-06-07,61.36,61.58,61.03,61.2,25.1023,16439700,0,1,ABT
2012-06-06,60.493,61.07,59.9,61.04,25.0366,13629000,0,1,ABT
2012-06-05,60.04,60.45,59.46,60.3,24.7331,15802800,0,1,ABT
2012-06-04,60.54,60.6,59.94,60.22,24.7003,17446400,0,1,ABT
2012-06-01,61.15,61.53,60.36,60.52,24.8234,17083700,0,1,ABT
2012-05-31,61.88,62.13,61.41,61.79,25.3443,11688600,0,1,ABT
2012-05-30,61.89,62.48,61.7,61.79,25.3443,12696300,0,1,ABT
2012-05-29,62.45,62.55,61.86,62.14,25.4878,10048900,0,1,ABT
2012-05-25,62.17,62.85,62.11,62.25,25.5329,9987700,0,1,ABT
2012-05-24,61.59,62.56,61.55,62.42,25.6027,14566900,0,1,ABT
2012-05-23,61.64,62.03,61.04,61.37,25.172,11987900,0,1,ABT
2012-05-22,61.8,62.35,61.71,61.99,25.4263,16218200,0,1,ABT
2012-05-21,61.595,62.15,61.6,61.81,25.3525,12592300,0,1,ABT
2012-05-18,62.27,62.44,61.45,61.57,25.254,14998900,0,1,ABT
2012-05-17,62.42,62.8,62.2,62.23,25.5247,12340100,0,1,ABT
2012-05-16,62.24,62.7254,61.93,62.55,25.656,13199200,0,1,ABT
2012-05-15,61.79,62.09,61.615,61.89,25.3853,13527000,0,1,ABT
2012-05-14,61.46,62.04,61.43,61.68,25.2991,11130800,0,1,ABT
2012-05-11,62.06,62.42,62.015,62.04,25.4468,9041400,0,1,ABT
2012-05-10,61.59,62.395,61.548,62.22,25.5206,14424300,0,1,ABT
2012-05-09,62.08,62.17,61.16,61.23,25.1146,25997700,0,1,ABT
2012-05-08,62.23,62.68,61.8,62.6,25.6765,13424500,0,1,ABT
2012-05-07,61.9,62.74,61.9,62.51,25.6396,19780700,0,1,ABT
2012-05-04,62.86,62.94,62.05,62.41,25.5986,17540200,0,1,ABT
2012-05-03,62.57,63.2,62.44,63.05,25.8611,18093300,0,1,ABT
2012-05-02,62.09,62.75,62.09,62.65,25.697,14596700,0,1,ABT
2012-05-01,62.02,62.57,61.55,62.23,25.5247,12816300,0,1,ABT
2012-04-30,61.74,62.25,61.7,62.06,25.455,12385700,0,1,ABT
2012-04-27,62.08,62.25,61.94,61.99,25.4263,11533700,0,1,ABT
2012-04-26,61.56,62.075,61.37,61.86,25.373,14027700,0,1,ABT
2012-04-25,60.84,61.78,60.66,61.6,25.2663,19044300,0,1,ABT
2012-04-24,59.8951,60.79,59.9,60.73,24.9095,18150200,0,1,ABT
2012-04-23,59.5456,59.94,59.35,59.87,24.5567,14942000,0,1,ABT
2012-04-20,59.38,60.2202,59.3,59.88,24.5608,18132900,0,1,ABT
2012-04-19,59.82,59.89,59.046,59.51,24.4091,22913500,0,1,ABT
2012-04-18,60.51,61.06,59.75,60.46,24.7987,15899500,0,1,ABT
2012-04-17,59.96,60.565,59.7465,60.43,24.7864,12614400,0,1,ABT
2012-04-16,59.7194,60.14,59.69,59.85,24.5485,12043100,0,1,ABT
2012-04-13,59.78,59.9,59.38,59.59,24.4419,11921600,0,1,ABT
2012-04-12,59.81,59.92,59.47,59.72,24.4952,13437400,0,1,ABT
2012-04-11,59.85,60.41,59.59,59.66,24.4706,14080200,0.2447,1,ABT
2012-04-10,61,61.01,59.927,60.14,24.4583,16635800,0,1,ABT
2012-04-09,60.81,61.35,60.52,60.97,24.7958,12945300,0,1,ABT
2012-04-05,61.39,61.49,61.1007,61.3,24.9301,12295700,0,1,ABT
2012-04-04,61.12,62.57,60.75,61.46,24.9951,29653300,0,1,ABT
2012-04-03,61.16,61.398,60.91,61.14,24.865,13714600,0,1,ABT
2012-04-02,61.14,61.3,61.04,61.24,24.9056,16959700,0,1,ABT
2012-03-30,61.06,61.33,61.0365,61.29,24.926,18351800,0,1,ABT
2012-03-29,60.73,61.04,60.6,60.98,24.7999,11088700,0,1,ABT
2012-03-28,61.38,61.48,60.811,61.12,24.8569,14784400,0,1,ABT
2012-03-27,60.93,61.4881,60.93,61.33,24.9422,13449300,0,1,ABT
2012-03-26,60.6117,60.99,60.59,60.99,24.804,15347000,0,1,ABT
2012-03-23,60.06,60.54,60.0474,60.4,24.564,13572100,0,1,ABT
2012-03-22,60.19,60.33,59.98,60.11,24.4461,14070400,0,1,ABT
2012-03-21,60.25,60.52,60.01,60.39,24.56,13667100,0,1,ABT
2012-03-20,59.882,60.55,59.88,60.4,24.564,14102100,0,1,ABT
2012-03-19,59.68,60.56,59.68,60.22,24.4908,22666100,0,1,ABT
2012-03-16,59.28,59.715,59.24,59.42,24.1655,25447000,0,1,ABT
2012-03-15,58.88,59.38,58.76,59.11,24.0394,16573300,0,1,ABT
2012-03-14,58.82,58.9929,58.65,58.99,23.9906,15118100,0,1,ABT
2012-03-13,58.45,58.983,58.325,58.93,23.9662,17408700,0,1,ABT
2012-03-12,57.8,58.41,57.8,58.23,23.6815,14106500,0,1,ABT
2012-03-09,57.5,57.99,57.41,57.95,23.5676,16453900,0,1,ABT
2012-03-08,57.1045,57.74,56.9,57.49,23.3806,21693200,0,1,ABT
2012-03-07,56.45,56.4481,55.91,56.26,22.8803,15557100,0,1,ABT
2012-03-06,57.15,57.23,56.29,56.35,22.9169,17748800,0,1,ABT
2012-03-05,57.26,57.49,57.16,57.28,23.2952,11895900,0,1,ABT
2012-03-02,57.28,57.52,56.92,57.39,23.3399,11347200,0,1,ABT
2012-03-01,56.6,57.42,56.58,57.32,23.3114,13641100,0,1,ABT
2012-02-29,57.15,57.196,56.61,56.61,23.0227,16880500,0,1,ABT
2012-02-28,56.69,57.13,56.57,57.04,23.1976,12279200,0,1,ABT
2012-02-27,56.38,56.75,56.1192,56.6,23.0186,9876600,0,1,ABT
2012-02-24,56.33,56.74,56.24,56.7,23.0593,9957400,0,1,ABT
2012-02-23,56.17,56.4,56.14,56.29,22.8925,14109000,0,1,ABT
2012-02-22,56.08,56.39,55.97,56.23,22.8681,12921600,0,1,ABT
2012-02-21,56.38,56.4,56.05,56.16,22.8397,14088900,0,1,ABT
2012-02-17,56.21,56.48,56.04,56.36,22.921,16231900,0,1,ABT
2012-02-16,55.53,55.9329,55.27,55.85,22.7136,12493900,0,1,ABT
2012-02-15,55.3,55.73,55.01,55.46,22.555,15083500,0,1,ABT
2012-02-14,55.16,55.2,54.74,55.08,22.4004,11748000,0,1,ABT
2012-02-13,55.18,55.3,55.1,55.16,22.433,8062700,0,1,ABT
2012-02-10,55.06,55.15,54.8,55.11,22.4126,11477600,0,1,ABT
2012-02-09,55.48,55.6,54.99,55.26,22.4736,11699000,0,1,ABT
2012-02-08,55.82,55.82,55.38,55.57,22.5997,10981400,0,1,ABT
2012-02-07,55.24,55.86,55.19,55.71,22.6567,12350500,0,1,ABT
2012-02-06,54.74,55.45,54.67,55.39,22.5265,16874500,0,1,ABT
2012-02-03,54.78,55.14,54.66,55,22.3679,16573300,0,1,ABT
2012-02-02,54.24,54.56,53.96,54.45,22.1442,19152100,0,1,ABT
2012-02-01,54.26,54.5,54.04,54.26,22.067,29235500,0,1,ABT
2012-01-31,54.57,54.75,53.96,54.15,22.0222,25874100,0,1,ABT
2012-01-30,54.63,54.681,54.07,54.47,22.1524,20086000,0,1,ABT
2012-01-27,54.88,55.23,54.7,55.02,22.376,13322000,0,1,ABT
2012-01-26,55.44,55.45,54.731,54.87,22.315,15182100,0,1,ABT
2012-01-25,55.23,55.4527,54.66,55.23,22.4614,25455100,0,1,ABT
2012-01-24,55.7,55.985,55.7,55.98,22.7665,15769000,0,1,ABT
2012-01-23,55.87,55.87,55.47,55.72,22.6607,12147700,0,1,ABT
2012-01-20,55.63,55.8,55.22,55.76,22.677,17691500,0,1,ABT
2012-01-19,55.28,55.43,55.05,55.43,22.5428,13263600,0,1,ABT
2012-01-18,55.44,55.78,55.14,55.36,22.5143,14803600,0,1,ABT
2012-01-17,55.91,56.24,55.7,55.71,22.6567,15592700,0,1,ABT
2012-01-13,55.03,55.545,54.94,55.43,22.5428,14115800,0,1,ABT
2012-01-12,55.65,55.88,55.12,55.16,22.433,15528700,0,1,ABT
2012-01-11,55.65,55.66,55.16,55.42,22.5387,13866100,0.2303,1,ABT
2012-01-10,56.2,56.27,55.95,56.11,22.6241,12191900,0,1,ABT
2012-01-09,56,56.04,55.54,55.85,22.5193,10789400,0,1,ABT
2012-01-06,56.49,56.51,55.8,55.86,22.5233,11986200,0,1,ABT
2012-01-05,56.51,56.59,56.185,56.37,22.729,13119400,0,1,ABT
2012-01-04,56.73,56.84,56.23,56.5,22.7814,13370100,0,1,ABT
2012-01-03,56.58,56.84,56.0525,56.72,22.8701,17693200,0,1,ABT
2011-12-30,56.07,56.4374,56.07,56.23,22.6725,8582300,0,1,ABT
2011-12-29,55.81,56.39,55.81,56.33,22.7128,9254600,0,1,ABT
2011-12-28,55.9955,56.37,55.77,55.83,22.5112,8365700,0,1,ABT
2011-12-27,55.82,56.34,55.82,56.23,22.6725,7303200,0,1,ABT
2011-12-23,55.85,56.03,55.54,56.02,22.5878,10969100,0,1,ABT
2011-12-22,55.45,55.85,55.1098,55.65,22.4387,19157900,0,1,ABT
2011-12-21,54.74,55.46,54.72,55.44,22.354,21375300,0,1,ABT
2011-12-20,54.69,54.92,54.62,54.86,22.1201,15898900,0,1,ABT
2011-12-19,54.82,54.929,54.16,54.35,21.9145,12914700,0,1,ABT
2011-12-16,54.94,54.96,54.63,54.89,22.1322,22562300,0,1,ABT
2011-12-15,54.65,54.94,54.57,54.89,22.1322,17019700,0,1,ABT
2011-12-14,54.14,54.46,53.99,54.23,21.8661,13358800,0,1,ABT
2011-12-13,54.351,54.84,54.17,54.35,21.9145,13788800,0,1,ABT
2011-12-12,54.23,54.5,53.8,54.27,21.8822,11226300,0,1,ABT
2011-12-09,54.29,54.735,53.99,54.57,22.0032,10290700,0,1,ABT
2011-12-08,54.58,54.7526,54.07,54.18,21.8459,13015800,0,1,ABT
2011-12-07,54.39,54.88,54.06,54.7,22.0556,18115000,0,1,ABT
2011-12-06,54.49,54.8,54.085,54.54,21.9911,11286100,0,1,ABT
2011-12-05,54.45,54.73,53.98,54.31,21.8983,12370900,0,1,ABT
2011-12-02,54.58,54.82,53.95,54.15,21.8338,13350500,0,1,ABT
2011-12-01,54.19,54.785,54.19,54.52,21.983,15006800,0,1,ABT
2011-11-30,54.16,54.6,54.08,54.55,21.9951,20257800,0,1,ABT
2011-11-29,53.43,53.69,53,53.05,21.3903,12504100,0,1,ABT
2011-11-28,52.685,53.24,52.65,53.2,21.4508,11667500,0,1,ABT
2011-11-25,52.2,52.49,52.05,52.05,20.9871,4614800,0,1,ABT
2011-11-23,52.5,52.9,52.311,52.35,21.1081,12078100,0,1,ABT
2011-11-22,52.688,53.02,52.43,52.69,21.2451,10992700,0,1,ABT
2011-11-21,52.76,53.29,52.61,52.77,21.2774,13070200,0,1,ABT
2011-11-18,53.6,53.92,53.41,53.52,21.5798,12601900,0,1,ABT
2011-11-17,53.59,53.96,52.89,53.41,21.5355,11980200,0,1,ABT
2011-11-16,54.28,54.375,53.7,53.77,21.6806,11433000,0,1,ABT
2011-11-15,54.44,54.78,54.12,54.5,21.975,13053900,0,1,ABT
2011-11-14,54.52,54.59,53.96,54.24,21.8701,9980400,0,1,ABT
2011-11-11,54.35,54.6,54.21,54.53,21.9871,10284700,0,1,ABT
2011-11-10,53.25,54.089,53.16,53.95,21.7532,11266900,0,1,ABT
2011-11-09,53.66,53.76,52.65,52.94,21.346,14403500,0,1,ABT
2011-11-08,53.72,54.32,53.495,54.26,21.8782,13460600,0,1,ABT
2011-11-07,53.1181,53.74,53.01,53.63,21.6242,11951000,0,1,ABT
2011-11-04,53.58,53.64,52.85,53.33,21.5032,10694600,0,1,ABT
2011-11-03,53.12,53.96,53.11,53.84,21.7088,14446600,0,1,ABT
2011-11-02,53.29,53.48,52.7,52.88,21.3218,13003900,0,1,ABT
2011-11-01,52.95,53.5,52.67,52.76,21.2734,18391600,0,1,ABT
2011-10-31,53.55,54.41,53.55,53.87,21.7209,16954100,0,1,ABT
2011-10-28,54.21,54.41,53.7,54.22,21.8621,15620800,0,1,ABT
2011-10-27,54.12,54.3,53.66,54.13,21.8258,21076900,0,1,ABT
2011-10-26,53.48,53.75,53.07,53.65,21.6322,17623300,0,1,ABT
2011-10-25,53.49,53.84,52.94,52.99,21.3661,20117700,0,1,ABT
2011-10-24,53.569,53.835,53.24,53.45,21.5516,22367800,0,1,ABT
2011-10-21,54.58,54.65,53.61,53.86,21.7169,27857000,0,1,ABT
2011-10-20,53.5024,54.38,53.3,54.05,21.7935,36511000,0,1,ABT
2011-10-19,55.53,55.61,52.96,53.25,21.4709,78108300,0,1,ABT
2011-10-18,51.95,52.81,51.53,52.44,21.1444,15050200,0,1,ABT
2011-10-17,52.41,52.75,51.94,52.04,20.9831,13514700,0,1,ABT
2011-10-14,52.4,52.76,52.31,52.73,21.2613,9486600,0,1,ABT
2011-10-13,52.53,52.54,51.82,52.15,21.0274,10081000,0,1,ABT
2011-10-12,52.27,52.86,52.18,52.33,21.1,13444300,0.2303,1,ABT
2011-10-11,52.56,52.88,52.32,52.7,21.0556,48235700,0,1,ABT
2011-10-10,52.2,52.62,51.97,52.62,21.0237,22854900,0,1,ABT
2011-10-07,51.59,52,51.39,51.53,20.5882,59821100,0,1,ABT
2011-10-06,51.18,51.32,50.66,51.18,20.4483,52921000,0,1,ABT
2011-10-05,50.65,51.18,50.154,51.11,20.4204,15107700,0,1,ABT
2011-10-04,49.7,50.6,48.96,50.5,20.1767,22509300,0,1,ABT
2011-10-03,50.89,51.707,50.11,50.15,20.0368,23510800,0,1,ABT
2011-09-30,51.51,52.25,51.14,51.14,20.4324,17204200,0,1,ABT
2011-09-29,51.45,52.29,51.23,51.85,20.716,15518100,0,1,ABT
2011-09-28,51.4219,51.95,50.83,50.91,20.3405,12245700,0,1,ABT
2011-09-27,50.5904,51.67,50.43,51.2,20.4563,16555800,0,1,ABT
2011-09-26,51.15,51.27,50.21,50.75,20.2765,20730900,0,1,ABT
2011-09-23,50.73,51.22,50.39,50.96,20.3604,21420800,0,1,ABT
2011-09-22,50.76,50.99,49.95,50.69,20.2526,26280700,0,1,ABT
2011-09-21,52.88,53.28,51.72,51.74,20.6721,15926400,0,1,ABT
2011-09-20,52.24,53.2,52.1,52.77,21.0836,15588100,0,1,ABT
2011-09-19,51.41,52.14,51.3,51.99,20.772,14116900,0,1,ABT
2011-09-16,51.58,52.18,51.32,52.17,20.8439,21048700,0,1,ABT
2011-09-15,51.36,51.49,50.86,51.29,20.4923,13929700,0,1,ABT
2011-09-14,50.84,51.41,49.97,50.92,20.3445,14342200,0,1,ABT
2011-09-13,50.6,50.8,50.28,50.58,20.2086,12012500,0,1,ABT
2011-09-12,50.06,50.5331,49.634,50.51,20.1807,15190900,0,1,ABT
2011-09-09,51.11,51.13,50.23,50.43,20.1487,18438300,0,1,ABT
2011-09-08,51.99,52.17,51.41,51.44,20.5522,18484500,0,1,ABT
2011-09-07,51.83,52.458,51.58,52.3,20.8958,13351100,0,1,ABT
2011-09-06,49.75,51.335,49.41,51.29,20.4923,16495400,0,1,ABT
2011-09-02,51.66,51.74,51,51.04,20.3924,10891600,0,1,ABT
2011-09-01,52.4006,52.91,51.82,51.94,20.752,14314900,0,1,ABT
2011-08-31,52,52.62,51.79,52.51,20.9797,22035400,0,1,ABT
2011-08-30,51.05,51.87,50.56,51.74,20.6721,14993300,0,1,ABT
2011-08-29,50.58,51.24,50.441,51.21,20.4603,9571900,0,1,ABT
2011-08-26,49.6,50.27,48.63,50.15,20.0368,17198400,0,1,ABT
2011-08-25,51.24,51.24,49.7564,49.94,19.9529,13869700,0,1,ABT
2011-08-24,50.28,51.12,50.15,51.11,20.4204,14460400,0,1,ABT
2011-08-23,49.41,50.59,49.38,50.51,20.1807,16419300,0,1,ABT
2011-08-22,49.88,50,49.26,49.38,19.7292,15758200,0,1,ABT
2011-08-19,48.5416,49.54,48.5,49.08,19.6093,19531200,0,1,ABT
2011-08-18,49.29,49.68,48.22,48.87,19.5254,20759000,0,1,ABT
2011-08-17,50.11,50.52,49.615,50.15,20.0368,10360900,0,1,ABT
2011-08-16,49.76,50.42,49.23,50.07,20.0049,15011200,0,1,ABT
2011-08-15,50.01,50.125,49.34,49.91,19.9409,14392600,0,1,ABT
2011-08-12,50.04,50.04,48.8,49.63,19.8291,20827200,0,1,ABT
2011-08-11,46.9,49.85,46.62,49.38,19.7292,29894900,0,1,ABT
2011-08-10,48.53,48.61,46.75,46.89,18.7343,28365100,0,1,ABT
2011-08-09,48.5092,48.91,46.29,48.56,19.4016,40628800,0,1,ABT
2011-08-08,49.3,50.13,47.56,48.06,19.2018,38377800,0,1,ABT
2011-08-05,49.28,50.73,48.45,50.23,20.0688,35718600,0,1,ABT
2011-08-04,49.87,50.32,48.74,48.77,19.4855,33477200,0,1,ABT
2011-08-03,50.07,50.36,49.36,50.29,20.0928,20149800,0,1,ABT
2011-08-02,50.28,50.45,49.87,50.2,20.0568,20054600,0,1,ABT
2011-08-01,51.62,51.62,50.15,50.47,20.1647,19402200,0,1,ABT
2011-07-29,51.38,51.6,51.16,51.32,20.5043,16997400,0,1,ABT
2011-07-28,51.84,52.12,51.56,51.62,20.6241,10355100,0,1,ABT
2011-07-27,51.96,52.18,51.75,51.83,20.708,14421400,0,1,ABT
2011-07-26,52.68,52.68,52.14,52.18,20.8479,12220700,0,1,ABT
2011-07-25,52.7,53.2,52.49,52.58,21.0077,14621300,0,1,ABT
2011-07-22,52.93,53.026,52.67,52.95,21.1555,10342600,0,1,ABT
2011-07-21,52.79,53.08,52.59,52.85,21.1156,14571900,0,1,ABT
2011-07-20,53.2,53.24,51.9131,52.4,20.9358,18696900,0,1,ABT
2011-07-19,52.61,52.92,52.29,52.89,21.1316,12320900,0,1,ABT
2011-07-18,52.93,53.03,52.27,52.54,20.9917,11167700,0,1,ABT
2011-07-15,53.29,53.42,52.8,53.04,21.1915,11707700,0,1,ABT
2011-07-14,52.74,53.33,52.71,53.16,21.2394,13061900,0,1,ABT
2011-07-13,53.07,53.34,52.6,52.77,21.0836,14600600,0.2303,1,ABT
2011-07-12,53.0723,53.55,52.76,53.29,21.0996,15136000,0,1,ABT
2011-07-11,52.9404,53.21,52.85,53.18,21.056,11195400,0,1,ABT
2011-07-08,53.25,53.445,52.93,53.33,21.1154,10738800,0,1,ABT
2011-07-07,53.49,53.598,53.24,53.54,21.1986,10280300,0,1,ABT
2011-07-06,53.27,53.4363,53.16,53.28,21.0956,7447800,0,1,ABT
2011-07-05,53.1,53.3,52.93,53.16,21.0481,10492400,0,1,ABT
2011-07-01,52.55,53.1,52.39,53.1,21.0244,11558500,0,1,ABT
2011-06-30,52.74,52.79,52.32,52.62,20.8343,12069400,0,1,ABT
2011-06-29,52.3,52.32,51.98,52.16,20.6522,11291100,0,1,ABT
2011-06-28,52.1546,52.36,52.02,52.25,20.6878,10601200,0,1,ABT
2011-06-27,51.84,52.14,51.64,51.9,20.5492,9557100,0,1,ABT
2011-06-24,51.88,51.88,51.47,51.75,20.4899,10831300,0,1,ABT
2011-06-23,51.76,52.03,51.21,51.92,20.5572,14430300,0,1,ABT
2011-06-22,52.09,52.35,52.05,52.08,20.6205,9505200,0,1,ABT
2011-06-21,52.22,52.48,52.05,52.26,20.6918,11158800,0,1,ABT
2011-06-20,51.69,52.1803,51.56,52.02,20.5968,11616000,0,1,ABT
2011-06-17,51.8,52.22,51.64,51.68,20.4621,18297200,0,1,ABT
2011-06-16,51.31,51.4315,51.09,51.31,20.3156,13556200,0,1,ABT
2011-06-15,51.13,51.66,51.04,51.31,20.3156,14045400,0,1,ABT
2011-06-14,51.73,51.73,51.14,51.29,20.3077,17939900,0,1,ABT
2011-06-13,51.2396,51.64,51.16,51.4,20.3513,16107900,0,1,ABT
2011-06-10,51.35,51.47,50.9,50.9,20.1533,15587500,0,1,ABT
2011-06-09,51.56,52.11,51.37,51.53,20.4027,14454300,0,1,ABT
2011-06-08,51.25,51.61,51.15,51.53,20.4027,11992200,0,1,ABT
2011-06-07,51.3,51.77,51.14,51.38,20.3434,14986800,0,1,ABT
2011-06-06,51.0935,51.23,50.88,51.02,20.2008,12280700,0,1,ABT
2011-06-03,50.92,51.29,50.62,51.08,20.2246,13345300,0,1,ABT
2011-06-02,51.88,51.8802,51.035,51.25,20.2919,18527900,0,1,ABT
2011-06-01,52.22,52.47,51.75,51.92,20.5572,13972600,0,1,ABT
2011-05-31,51.92,52.28,51.65,52.25,20.6878,23704800,0,1,ABT
2011-05-27,52.12,52.25,51.37,51.55,20.4107,19484700,0,1,ABT
2011-05-26,52.92,53.09,51.56,52.14,20.6443,37938900,0,1,ABT
2011-05-25,53.31,53.37,52.72,52.97,20.9729,12604400,0,1,ABT
2011-05-24,53.42,53.54,52.99,53.33,21.1154,9291500,0,1,ABT
2011-05-23,52.96,53.49,52.84,53.25,21.0838,12916400,0,1,ABT
2011-05-20,53.4,53.91,52.93,53.51,21.1867,15512000,0,1,ABT
2011-05-19,53.97,54,53.12,53.42,21.1511,12759800,0,1,ABT
2011-05-18,53.64,53.95,53.54,53.82,21.3094,14587900,0,1,ABT
2011-05-17,53.9036,53.9,53.11,53.5,21.1827,14245700,0,1,ABT
2011-05-16,53.4817,54.19,53.4,54,21.3807,15205500,0,1,ABT
2011-05-13,53.43,54.24,53.241,53.49,21.1788,16772100,0,1,ABT
2011-05-12,53.05,53.75,52.75,53.53,21.1946,16783400,0,1,ABT
2011-05-11,52.9,53.35,52.84,53.05,21.0046,15968100,0,1,ABT
2011-05-10,52.77,52.91,52.605,52.84,20.9214,8197300,0,1,ABT
2011-05-09,52.51,52.75,52.2592,52.66,20.8501,12066400,0,1,ABT
2011-05-06,52.75,52.87,52.31,52.52,20.7947,11868000,0,1,ABT
2011-05-05,52.84,52.94,52.35,52.57,20.8145,13459900,0,1,ABT
2011-05-04,52.87,53,52.78,52.94,20.961,14542900,0,1,ABT
2011-05-03,52.3,52.9,52.15,52.85,20.9254,21484700,0,1,ABT
2011-05-02,52.22,52.7284,52.1,52.59,20.8224,15979100,0,1,ABT
2011-04-29,52.32,52.378,51.9,52.04,20.6047,11901000,0,1,ABT
2011-04-28,52.05,52.35,51.93,52.29,20.7037,12604600,0,1,ABT
2011-04-27,51.76,52.2507,51.6,52.18,20.6601,14614400,0,1,ABT
2011-04-26,51.17,51.84,50.99,51.77,20.4978,15214600,0,1,ABT
2011-04-25,51.5,51.67,50.7,51.32,20.3196,16016400,0,1,ABT
2011-04-21,50.72,52.96,50.64,51.8,20.5096,38577900,0,1,ABT
2011-04-20,51.82,51.98,50.05,50.8,20.1137,27179000,0,1,ABT
2011-04-19,51.06,51.23,50.91,51.09,20.2285,16817400,0,1,ABT
2011-04-18,51.58,51.59,50.86,51.28,20.3038,21947000,0,1,ABT
2011-04-15,51.42,51.97,51.11,51.9,20.5492,27354100,0,1,ABT
2011-04-14,50.43,51.149,50.28,51,20.1929,16117500,0,1,ABT
2011-04-13,50.56,51.03,50.32,50.45,19.9751,15226100,0.2303,1,ABT
2011-04-12,50.82,51.45,50.6,51.03,20.0147,21058300,0,1,ABT
2011-04-11,50.5,51.035,50.4,50.91,19.9677,15596900,0,1,ABT
2011-04-08,50.5392,50.7,50.32,50.49,19.8029,12129000,0,1,ABT
2011-04-07,50.55,50.65,50.14,50.49,19.8029,12180400,0,1,ABT
2011-04-06,50.0423,50.73,50.03,50.68,19.8774,16846300,0,1,ABT
2011-04-05,50.35,50.48,49.98,49.99,19.6068,14296500,0,1,ABT
2011-04-04,50,50.47,49.75,50.25,19.7088,21573900,0,1,ABT
2011-04-01,49.15,49.4,49.05,49.37,19.3637,13283000,0,1,ABT
2011-03-31,49.02,49.45,48.81,49.05,19.2381,20532000,0,1,ABT
2011-03-30,48.6,49.1555,48.53,48.96,19.2028,19547100,0,1,ABT
2011-03-29,48.02,48.38,47.9,48.38,18.9754,15344100,0,1,ABT
2011-03-28,48.13,48.19,48,48.08,18.8577,9457000,0,1,ABT
2011-03-25,48.23,48.23,47.62,48.03,18.8381,17943500,0,1,ABT
2011-03-24,48.14,48.14,47.73,48.11,18.8695,14031800,0,1,ABT
2011-03-23,47.95,48.03,47.28,47.99,18.8224,12868400,0,1,ABT
2011-03-22,47.95,48.16,47.65,47.96,18.8106,13636300,0,1,ABT
2011-03-21,48.13,48.23,47.83,48.03,18.8381,12221700,0,1,ABT
2011-03-18,47.57,48.34,47.49,47.91,18.791,19049600,0,1,ABT
2011-03-17,47.19,47.3,46.75,47.26,18.5361,18798200,0,1,ABT
2011-03-16,47.52,47.54,46.5,46.71,18.3204,21944500,0,1,ABT
2011-03-15,47.54,47.8,47.13,47.65,18.689,26149600,0,1,ABT
2011-03-14,48.31,48.32,47.97,48.22,18.9126,12797600,0,1,ABT
2011-03-11,48.33,48.7469,48.03,48.46,19.0067,14923900,0,1,ABT
2011-03-10,48.81,48.94,48.4,48.5,19.0224,19423500,0,1,ABT
2011-03-09,48.74,49.13,48.56,49.07,19.246,13483300,0,1,ABT
2011-03-08,48.49,48.84,48.45,48.7,19.1009,11799400,0,1,ABT
2011-03-07,48.9015,48.9,48.28,48.5,19.0224,14466800,0,1,ABT
2011-03-04,48.2681,48.95,48.26,48.69,19.0969,23068100,0,1,ABT
2011-03-03,47.92,48.4,47.84,48.35,18.9636,17471600,0,1,ABT
2011-03-02,47.24,47.68,47.18,47.68,18.7008,15155400,0,1,ABT
2011-03-01,48.19,48.3,47.43,47.5,18.6302,19163600,0,1,ABT
2011-02-28,47.87,48.56,47.67,48.1,18.8655,25209000,0,1,ABT
2011-02-25,47.2831,47.73,47.01,47.64,18.6851,24082900,0,1,ABT
2011-02-24,46.53,47.22,46.345,47.2,18.5125,27052700,0,1,ABT
2011-02-23,46.87,46.99,46.35,46.47,18.2262,21472000,0,1,ABT
2011-02-22,46.47,47.17,46.47,46.97,18.4223,23800100,0,1,ABT
2011-02-18,46.36,46.89,46.28,46.88,18.387,20295500,0,1,ABT
2011-02-17,46.23,46.42,46.06,46.32,18.1674,14300500,0,1,ABT
2011-02-16,46.77,46.84,46.16,46.26,18.1439,19071600,0,1,ABT
2011-02-15,46.04,46.8,45.69,46.75,18.336,25261500,0,1,ABT
2011-02-14,45.72,46.048,45.6,45.98,18.034,17675600,0,1,ABT
2011-02-11,45.36,45.65,45.28,45.56,17.8693,17146900,0,1,ABT
2011-02-10,45.45,45.68,45.38,45.49,17.8419,16327400,0,1,ABT
2011-02-09,45.46,45.78,45.35,45.54,17.8615,15826500,0,1,ABT
2011-02-08,45.5891,45.74,45.43,45.61,17.8889,20216100,0,1,ABT
2011-02-07,46.16,46.16,45.43,45.69,17.9203,23649800,0,1,ABT
2011-02-04,46.0269,46.2,45.73,46.12,18.089,20698400,0,1,ABT
2011-02-03,45.76,46.14,45.62,46,18.0419,17199200,0,1,ABT
2011-02-02,45.27,45.79,45.11,45.73,17.936,26265500,0,1,ABT
2011-02-01,45.18,45.445,45.08,45.23,17.7399,27734400,0,1,ABT
2011-01-31,45.85,45.92,45.07,45.16,17.7124,34672700,0,1,ABT
2011-01-28,46.36,46.5,45.3367,45.49,17.8419,36420800,0,1,ABT
2011-01-27,46.67,46.79,46.1,46.38,18.1909,37021800,0,1,ABT
2011-01-26,48.15,48.2,46.75,46.75,18.336,43138100,0,1,ABT
2011-01-25,48.16,48.2,47.79,47.96,18.8106,20015800,0,1,ABT
2011-01-24,47.9,48.201,47.87,48.17,18.893,15529100,0,1,ABT
2011-01-21,48.11,48.17,47.82,47.92,18.7949,17318000,0,1,ABT
2011-01-20,47.36,47.9592,47.31,47.96,18.8106,23437200,0,1,ABT
2011-01-19,47.27,47.71,47.21,47.33,18.5635,19433300,0,1,ABT
2011-01-18,46.85,47.27,46.63,47.2,18.5125,23327800,0,1,ABT
2011-01-14,47.3533,47.46,46.78,46.89,18.391,23048900,0,1,ABT
2011-01-13,47.8,47.8,47.26,47.37,18.5792,14638500,0,1,ABT
2011-01-12,47.82,47.83,47.53,47.58,18.6616,19803200,0.2111,1,ABT
2011-01-11,48.18,48.18,47.6605,47.84,18.591,15640400,0,1,ABT
2011-01-10,48.3,48.4338,47.81,47.94,18.6298,29427800,0,1,ABT
2011-01-07,48.14,48.45,48.03,48.37,18.797,21604400,0,1,ABT
2011-01-06,48.5,48.6207,47.78,48.17,18.7192,32471000,0,1,ABT
2011-01-05,48.22,48.82,48.07,48.27,18.7581,28342600,0,1,ABT
2011-01-04,48.04,48.32,47.8,48.27,18.7581,18826300,0,1,ABT
2011-01-03,48.29,48.29,47.77,47.82,18.5832,19050200,0,1,ABT
2010-12-31,47.44,48.18,47.44,47.91,18.6182,11564400,0,1,ABT
2010-12-30,47.47,47.7,47.37,47.57,18.4861,9403700,0,1,ABT
2010-12-29,47.34,47.55,47.25,47.42,18.4278,9659000,0,1,ABT
2010-12-28,47.53,47.55,47.23,47.39,18.4161,15750900,0,1,ABT
2010-12-27,47.79,47.7998,47.3,47.38,18.4122,13794700,0,1,ABT
2010-12-23,47.73,48.03,47.71,47.81,18.5793,10838800,0,1,ABT
2010-12-22,48.12,48.19,47.8,47.84,18.591,14680400,0,1,ABT
2010-12-21,48.1792,48.425,47.86,48,18.6532,16193600,0,1,ABT
2010-12-20,48.56,48.77,48.13,48.27,18.7581,12841300,0,1,ABT
2010-12-17,48.62,48.62,47.96,48.4,18.8086,21597300,0,1,ABT
2010-12-16,48.17,48.62,47.82,48.56,18.8708,15183600,0,1,ABT
2010-12-15,48.09,48.37,47.76,48.12,18.6998,16467600,0,1,ABT
2010-12-14,47.49,48.05,47.35,48.05,18.6726,18408700,0,1,ABT
2010-12-13,47.68,47.76,47.13,47.48,18.4511,20677500,0,1,ABT
2010-12-10,47.23,47.67,47.11,47.62,18.5055,18346300,0,1,ABT
2010-12-09,46.86,47.2,46.75,47.13,18.3151,16280300,0,1,ABT
2010-12-08,46.93,47.03,46.4,46.73,18.1596,22138500,0,1,ABT
2010-12-07,47.15,47.23,46.8,46.89,18.2218,19987000,0,1,ABT
2010-12-06,47.5,47.5,46.8,46.92,18.2335,22962200,0,1,ABT
2010-12-03,47.57,47.65,47.12,47.37,18.4083,15885500,0,1,ABT
2010-12-02,47.15,47.65,47.07,47.61,18.5016,18602500,0,1,ABT
2010-12-01,46.8929,47.17,46.705,47.01,18.2684,20241700,0,1,ABT
2010-11-30,46.09,46.57,46.03,46.51,18.0741,18827000,0,1,ABT
2010-11-29,46.76,46.8976,46.2,46.49,18.0664,20689400,0,1,ABT
2010-11-26,47.02,47.02,46.76,46.8,18.1868,6334300,0,1,ABT
2010-11-24,47.21,47.41,46.85,46.96,18.249,15429300,0,1,ABT
2010-11-23,47.17,47.2,46.85,46.95,18.2451,18675400,0,1,ABT
2010-11-22,47.55,47.57,46.72,47.25,18.3617,19252300,0,1,ABT
2010-11-19,47.64,47.74,47.2,47.4,18.42,23808400,0,1,ABT
2010-11-18,47.93,47.97,47.2,47.62,18.5055,25482700,0,1,ABT
2010-11-17,47.83,48.11,47.71,47.8,18.5754,15338400,0,1,ABT
2010-11-16,48.04,48.23,47.56,47.66,18.521,21728800,0,1,ABT
2010-11-15,48.89,49.25,48.08,48.16,18.7153,28721900,0,1,ABT
2010-11-12,49.56,49.6,48.48,48.58,18.8786,27260300,0,1,ABT
2010-11-11,49.78,50.15,49.69,49.78,19.3449,18147700,0,1,ABT
2010-11-10,49.87,50.17,49.46,50.17,19.4964,15562500,0,1,ABT
2010-11-09,50.4756,50.556,49.89,50.05,19.4498,17928300,0,1,ABT
2010-11-08,50.93,50.93,50.22,50.45,19.6053,13792400,0,1,ABT
2010-11-05,50.86,51.06,50.61,50.92,19.7879,13746900,0,1,ABT
2010-11-04,51.37,51.58,50.72,50.88,19.7724,19313400,0,1,ABT
2010-11-03,50.86,51.188,50.6,51.04,19.8345,12040800,0,1,ABT
2010-11-02,50.79,51.06,50.71,50.88,19.7724,15725900,0,1,ABT
2010-11-01,51.58,51.642,50.32,50.6,19.6635,20652900,0,1,ABT
2010-10-29,51.78,51.86,50.93,51.32,19.9433,21343200,0,1,ABT
2010-10-28,51.84,52.13,51.36,51.75,20.1104,13601700,0,1,ABT
2010-10-27,52.34,52.34,51.03,51.64,20.0677,20438900,0,1,ABT
2010-10-26,52.39,52.69,52.32,52.69,20.4757,8310100,0,1,ABT
2010-10-25,52.85,53.23,52.46,52.51,20.4058,13040000,0,1,ABT
2010-10-22,52.95,52.95,52.35,52.56,20.4252,7370500,0,1,ABT
2010-10-21,52.68,53.09,52.49,52.84,20.534,15314200,0,1,ABT
2010-10-20,52.18,52.55,51.67,52.42,20.3708,22703200,0,1,ABT
2010-10-19,53.22,53.45,52.5,52.87,20.5457,15452000,0,1,ABT
2010-10-18,53.18,53.67,53.05,53.67,20.8566,12793200,0,1,ABT
2010-10-15,53.37,53.75,53.11,53.17,20.6623,16524300,0,1,ABT
2010-10-14,53.21,53.27,52.82,53.21,20.6778,12357400,0,1,ABT
2010-10-13,53.4006,53.52,53.11,53.18,20.6662,12724800,0.2111,1,ABT
2010-10-12,52.798,53.62,52.71,53.51,20.6234,34974300,0,1,ABT
2010-10-11,52.8994,52.92,52.58,52.81,20.3536,10334300,0,1,ABT
2010-10-08,52.55,52.93,52.41,52.81,20.3536,31929100,0,1,ABT
2010-10-07,53.19,53.23,52.44,52.58,20.265,33616900,0,1,ABT
2010-10-06,52.97,53.2254,52.66,52.98,20.4191,10249000,0,1,ABT
2010-10-05,52.77,53.17,52.69,53.08,20.4577,13040400,0,1,ABT
2010-10-04,52.57,52.91,52.17,52.51,20.238,11171900,0,1,ABT
2010-10-01,52.54,52.58,52.12,52.58,20.265,9918000,0,1,ABT
2010-09-30,52.43,52.86,52.0998,52.24,20.1339,13436200,0,1,ABT
2010-09-29,52.38,52.57,52.11,52.49,20.2303,11276500,0,1,ABT
2010-09-28,52.21,52.48,51.92,52.38,20.1879,9584200,0,1,ABT
2010-09-27,51.95,52.26,51.793,52.1,20.08,10238400,0,1,ABT
2010-09-24,51.99,52.33,51.75,51.94,20.0183,13700500,0,1,ABT
2010-09-23,51.55,51.93,51.5,51.6,19.8873,8975800,0,1,ABT
2010-09-22,52.21,52.429,51.86,51.99,20.0376,10671500,0,1,ABT
2010-09-21,52.36,52.36,51.7524,52.15,20.0992,11983500,0,1,ABT
2010-09-20,51.6,52.39,51.53,52.26,20.1416,11174000,0,1,ABT
2010-09-17,51.78,51.93,51.53,51.64,19.9027,15078300,0,1,ABT
2010-09-16,51.4046,51.78,51,51.61,19.8911,11555800,0,1,ABT
2010-09-15,51.36,51.75,51.15,51.66,19.9104,9559600,0,1,ABT
2010-09-14,51.42,51.63,51.11,51.41,19.814,11609400,0,1,ABT
2010-09-13,51.79,51.7916,51.23,51.45,19.8295,10166900,0,1,ABT
2010-09-10,51.25,51.59,51.0914,51.54,19.8641,9255300,0,1,ABT
2010-09-09,50.95,51.32,50.95,51.09,19.6907,10887200,0,1,ABT
2010-09-08,50.49,50.88,50.35,50.45,19.4441,11613500,0,1,ABT
2010-09-07,50.5,50.79,50.355,50.49,19.4595,9685700,0,1,ABT
2010-09-03,50.94,50.99,50.25,50.74,19.5558,9947400,0,1,ABT
2010-09-02,50.21,50.63,50.21,50.61,19.5057,10352200,0,1,ABT
2010-09-01,49.72,50.61,49.72,50.27,19.3747,14708400,0,1,ABT
2010-08-31,49.2,49.45,49.02,49.34,19.0162,14662900,0,1,ABT
2010-08-30,49.89,50.09,49.49,49.49,19.074,8679200,0,1,ABT
2010-08-27,49.56,49.9,49.01,49.84,19.2089,9445300,0,1,ABT
2010-08-26,50.05,50.05,49.37,49.5,19.0779,11410700,0,1,ABT
2010-08-25,49.18,50.05,49.15,49.82,19.2012,15743000,0,1,ABT
2010-08-24,49.29,49.78,49.0647,49.48,19.0702,18669600,0,1,ABT
2010-08-23,49.55,50.18,49.55,49.78,19.1858,15039500,0,1,ABT
2010-08-20,49.04,49.43,48.93,49.34,19.0162,13354300,0,1,ABT
2010-08-19,50.16,50.21,49.04,49.32,19.0085,21298000,0,1,ABT
2010-08-18,50.63,50.72,50.22,50.23,19.3593,12794000,0,1,ABT
2010-08-17,50.5,50.89,50.25,50.69,19.5365,12592300,0,1,ABT
2010-08-16,50.05,50.43,49.762,50.34,19.4017,9995400,0,1,ABT
2010-08-13,50.12,50.2616,49.91,50.06,19.2937,10601900,0,1,ABT
2010-08-12,49.91,50.54,49.73,50.39,19.4209,9210000,0,1,ABT
2010-08-11,51.03,51.11,50.27,50.39,19.4209,13175400,0,1,ABT
2010-08-10,50.67,51.7,50.59,51.47,19.8372,18687300,0,1,ABT
2010-08-09,50.63,50.9451,50.43,50.88,19.6098,9375500,0,1,ABT
2010-08-06,49.71,50.68,49.71,50.57,19.4903,16663100,0,1,ABT
2010-08-05,49.93,50.08,49.72,49.98,19.2629,12290500,0,1,ABT
2010-08-04,49.98,50.27,49.79,50.18,19.34,12857200,0,1,ABT
2010-08-03,49.91,50.61,49.76,50,19.2706,18921200,0,1,ABT
2010-08-02,49.71,50,49.62,49.83,19.2051,15648100,0,1,ABT
2010-07-30,48.72,49.3602,48.3,49.08,18.916,16298000,0,1,ABT
2010-07-29,49.44,49.77,48.93,48.98,18.8775,18437600,0,1,ABT
2010-07-28,49.31,49.48,48.85,49.22,18.97,14290700,0,1,ABT
2010-07-27,49.5,49.5,48.96,49.27,18.9893,9663600,0,1,ABT
2010-07-26,48.82,49.3723,48.82,49.24,18.9777,12334500,0,1,ABT
2010-07-23,48.98,49.16,48.58,48.93,18.8582,18181100,0,1,ABT
2010-07-22,49.0166,49.54,48.36,49.01,18.8891,22413000,0,1,ABT
2010-07-21,47.73,49.38,44.59,48.68,18.7619,29586000,0,1,ABT
2010-07-20,47.13,47.55,46.86,47.47,18.2955,16479900,0,1,ABT
2010-07-19,47.4126,47.58,47.25,47.41,18.2724,8753800,0,1,ABT
2010-07-16,47.91,48.14,47.02,47.07,18.1414,19046200,0,1,ABT
2010-07-15,47.86,48.11,47.68,48.02,18.5075,12081000,0,1,ABT
2010-07-14,47.53,47.86,47.17,47.85,18.442,11571600,0,1,ABT
2010-07-13,47.78,47.89,47.62,47.67,18.3726,14423500,0.2111,1,ABT
2010-07-12,48.1,48.1,47.6,47.82,18.2608,11977200,0,1,ABT
2010-07-09,48.16,48.16,47.52,48.03,18.341,10837800,0,1,ABT
2010-07-08,47.9,48.15,47.68,48.1,18.3678,15291900,0,1,ABT
2010-07-07,46.74,47.77,46.59,47.71,18.2188,19011200,0,1,ABT
2010-07-06,46.78,46.97,46.31,46.69,17.8293,20032300,0,1,ABT
2010-07-02,46.48,46.76,46.22,46.46,17.7415,11833200,0,1,ABT
2010-07-01,46.55,46.66,45.71,46.46,17.7415,17965400,0,1,ABT
2010-06-30,46.66,47.24,46.18,46.78,17.8637,21387600,0,1,ABT
2010-06-29,47,47,46.2512,46.65,17.814,17382600,0,1,ABT
2010-06-28,47.25,47.601,47.04,47.18,18.0164,11372800,0,1,ABT
2010-06-25,47.62,47.6413,47.1,47.19,18.0203,28662700,0,1,ABT
2010-06-24,47.38,47.86,47.23,47.46,18.1234,14688800,0,1,ABT
2010-06-23,48.0407,48.16,47.38,47.56,18.1616,13522900,0,1,ABT
2010-06-22,48.32,48.705,47.95,47.99,18.3258,12384300,0,1,ABT
2010-06-21,49.16,49.23,48.055,48.3,18.4441,15873200,0,1,ABT
2010-06-18,48.86,49,48.4,48.77,18.6236,18738400,0,1,ABT
2010-06-17,48.84,48.85,48.25,48.63,18.5701,16354700,0,1,ABT
2010-06-16,47.79,48.87,47.67,48.79,18.6312,19606500,0,1,ABT
2010-06-15,47.54,48.21,47.4383,48.17,18.3945,19942600,0,1,ABT
2010-06-14,47.4368,47.65,47.28,47.33,18.0737,14164200,0,1,ABT
2010-06-11,47.09,47.4,46.8231,47.2,18.0241,12306500,0,1,ABT
2010-06-10,46.38,47.47,46.34,47.2,18.0241,19143600,0,1,ABT
2010-06-09,46.39,46.55,45.73,45.86,17.5124,18267600,0,1,ABT
2010-06-08,46.08,46.42,45.672,46.31,17.6842,22759200,0,1,ABT
2010-06-07,46.34,46.62,46.19,46.23,17.6537,19413500,0,1,ABT
2010-06-04,47.04,47.097,46.3686,46.53,17.7682,21442000,0,1,ABT
2010-06-03,47.7495,47.82,47.47,47.73,18.2265,9053500,0,1,ABT
2010-06-02,47,47.51,46.51,47.48,18.131,18735700,0,1,ABT
2010-06-01,47.44,47.72,46.9,46.94,17.9248,18251300,0,1,ABT
2010-05-28,47.7723,48.58,47.5,47.56,18.1616,23084400,0,1,ABT
2010-05-27,47.85,48.1249,47.26,47.87,18.2799,16778000,0,1,ABT
2010-05-26,47.56,48,46.94,47.17,18.0126,25537900,0,1,ABT
2010-05-25,47.02,47.25,46.31,47.23,18.0355,26404900,0,1,ABT
2010-05-24,47.04,48.045,46.87,47.56,18.1616,26966000,0,1,ABT
2010-05-21,45.4779,46.98,45.26,46.94,17.9248,34482700,0,1,ABT
2010-05-20,47.47,47.47,46.4699,46.48,17.7491,22637500,0,1,ABT
2010-05-19,47.87,48.35,47.81,47.94,18.3067,19149800,0,1,ABT
2010-05-18,48.7161,48.93,48,48.05,18.3487,14520400,0,1,ABT
2010-05-17,48.58,48.77,47.88,48.43,18.4938,15486400,0,1,ABT
2010-05-14,48.43,48.61,47.78,48.5,18.5205,20860500,0,1,ABT
2010-05-13,49.11,49.11,48.21,48.61,18.5625,19139600,0,1,ABT
2010-05-12,49.571,49.59,48.89,49.15,18.7687,18435100,0,1,ABT
2010-05-11,49.38,49.73,49.24,49.4,18.8642,17852600,0,1,ABT
2010-05-10,49.8,50.2307,49.24,49.69,18.9749,21408000,0,1,ABT
2010-05-07,49.02,49.16,47.9987,48.72,18.6045,25126900,0,1,ABT
2010-05-06,50.14,50.38,45.6,49,18.7114,26043300,0,1,ABT
2010-05-05,50.22,51.07,49.75,50.15,19.1506,22362800,0,1,ABT
2010-05-04,50.66,50.86,49.72,50.19,19.1659,21711900,0,1,ABT
2010-05-03,51.45,51.59,50.545,50.87,19.4255,18336100,0,1,ABT
2010-04-30,50.85,51.5,50.63,51.16,19.5363,22310700,0,1,ABT
2010-04-29,50.51,51.13,50.343,50.75,19.3797,19325100,0,1,ABT
2010-04-28,49.94,50.42,49.41,50.27,19.1964,19404500,0,1,ABT
2010-04-27,50.28,50.56,49.68,49.77,19.0055,21777100,0,1,ABT
2010-04-26,51.08,51.77,50.06,50.37,19.2346,19657700,0,1,ABT
2010-04-23,51.03,51.2111,50.27,51.2,19.5515,19164400,0,1,ABT
2010-04-22,51.59,51.61,50.84,51.12,19.521,16797800,0,1,ABT
2010-04-21,52.8,52.95,51.47,51.78,19.773,26172500,0,1,ABT
2010-04-20,53.03,53.25,52.92,53.06,20.2618,13302000,0,1,ABT
2010-04-19,52.26,53.13,52.065,52.91,20.2045,18932400,0,1,ABT
2010-04-16,52.2403,52.46,52.02,52.26,19.9563,16562700,0,1,ABT
2010-04-15,52.31,52.45,52.067,52.36,19.9945,15013700,0,1,ABT
2010-04-14,52.42,52.46,51.93,52.31,19.9754,19029100,0,1,ABT
2010-04-13,52.16,52.48,52.16,52.28,19.964,14442000,0.2111,1,ABT
2010-04-12,53,53,52.39,52.67,19.9449,13458100,0,1,ABT
2010-04-09,52.35,52.85,52.28,52.73,19.9676,11637500,0,1,ABT
2010-04-08,52.59,52.69,52.2,52.28,19.7972,15111200,0,1,ABT
2010-04-07,52.7,52.93,52.38,52.5,19.8805,20577100,0,1,ABT
2010-04-06,52.87,53.12,52.58,52.84,20.0092,15102300,0,1,ABT
2010-04-05,52.99,53.25,52.7,52.93,20.0433,11130400,0,1,ABT
2010-04-01,52.8042,52.97,52.58,52.96,20.0547,12903500,0,1,ABT
2010-03-31,52.56,52.9935,52.21,52.68,19.9487,15870300,0,1,ABT
2010-03-30,53.03,53.26,52.49,52.51,19.8843,27988900,0,1,ABT
2010-03-29,53.08,53.15,52.73,53.12,20.1153,22003700,0,1,ABT
2010-03-26,53.7,53.78,52.44,52.9,20.032,25017700,0,1,ABT
2010-03-25,54.28,54.31,53.5,53.52,20.2667,17738200,0,1,ABT
2010-03-24,54.25,54.33,53.76,53.87,20.3993,13205700,0,1,ABT
2010-03-23,54.11,54.39,53.82,54.34,20.5773,9704400,0,1,ABT
2010-03-22,53.4,54.23,53.3,53.87,20.3993,15663600,0,1,ABT
2010-03-19,53.88,53.9,53.19,53.46,20.244,34032000,0,1,ABT
2010-03-18,54.44,54.54,53.61,53.77,20.3614,32043300,0,1,ABT
2010-03-17,54.84,54.88,54.3,54.5,20.6378,15366100,0,1,ABT
2010-03-16,54.84,54.99,54.47,54.68,20.706,12421400,0,1,ABT
2010-03-15,54.41,54.8,54.12,54.8,20.7514,15406400,0,1,ABT
2010-03-12,55.04,55.05,53.72,54.52,20.6454,33828600,0,1,ABT
2010-03-11,55.04,55.55,54.85,55.54,21.0317,11900500,0,1,ABT
2010-03-10,54.81,55.55,54.72,55.03,20.8385,17001000,0,1,ABT
2010-03-09,54.19,54.96,54.13,54.8,20.7514,12287800,0,1,ABT
2010-03-08,54.37,54.55,54.12,54.42,20.6075,8986400,0,1,ABT
2010-03-05,54.14,54.39,54.12,54.32,20.5697,15291700,0,1,ABT
2010-03-04,54.49,54.5,53.91,54.08,20.4788,13258800,0,1,ABT
2010-03-03,54.6,54.84,53.9191,54.08,20.4788,13975800,0,1,ABT
2010-03-02,54.22,54.7,54.13,54.58,20.6681,10419300,0,1,ABT
2010-03-01,54.37,54.652,54.14,54.29,20.5583,9501600,0,1,ABT
2010-02-26,54.1805,54.53,53.85,54.28,20.5545,14675200,0,1,ABT
2010-02-25,53.97,54.19,53.61,54.12,20.4939,12305700,0,1,ABT
2010-02-24,54.19,54.54,53.91,54.33,20.5735,14141300,0,1,ABT
2010-02-23,54.23,54.47,53.75,53.97,20.4371,13961200,0,1,ABT
2010-02-22,54.49,54.52,53.96,54.4,20.6,11966200,0,1,ABT
2010-02-19,54.88,54.89,54.08,54.38,20.5924,20116900,0,1,ABT
2010-02-18,54.69,55,54.67,54.97,20.8158,11171100,0,1,ABT
2010-02-17,54.79,54.98,54.57,54.75,20.7325,13285700,0,1,ABT
2010-02-16,54.24,54.675,53.77,54.59,20.6719,15742100,0,1,ABT
2010-02-12,53.2,54,53.11,53.93,20.422,17566000,0,1,ABT
2010-02-11,53.27,53.71,52.93,53.54,20.2743,13413200,0,1,ABT
2010-02-10,53.26,53.49,52.67,53.26,20.1683,15479300,0,1,ABT
2010-02-09,53.6354,53.98,53.34,53.35,20.2024,23229400,0,1,ABT
2010-02-08,53.85,53.95,53.31,53.35,20.2024,14861100,0,1,ABT
2010-02-05,53.63,54.13,53.3,53.97,20.4371,22546000,0,1,ABT
2010-02-04,54.75,54.75,53.79,53.82,20.3803,19169400,0,1,ABT
2010-02-03,54.37,54.78,54.1,54.65,20.6946,14158800,0,1,ABT
2010-02-02,53.29,54.6,53.2,54.44,20.6151,17214200,0,1,ABT
2010-02-01,53.11,53.69,53.08,53.34,20.1986,18361100,0,1,ABT
2010-01-29,54.08,54.08,52.8896,52.94,20.0471,19832000,0,1,ABT
2010-01-28,54.1,54.45,53.64,53.95,20.4296,13856300,0,1,ABT
2010-01-27,54.1,54.14,53.15,53.9,20.4106,24107700,0,1,ABT
2010-01-26,54.57,54.67,54.26,54.48,20.6303,13814500,0,1,ABT
2010-01-25,54.76,55.51,54.53,54.7,20.7136,10109400,0,1,ABT
2010-01-22,55.33,55.656,54.4,54.51,20.6416,14599200,0,1,ABT
2010-01-21,56.21,56.5014,55,55.56,21.0392,17317200,0,1,ABT
2010-01-20,56.23,56.79,55.61,56.24,21.2967,14080600,0,1,ABT
2010-01-19,55.55,56.5,55.51,56.2,21.2816,16663600,0,1,ABT
2010-01-15,55.36,55.57,55.16,55.49,21.0127,16132500,0,1,ABT
2010-01-14,55.22,55.62,55,55.35,20.9597,8982400,0,1,ABT
2010-01-13,54.86,55.54,54.85,55.29,20.937,10538900,0.1919,1,ABT
2010-01-12,55.2,55.55,55.03,55.17,20.7401,10939300,0,1,ABT
2010-01-11,55.3,55.48,55.07,55.33,20.8002,10947200,0,1,ABT
2010-01-08,54.76,55.25,54.68,55.05,20.695,12148600,0,1,ABT
2010-01-07,54.31,54.78,54.07,54.77,20.5897,12857200,0,1,ABT
2010-01-06,53.94,54.39,53.85,54.32,20.4205,11401400,0,1,ABT
2010-01-05,54.4727,54.47,53.75,54.02,20.3078,10562100,0,1,ABT
2010-01-04,54.19,54.555,53.9226,54.46,20.4732,10829000,0,1,ABT
2009-12-31,54.47,54.65,53.94,53.99,20.2965,6238800,0,1,ABT
2009-12-30,53.91,54.55,53.9,54.54,20.5032,7483100,0,1,ABT
2009-12-29,54.63,54.93,54.2214,54.26,20.398,9280300,0,1,ABT
2009-12-28,54.16,54.55,54.055,54.53,20.4995,8517200,0,1,ABT
2009-12-24,54.07,54.42,54.04,54.15,20.3566,3166700,0,1,ABT
2009-12-23,54.22,54.37,53.97,54.09,20.3341,5747800,0,1,ABT
2009-12-22,54.04,54.29,54.016,54.12,20.3454,10124800,0,1,ABT
2009-12-21,53.58,54.2,53.42,53.92,20.2702,12256900,0,1,ABT
2009-12-18,53.75,53.75,53,53.34,20.0521,19611000,0,1,ABT
2009-12-17,53.76,53.83,53.16,53.58,20.1424,11269000,0,1,ABT
2009-12-16,54.25,54.45,53.77,53.88,20.2551,11245700,0,1,ABT
2009-12-15,53.78,54.22,53.52,53.99,20.2965,9195000,0,1,ABT
2009-12-14,53.78,54.31,53.75,53.78,20.2175,9362000,0,1,ABT
2009-12-11,53.998,54.35,53.65,53.77,20.2138,11144000,0,1,ABT
2009-12-10,53.57,54.34,53.5318,54.07,20.3266,13065400,0,1,ABT
2009-12-09,53.5,53.67,53.14,53.61,20.1536,9618300,0,1,ABT
2009-12-08,53.522,53.64,52.94,53.24,20.0145,12060000,0,1,ABT
2009-12-07,53.84,54.25,53.62,53.66,20.1724,11116500,0,1,ABT
2009-12-04,54.57,54.65,53.4,53.78,20.2175,13122700,0,1,ABT
2009-12-03,54.41,54.69,54.13,54.24,20.3905,11145000,0,1,ABT
2009-12-02,54.4906,54.97,54.24,54.44,20.4657,11586000,0,1,ABT
2009-12-01,54.85,54.87,54.22,54.48,20.4807,21289900,0,1,ABT
2009-11-30,54.2,54.55,53.69,54.49,20.4844,14685200,0,1,ABT
2009-11-27,53.49,54.34,53.29,54.08,20.3303,6023100,0,1,ABT
2009-11-25,54.3,54.59,54.11,54.41,20.4544,8726300,0,1,ABT
2009-11-24,53.22,54.495,52.5,54.24,20.3905,18005600,0,1,ABT
2009-11-23,53.72,53.84,52.977,53.13,19.9732,19443700,0,1,ABT
2009-11-20,53.25,53.74,52.84,53.64,20.1649,13334300,0,1,ABT
2009-11-19,52.89,53.1978,52.57,52.96,19.9093,14050600,0,1,ABT
2009-11-18,53.3094,53.31,52.5,53.18,19.992,10070600,0,1,ABT
2009-11-17,53.62,53.62,53.08,53.31,20.0409,11656100,0,1,ABT
2009-11-16,53.53,53.89,53.14,53.63,20.1611,14141100,0,1,ABT
2009-11-13,53.4,53.5,52.78,52.95,19.9055,12412200,0,1,ABT
2009-11-12,53.39,53.8,53.01,53.23,20.0108,9963100,0,1,ABT
2009-11-11,53.42,53.55,53.01,53.26,20.0221,12811100,0,1,ABT
2009-11-10,52.19,52.99,52.1538,52.8,19.8491,11546800,0,1,ABT
2009-11-09,51.78,52.4,51.55,52.35,19.68,10869500,0,1,ABT
2009-11-06,51.45,51.593,51.07,51.53,19.3717,8325700,0,1,ABT
2009-11-05,51.04,51.77,50.98,51.62,19.4055,10392800,0,1,ABT
2009-11-04,50.5,51.5,50.5,50.91,19.1386,11546000,0,1,ABT
2009-11-03,50.88,50.89,50.07,50.43,18.9582,12898700,0,1,ABT
2009-11-02,50.83,51.15,50.5,50.91,19.1386,11831300,0,1,ABT
2009-10-30,50.83,51.2,50.4,50.57,19.0108,14583100,0,1,ABT
2009-10-29,51.019,51.02,50.28,50.86,19.1198,14063300,0,1,ABT
2009-10-28,51.13,51.59,51,51.02,19.18,11977900,0,1,ABT
2009-10-27,50.52,51.5,50.52,51.22,19.2552,12099800,0,1,ABT
2009-10-26,51.38,51.72,50.5186,50.89,19.1311,12666100,0,1,ABT
2009-10-23,51.98,52.17,50.97,51.31,19.289,12462900,0,1,ABT
2009-10-22,51.12,52.31,50.81,52.17,19.6123,15557100,0,1,ABT
2009-10-21,51.91,51.96,51.06,51.15,19.2288,14674200,0,1,ABT
2009-10-20,51.98,52.31,51.73,51.86,19.4958,16214600,0,1,ABT
2009-10-19,51.46,52.36,51.4009,52.23,19.6348,17922800,0,1,ABT
2009-10-16,51.62,51.88,51.33,51.43,19.3341,18110600,0,1,ABT
2009-10-15,51.42,52.16,51.2,51.91,19.5145,20991000,0,1,ABT
2009-10-14,50.72,51.49,50.24,51.2,19.2476,27761700,0,1,ABT
2009-10-13,49.77,49.96,49.3186,49.65,18.6649,16954700,0.1919,1,ABT
2009-10-12,50.43,50.43,49.82,50,18.6461,15206300,0,1,ABT
2009-10-09,50.05,50.45,49.91,50.08,18.676,11378000,0,1,ABT
2009-10-08,50.3309,50.75,49.86,50.11,18.6872,12311500,0,1,ABT
2009-10-07,50.09,52.1,49.93,50.04,18.6611,11910100,0,1,ABT
2009-10-06,50.5,50.71,49.85,50.18,18.7133,18420300,0,1,ABT
2009-10-05,49.93,50.43,49.615,50.33,18.7692,23621500,0,1,ABT
2009-10-02,48.41,50,48.41,49.84,18.5865,26714000,0,1,ABT
2009-10-01,49.46,49.75,48.62,48.68,18.1539,22585200,0,1,ABT
2009-09-30,49.15,49.53,48.68,49.47,18.4485,21834300,0,1,ABT
2009-09-29,48.98,49.58,48.8,49.1,18.3105,24744400,0,1,ABT
2009-09-28,49.15,49.69,48.49,48.58,18.1166,38624800,0,1,ABT
2009-09-25,46.76,47.78,46.76,47.33,17.6504,23838000,0,1,ABT
2009-09-24,46.29,47.02,46.01,46.94,17.505,24673600,0,1,ABT
2009-09-23,46.87,46.87,46.09,46.13,17.2029,12867000,0,1,ABT
2009-09-22,46.67,46.9275,46.4,46.73,17.4267,17101200,0,1,ABT
2009-09-21,45.81,46.65,45.8,46.52,17.3484,14861600,0,1,ABT
2009-09-18,46.47,46.47,45.8,45.97,17.1433,31271900,0,1,ABT
2009-09-17,46.74,47,46.357,46.36,17.2887,14515200,0,1,ABT
2009-09-16,47.28,47.28,46.3,46.72,17.423,15908200,0,1,ABT
2009-09-15,47.34,47.5,46.95,47.09,17.5609,14999100,0,1,ABT
2009-09-14,46.82,47.46,46.71,47.33,17.6504,21335700,0,1,ABT
2009-09-11,46.89,46.98,46.56,46.83,17.464,16682300,0,1,ABT
2009-09-10,46.37,46.8713,45.81,46.87,17.4789,20663600,0,1,ABT
2009-09-09,45.99,46.62,45.86,46.36,17.2887,17529800,0,1,ABT
2009-09-08,45.67,45.91,45.2492,45.91,17.1209,15070400,0,1,ABT
2009-09-04,45.15,45.67,44.89,45.63,17.0165,10668400,0,1,ABT
2009-09-03,45.23,45.23,44.75,45.06,16.8039,11511000,0,1,ABT
2009-09-02,45.1,45.39,44.72,45,16.7815,14121500,0,1,ABT
2009-09-01,45.08,45.74,44.8421,45.12,16.8263,15665000,0,1,ABT
2009-08-31,45.77,46.27,45.02,45.23,16.8673,20529500,0,1,ABT
2009-08-28,46.64,46.65,45.69,45.92,17.1246,13094800,0,1,ABT
2009-08-27,46.17,46.66,45.91,46.61,17.3819,16263200,0,1,ABT
2009-08-26,45.82,46.39,45.75,46.07,17.1806,13752800,0,1,ABT
2009-08-25,46.02,46.31,45.9,45.92,17.1246,14439700,0,1,ABT
2009-08-24,45.73,46.1304,45.25,46.08,17.1843,19214200,0,1,ABT
2009-08-21,45.58,46,45.315,45.39,16.927,17650600,0,1,ABT
2009-08-20,45.19,45.4308,44.83,45.28,16.886,10642500,0,1,ABT
2009-08-19,44.14,45.288,44.1,45.17,16.8449,19022000,0,1,ABT
2009-08-18,44.8,44.8102,44.13,44.33,16.5317,14943900,0,1,ABT
2009-08-17,44,44.95,43.9,44.76,16.692,19072900,0,1,ABT
2009-08-14,44.5,44.71,43.93,44.36,16.5429,14471800,0,1,ABT
2009-08-13,44.02,44.38,43.66,44.32,16.5279,17061900,0,1,ABT
2009-08-12,44.43,44.55,43.75,44.01,16.4123,25867600,0,1,ABT
2009-08-11,44.52,44.88,44.4305,44.7,16.6697,13569400,0,1,ABT
2009-08-10,43.7,44.56,43.51,44.52,16.6025,17182100,0,1,ABT
2009-08-07,43.96,44.03,43.72,43.84,16.3489,14732800,0,1,ABT
2009-08-06,44.17,44.18,43.49,43.63,16.2706,20409500,0,1,ABT
2009-08-05,44.35,44.35,43.97,44,16.4086,16416400,0,1,ABT
2009-08-04,44.66,44.79,44.23,44.3,16.5205,21876100,0,1,ABT
2009-08-03,45.08,45.12,44.2,44.82,16.7144,21023500,0,1,ABT
2009-07-31,45.74,46.01,44.92,44.99,16.7778,20092700,0,1,ABT
2009-07-30,45.98,46.29,45.45,45.7,17.0426,20062500,0,1,ABT
2009-07-29,45.38,45.87,45.116,45.69,17.0388,13059600,0,1,ABT
2009-07-28,44.96,45.6,44.9,45.43,16.9419,15297800,0,1,ABT
2009-07-27,45.13,45.38,44.49,45.03,16.7927,13140000,0,1,ABT
2009-07-24,43.9379,45.09,43.8,45.01,16.7853,19027500,0,1,ABT
2009-07-23,44.41,44.45,43.45,43.84,16.3489,35071000,0,1,ABT
2009-07-22,45.0144,45.25,44.01,44.22,16.4907,21022900,0,1,ABT
2009-07-21,45.2,45.39,44.51,45,16.7815,17015600,0,1,ABT
2009-07-20,44.61,45.03,44.3,45.01,16.7853,17642300,0,1,ABT
2009-07-17,44.52,44.8,44.2,44.47,16.5839,25745100,0,1,ABT
2009-07-16,45.13,45.21,44.58,44.94,16.7592,26617300,0,1,ABT
2009-07-15,45.7,45.8,44.23,45.28,16.886,54042900,0,1,ABT
2009-07-14,46.47,46.82,45.97,46.49,17.3372,16593300,0,1,ABT
2009-07-13,45.18,46.25,45,46.15,17.2104,15447200,0.1919,1,ABT
2009-07-10,45.8,45.8,45.27,45.41,16.7853,13398400,0,1,ABT
2009-07-09,46.41,46.59,45.44,45.93,16.9775,15427200,0,1,ABT
2009-07-08,45.5,46.49,45.5,46.31,17.1179,19459900,0,1,ABT
2009-07-07,45.42,46.09,45.22,45.34,16.7594,17745100,0,1,ABT
2009-07-06,45.63,46.33,45.63,46,17.0034,16522700,0,1,ABT
2009-07-02,46.3,46.64,45.75,46.28,17.1068,15738200,0,1,ABT
2009-07-01,47,47.09,46.53,46.64,17.2399,17754200,0,1,ABT
2009-06-30,47.23,47.65,46.26,47.04,17.3878,29462000,0,1,ABT
2009-06-29,47.59,47.84,46.65,47.82,17.6761,14043100,0,1,ABT
2009-06-26,47.88,48.13,47.29,47.43,17.5319,17072500,0,1,ABT
2009-06-25,46.77,48.37,46.62,48.02,17.75,16172300,0,1,ABT
2009-06-24,47.2,47.23,46.57,46.99,17.3693,12463900,0,1,ABT
2009-06-23,46.9,47.2,46.3,46.86,17.3212,13477400,0,1,ABT
2009-06-22,47.18,47.36,46.58,46.71,17.2658,19041800,0,1,ABT
2009-06-19,47.84,48.26,47.26,47.58,17.5874,30234000,0,1,ABT
2009-06-18,46.07,47.92,46.07,47.66,17.6169,31473900,0,1,ABT
2009-06-17,44.77,46.22,44.75,45.92,16.9738,18319700,0,1,ABT
2009-06-16,44.7,45.2181,44.22,44.73,16.5339,16300700,0,1,ABT
2009-06-15,45.65,45.65,44.58,44.73,16.5339,19175600,0,1,ABT
2009-06-12,44.47,46,44.4688,45.42,16.789,21434300,0,1,ABT
2009-06-11,44.21,45.085,44.19,44.56,16.4711,19195400,0,1,ABT
2009-06-10,44.6,44.7,43.902,44.15,16.3195,20868900,0,1,ABT
2009-06-09,44.9196,44.95,44.35,44.35,16.3934,9975100,0,1,ABT
2009-06-08,44.64,45.06,44.27,44.73,16.5339,12509100,0,1,ABT
2009-06-05,44.91,45.26,44.35,44.98,16.6263,14827000,0,1,ABT
2009-06-04,45.18,45.3,44.35,44.75,16.5413,16699000,0,1,ABT
2009-06-03,44.9787,45.46,44.68,45.12,16.6781,16699800,0,1,ABT
2009-06-02,44.819,45.529,44.76,45.15,16.6892,11403200,0,1,ABT
2009-06-01,45.3,45.42,44.66,44.98,16.6263,14323600,0,1,ABT
2009-05-29,44.69,45.12,44.07,45.06,16.6559,15190200,0,1,ABT
2009-05-28,44.22,44.89,44.17,44.6,16.4859,12396200,0,1,ABT
2009-05-27,44.5,44.74,44.28,44.39,16.4082,12402200,0,1,ABT
2009-05-26,44.24,44.91,43.65,44.57,16.4748,15573500,0,1,ABT
2009-05-22,43.54,44.55,43.32,43.94,16.2419,15513700,0,1,ABT
2009-05-21,43.01,43.43,42.8,43.32,16.0127,13163800,0,1,ABT
2009-05-20,43.23,43.81,43,43.08,15.924,20836500,0,1,ABT
2009-05-19,43.24,43.55,42.75,42.88,15.8501,16563500,0,1,ABT
2009-05-18,43.59,43.83,42.88,43.2,15.9684,21061900,0,1,ABT
2009-05-15,44.55,44.65,43.26,43.32,16.0127,33178800,0,1,ABT
2009-05-14,45.47,45.56,44.62,44.63,16.4969,20020200,0,1,ABT
2009-05-13,45.15,46.3086,45.04,45.5,16.8185,16314200,0,1,ABT
2009-05-12,45.06,45.83,44.92,45.41,16.7853,19091200,0,1,ABT
2009-05-11,44.96,45.43,44.52,44.87,16.5857,13486600,0,1,ABT
2009-05-08,45.15,45.5,44.65,44.93,16.6078,20278000,0,1,ABT
2009-05-07,43.24,44.76,43,44.62,16.4933,26699000,0,1,ABT
2009-05-06,43.6297,44,42.38,42.93,15.8686,20822400,0,1,ABT
2009-05-05,43.2,44.0011,43.13,43.73,16.1643,19547900,0,1,ABT
2009-05-04,42.37,43.265,42.1,43.18,15.961,24357200,0,1,ABT
2009-05-01,41.94,42.04,41.27,41.52,15.3474,18498100,0,1,ABT
2009-04-30,43,43.066,41.37,41.85,15.4694,35132500,0,1,ABT
2009-04-29,43.13,43.18,42.39,42.62,15.754,16898200,0,1,ABT
2009-04-28,43.05,43.41,42.9,43.01,15.8981,14471800,0,1,ABT
2009-04-27,43,43.86,42.8599,43.16,15.9536,16169600,0,1,ABT
2009-04-24,43.57,43.8997,42.88,43.09,15.9277,19403000,0,1,ABT
2009-04-23,42.57,43.44,42.0093,43.36,16.0275,22041800,0,1,ABT
2009-04-22,44.13,44.14,42.35,42.5,15.7096,28798800,0,1,ABT
2009-04-21,44.23,44.93,43.87,44.37,16.4008,19551800,0,1,ABT
2009-04-20,43.92,44.44,43.73,44.09,16.2973,25768200,0,1,ABT
2009-04-17,42.88,44.13,42.66,43.89,16.2234,32104200,0,1,ABT
2009-04-16,43,43.1,42.26,42.69,15.7798,30307000,0,1,ABT
2009-04-15,43.41,44.21,41.88,42.66,15.7688,55736900,0,1,ABT
2009-04-14,44.53,44.91,44.16,44.71,16.5265,28324500,0,1,ABT
2009-04-13,43.8622,45.03,43.82,44.38,16.4045,20969300,0.1919,1,ABT
2009-04-09,44.46,44.4558,42.86,44.03,16.1273,31234600,0,1,ABT
2009-04-08,43.28,44.5,43.07,43.67,15.9955,32478100,0,1,ABT
2009-04-07,43.11,43.68,42.62,42.92,15.7207,27135400,0,1,ABT
2009-04-06,43.86,44.3205,42.76,43.36,15.8819,35521600,0,1,ABT
2009-04-03,45.55,46.15,43.77,44.12,16.1603,29112900,0,1,ABT
2009-04-02,47.48,47.48,45.35,45.38,16.6218,36582500,0,1,ABT
2009-04-01,47.12,47.13,46,46.7,17.1053,25387400,0,1,ABT
2009-03-31,48.26,48.8,47.6311,47.7,17.4716,21521200,0,1,ABT
2009-03-30,46.69,48.12,46.65,47.89,17.5412,29511400,0,1,ABT
2009-03-27,46.04,47.12,45.87,46.6,17.0686,22966800,0,1,ABT
2009-03-26,46.44,46.46,44.75,46.45,17.0137,34872200,0,1,ABT
2009-03-25,46.88,47,45.04,46.03,16.8599,41004100,0,1,ABT
2009-03-24,48.36,48.92,46.14,46.67,17.0174,32116700,0,1,ABT
2009-03-23,48.28,48.76,47.7527,48.76,17.8598,14928000,0,1,ABT
2009-03-20,48,48.2414,47.27,47.54,17.413,19830700,0,1,ABT
2009-03-19,48.98,48.99,47.01,47.53,17.4093,19328800,0,1,ABT
2009-03-18,48.91,49.56,48.34,48.63,17.8122,17961000,0,1,ABT
2009-03-17,47.92,49.17,47.76,49.14,17.999,22476000,0,1,ABT
2009-03-16,47.28,48.41,47.26,47.85,17.5265,24044800,0,1,ABT
2009-03-13,46.94,47.18,46.01,46.85,17.1602,27657500,0,1,ABT
2009-03-12,44.36,47.28,44.1,46.65,17.087,27235000,0,1,ABT
2009-03-11,47.3,47.3,44.42,44.47,16.2885,30730000,0,1,ABT
2009-03-10,47.3007,47.43,46.34,46.98,17.2078,24025600,0,1,ABT
2009-03-09,46.45,47.32,46.12,46.65,17.087,20769000,0,1,ABT
2009-03-06,46.34,47.25,46.01,46.89,17.1749,21175400,0,1,ABT
2009-03-05,46.4,47.23,45.65,46.04,16.8635,20373200,0,1,ABT
2009-03-04,46.5,47.86,45.53,47.18,17.2811,24659200,0,1,ABT
2009-03-03,47.35,47.58,45.81,45.82,16.783,27979700,0,1,ABT
2009-03-02,46.69,47.3976,45.39,47.04,17.2298,33721100,0,1,ABT
2009-02-27,49.33,49.66,47.2398,47.34,17.3397,40436600,0,1,ABT
2009-02-26,53.66,54.0909,50.54,50.58,18.5264,27793600,0,1,ABT
2009-02-25,54.59,54.78,53.28,53.62,19.6399,19330700,0,1,ABT
2009-02-24,53.81,54.9294,53.62,54.74,20.0502,18518700,0,1,ABT
2009-02-23,53.44,54.49,53.27,53.4,19.5594,14229000,0,1,ABT
2009-02-20,54.0054,54.66,53.6,54.03,19.7901,18687900,0,1,ABT
2009-02-19,53.64,54.8,53.64,54.46,19.9476,14768800,0,1,ABT
2009-02-18,54.16,54.46,53.635,54.2,19.8524,13083700,0,1,ABT
2009-02-17,54.58,54.77,53.34,53.93,19.7535,16305100,0,1,ABT
2009-02-13,56.07,56.3,54.75,54.94,20.1234,15131500,0,1,ABT
2009-02-12,55.28,56.13,54.56,56.13,20.5593,14070600,0,1,ABT
2009-02-11,56.1,56.23,55.29,55.7,20.4018,16173400,0,1,ABT
2009-02-10,57.07,57.25,55.37,55.79,20.4348,23895300,0,1,ABT
2009-02-09,57.2,57.3587,56.28,57.25,20.9695,23365700,0,1,ABT
2009-02-06,56.48,57.24,56.37,57.15,20.9329,21686500,0,1,ABT
2009-02-05,55.84,56.7,55.1,56.53,20.7058,17555000,0,1,ABT
2009-02-04,57.15,57.3,55.76,55.91,20.4787,23438700,0,1,ABT
2009-02-03,55.89,57.39,55.36,56.98,20.8706,31642700,0,1,ABT
2009-02-02,53.84,55.84,53.11,55.57,20.3542,20108100,0,1,ABT
2009-01-30,55.02,55.83,54.72,55.44,20.3066,25721100,0,1,ABT
2009-01-29,54.59,55.48,54.28,55.41,20.2956,29034800,0,1,ABT
2009-01-28,54.71,55.13,53.9093,54.96,20.1308,29094800,0,1,ABT
2009-01-27,53.92,54.81,53.42,54.39,19.922,22438300,0,1,ABT
2009-01-26,53.15,54.49,52.35,54.05,19.7974,23680700,0,1,ABT
2009-01-23,52.46,53.08,52,52.81,19.3432,17841300,0,1,ABT
2009-01-22,51.65,53.22,51.4,53.01,19.4165,25371600,0,1,ABT
2009-01-21,50.3,52.5,49.73,52.32,19.1638,28385100,0,1,ABT
2009-01-20,50.44,51.14,49.14,49.2,18.021,20162300,0,1,ABT
2009-01-16,49.56,50.35,49.34,49.92,18.2847,26773200,0,1,ABT
2009-01-15,49.5,49.61,48.17,49.22,18.0283,21325500,0,1,ABT
2009-01-14,49.88,49.95,49.01,49.47,18.1199,16723400,0,1,ABT
2009-01-13,49.49,50.39,49.16,50.06,18.336,17532300,0.1727,1,ABT
2009-01-12,51.32,51.32,49.5,50.06,18.2041,24832800,0,1,ABT
2009-01-09,51.18,52.12,50.9103,51.17,18.6078,14017700,0,1,ABT
2009-01-08,50.7,51.8184,50.7,51.2,18.6187,18202100,0,1,ABT
2009-01-07,50.37,51.38,50.25,50.64,18.415,22917600,0,1,ABT
2009-01-06,52.85,53.22,50.06,50.92,18.5168,29167500,0,1,ABT
2009-01-05,53.2,53.48,52.07,52.64,19.1423,13093300,0,1,ABT
2009-01-02,53.53,53.85,52.37,53.56,19.4769,13163100,0,1,ABT
2008-12-31,53.25,53.74,53.07,53.37,19.4078,11788400,0,1,ABT
2008-12-30,52.5,53.26,52.46,53.16,19.3314,10662100,0,1,ABT
2008-12-29,53.17,53.17,51.55,52.17,18.9714,9389500,0,1,ABT
2008-12-26,52.81,52.93,52.19,52.51,19.095,4030000,0,1,ABT
2008-12-24,52.6,52.92,52.32,52.65,19.146,4198200,0,1,ABT
2008-12-23,53.15,53.28,52.38,52.46,19.0769,14558300,0,1,ABT
2008-12-22,52.39,52.9,51.54,52.71,19.1678,16605800,0,1,ABT
2008-12-19,52.9957,53.25,52.14,52.27,19.0078,26760700,0,1,ABT
2008-12-18,52.35,53.1,51.3,51.99,18.906,19165400,0,1,ABT
2008-12-17,52.62,53.02,51.8616,52.06,18.9314,15693400,0,1,ABT
2008-12-16,52.027,53.44,51.67,53.16,19.3314,20119800,0,1,ABT
2008-12-15,50.9,52.03,50.54,51.64,18.7787,14938300,0,1,ABT
2008-12-12,50.05,50.78,49.34,50.75,18.455,17198800,0,1,ABT
2008-12-11,51.52,52.06,50.79,51.03,18.5569,16824700,0,1,ABT
2008-12-10,51.83,52.5,51.16,51.52,18.735,13961400,0,1,ABT
2008-12-09,52.94,54.02,51.5,51.97,18.8987,17314700,0,1,ABT
2008-12-08,53.7,53.74,52.73,52.92,19.2441,17954100,0,1,ABT
2008-12-05,51.54,53.2021,50.44,52.75,19.1823,17290900,0,1,ABT
2008-12-04,52.38,53.41,51.56,52.03,18.9205,14828200,0,1,ABT
2008-12-03,51.17,53.48,51.17,53.15,19.3278,16493700,0,1,ABT
2008-12-02,50.92,52.13,50.4712,51.97,18.8987,16167900,0,1,ABT
2008-12-01,51.1,51.85,50.01,50.15,18.2368,16918000,0,1,ABT
2008-11-28,51.05,52.67,50.5,52.39,19.0514,7098100,0,1,ABT
2008-11-26,50.43,51.49,49.6,51.37,18.6805,17021600,0,1,ABT
2008-11-25,51.4006,52.25,50.25,51.22,18.6259,32971600,0,1,ABT
2008-11-24,51.95,51.95,50.39,50.78,18.4659,30187500,0,1,ABT
2008-11-21,50.63,51.7,48.27,51.52,18.735,36999100,0,1,ABT
2008-11-20,54.26,54.41,49.5,50.35,18.3096,35685000,0,1,ABT
2008-11-19,56.5,57.27,54.42,54.52,19.826,21407800,0,1,ABT
2008-11-18,55.7907,56.88,54.5,56.57,20.5714,23398400,0,1,ABT
2008-11-17,54.32,56.71,54.09,55.32,20.1169,16899500,0,1,ABT
2008-11-14,56.29,57.33,54.94,55.06,20.0223,16764000,0,1,ABT
2008-11-13,54.67,57.31,53.57,57.14,20.7787,23420500,0,1,ABT
2008-11-12,55.17,56.13,54.14,54.5,19.8187,15492000,0,1,ABT
2008-11-11,54.73,56.47,54.4123,55.17,20.0623,14284400,0,1,ABT
2008-11-10,56.0007,56.88,55.3,55.38,20.1387,15453900,0,1,ABT
2008-11-07,54,55.73,53.57,55.3,20.1096,13693600,0,1,ABT
2008-11-06,54.74,55.93,53.37,53.74,19.5423,18032900,0,1,ABT
2008-11-05,55.86,57.4,54.83,55.18,20.066,19175900,0,1,ABT
2008-11-04,56.94,57,55.57,56.41,20.5133,14427600,0,1,ABT
2008-11-03,55.12,56.26,54.75,56,20.3642,13335100,0,1,ABT
2008-10-31,54.37,56,54.02,55.15,20.0551,17948500,0,1,ABT
2008-10-30,55.6,56,53.19,54.56,19.8405,16949900,0,1,ABT
2008-10-29,54.93,55.5,52.97,54.17,19.6987,21084400,0,1,ABT
2008-10-28,54.26,55.3233,52.12,55,20.0005,27886800,0,1,ABT
2008-10-27,53.66,55.18,52.88,53.17,19.3351,18434300,0,1,ABT
2008-10-24,51.89,55.59,51.2,54.3,19.746,20906200,0,1,ABT
2008-10-23,54.19,56.23,52.73,55.02,20.0078,27764200,0,1,ABT
2008-10-22,54.98,55.75,52.55,53.86,19.586,22948300,0,1,ABT
2008-10-21,57.72,57.85,55.77,55.99,20.3605,16692500,0,1,ABT
2008-10-20,55.92,57.99,55.37,57.55,20.9278,19806300,0,1,ABT
2008-10-17,54.52,58.24,52.74,55.46,20.1678,30024100,0,1,ABT
2008-10-16,54.03,56,51.05,55.38,20.1387,36406800,0,1,ABT
2008-10-15,56.1,56.1,53.21,53.88,19.5932,30019100,0,1,ABT
2008-10-14,56.57,57.16,52.74,54.78,19.9205,29475800,0,1,ABT
2008-10-13,52.75,54.96,51.06,54.21,19.7132,24680200,0,1,ABT
2008-10-10,47.97,52.23,45.75,49.45,17.9823,42168100,0.1727,1,ABT
2008-10-09,55.35,55.71,50.24,50.25,18.1423,28418500,0,1,ABT
2008-10-08,54.92,56.8853,52.85,55.29,19.9619,31386600,0,1,ABT
2008-10-07,56.89,58.24,55.71,55.88,20.175,25050200,0,1,ABT
2008-10-06,57.6,58.76,54.58,56.4,20.3627,26748800,0,1,ABT
2008-10-03,59.48,59.75,58.32,58.51,21.1245,20423300,0,1,ABT
2008-10-02,57.88,59.93,57.85,58.9,21.2653,25022700,0,1,ABT
2008-10-01,57.26,58.5,57,58.29,21.0451,16503700,0,1,ABT
2008-09-30,58.85,58.95,57.04,57.58,20.7887,26130800,0,1,ABT
2008-09-29,58.88,60.78,56.42,57.4,20.7237,22588900,0,1,ABT
2008-09-26,58.87,59.59,58.69,59.4,21.4458,12688800,0,1,ABT
2008-09-25,58.89,59.73,58.68,59.33,21.4205,13849500,0,1,ABT
2008-09-24,58.55,59.21,58.33,58.85,21.2472,15004300,0,1,ABT
2008-09-23,57.47,59.18,57.47,58.51,21.1245,19098900,0,1,ABT
2008-09-22,58.36,58.91,56.91,57.14,20.6299,11110600,0,1,ABT
2008-09-19,58.99,59.59,57.75,58.71,21.1967,22835100,0,1,ABT
2008-09-18,57.7525,59.05,56.65,58.08,20.9692,21911600,0,1,ABT
2008-09-17,59.22,59.57,56.5,57.25,20.6696,22637300,0,1,ABT
2008-09-16,57.5,59.95,57.5,59.81,21.5938,25385500,0,1,ABT
2008-09-15,58.24,59.47,57.99,58.48,21.1137,16234200,0,1,ABT
2008-09-12,59,59.3,58.12,59.09,21.3339,13680200,0,1,ABT
2008-09-11,57.85,59.43,57.7,59.31,21.4133,17807800,0,1,ABT
2008-09-10,57.48,58.63,57.16,57.9,20.9043,13577700,0,1,ABT
2008-09-09,58.55,58.96,57.41,57.48,20.7526,14741100,0,1,ABT
2008-09-08,58.16,58.84,57.33,58.42,21.092,14039300,0,1,ABT
2008-09-05,56.21,57.19,55.964,57.01,20.5829,12934100,0,1,ABT
2008-09-04,57.52,57.68,56.45,56.57,20.4241,16498100,0,1,ABT
2008-09-03,58.8,59.3,57.75,57.93,20.9151,12567900,0,1,ABT
2008-09-02,58.12,59.3439,57.55,59.01,21.305,16227300,0,1,ABT
2008-08-29,58.47,58.82,57.43,57.43,20.7346,8286500,0,1,ABT
2008-08-28,57.96,58.87,57.76,58.75,21.2111,8403900,0,1,ABT
2008-08-27,57.56,58.01,57.3,57.72,20.8393,6652900,0,1,ABT
2008-08-26,57.8427,57.98,57.1,57.57,20.7851,5438000,0,1,ABT
2008-08-25,58.37,58.43,57.31,57.76,20.8537,9139400,0,1,ABT
2008-08-22,58.14,58.92,58.01,58.48,21.1137,7083100,0,1,ABT
2008-08-21,57.95,58.14,57.51,58.04,20.9548,7952800,0,1,ABT
2008-08-20,58.66,58.97,57.88,58.34,21.0631,9884100,0,1,ABT
2008-08-19,58.65,59.49,58.51,58.86,21.2509,7046600,0,1,ABT
2008-08-18,59.74,59.74,58.58,58.96,21.287,9091900,0,1,ABT
2008-08-15,58.68,59.82,58.28,59.62,21.5252,11544600,0,1,ABT
2008-08-14,58.16,59.3039,57.62,58.7,21.1931,11021400,0,1,ABT
2008-08-13,58.92,59.25,58.141,58.45,21.1028,10503300,0,1,ABT
2008-08-12,58.52,59.3,58.52,58.88,21.2581,10556400,0,1,ABT
2008-08-11,59.07,59.17,58.45,58.9,21.2653,10456600,0,1,ABT
2008-08-08,58.15,59.19,58.15,59.03,21.3122,15915500,0,1,ABT
2008-08-07,58.65,58.98,58,58.36,21.0703,10640800,0,1,ABT
2008-08-06,58.4432,59.14,58.34,58.78,21.222,14855300,0,1,ABT
2008-08-05,57.48,58.74,57.2185,58.71,21.1967,19496600,0,1,ABT
2008-08-04,56.07,57.87,55.93,57.26,20.6732,16500600,0,1,ABT
2008-08-01,56.3391,57.11,55.83,56.07,20.2436,12198400,0,1,ABT
2008-07-31,56.59,57.67,56.12,56.34,20.341,16797400,0,1,ABT
2008-07-30,56.1,57.69,55.77,56.85,20.5252,19925100,0,1,ABT
2008-07-29,56.92,57.089,55.66,55.94,20.1966,18965600,0,1,ABT
2008-07-28,57.18,57.18,56.07,56.21,20.2941,12824700,0,1,ABT
2008-07-25,57.28,57.51,56.83,57.42,20.731,10685200,0,1,ABT
2008-07-24,56.9,57.64,56.49,56.96,20.5649,16197500,0,1,ABT
2008-07-23,57.84,57.99,56.81,56.99,20.5757,16933900,0,1,ABT
2008-07-22,56.49,58.73,56.49,57.69,20.8284,25117500,0,1,ABT
2008-07-21,57.31,57.98,56.08,56.78,20.4999,16922000,0,1,ABT
2008-07-18,57.76,58.35,57.31,57.58,20.7887,22540400,0,1,ABT
2008-07-17,57.1,57.977,55.08,57.5,20.7598,20353600,0,1,ABT
2008-07-16,58.3,58.5,56.6,56.97,20.5685,25375700,0,1,ABT
2008-07-15,56.41,58.13,55.9129,57.85,20.8862,26424700,0,1,ABT
2008-07-14,56.85,57.3365,56.01,56.22,20.2977,12992200,0,1,ABT
2008-07-11,56.81,56.83,55.57,56.43,20.3735,15666100,0.1727,1,ABT
2008-07-10,56.91,57.5,56.42,57.35,20.5757,15486800,0,1,ABT
2008-07-09,56.8458,57.92,56.66,56.91,20.4178,17550400,0,1,ABT
2008-07-08,54.49,57.3768,54.32,57.37,20.5829,32350300,0,1,ABT
2008-07-07,54.87,55,53.71,54.19,19.442,13909300,0,1,ABT
2008-07-03,54.95,55.17,54.28,54.75,19.6429,16898200,0,1,ABT
2008-07-02,54.36,54.94,54.1,54.24,19.4599,10997900,0,1,ABT
2008-07-01,52.7,54.28,52.63,54.21,19.4492,16509500,0,1,ABT
2008-06-30,52.97,53.5,52.5965,52.97,19.0043,17982900,0,1,ABT
2008-06-27,52.69,53.35,52.56,53,19.015,15937200,0,1,ABT
2008-06-26,53.86,53.86,52.62,52.74,18.9218,13405300,0,1,ABT
2008-06-25,53.84,54,53.11,53.53,19.2052,15658800,0,1,ABT
2008-06-24,53.99,54.29,53.39,53.75,19.2841,12797800,0,1,ABT
2008-06-23,53.47,54.53,53.37,54.29,19.4779,12855700,0,1,ABT
2008-06-20,53.62,54.32,53.09,53.35,19.1406,13924700,0,1,ABT
2008-06-19,53.11,54.41,53,54.14,19.424,11890700,0,1,ABT
2008-06-18,53.3407,53.86,53,53.11,19.0545,10496000,0,1,ABT
2008-06-17,54.5,55.24,53.56,53.57,19.2195,12349300,0,1,ABT
2008-06-16,53.65,54.44,53.36,54.33,19.4922,10562300,0,1,ABT
2008-06-13,54.18,54.34,53.79,54.11,19.4133,7725500,0,1,ABT
2008-06-12,53.75,54.1,53.52,53.93,19.3487,8819900,0,1,ABT
2008-06-11,54.0006,54.48,53.1,53.5,19.1944,10951000,0,1,ABT
2008-06-10,54.5,54.7295,53.97,54.23,19.4563,8776900,0,1,ABT
2008-06-09,55.23,55.28,54.34,54.78,19.6537,7176900,0,1,ABT
2008-06-06,55.58,55.63,54.7,54.76,19.6465,12369100,0,1,ABT
2008-06-05,55.21,56,55.21,55.73,19.9945,10091700,0,1,ABT
2008-06-04,55.73,56.1,55.21,56,20.0914,12536600,0,1,ABT
2008-06-03,55.95,57.04,55.47,55.73,19.9945,15108700,0,1,ABT
2008-06-02,55.84,56.1995,55.26,55.68,19.9766,12901600,0,1,ABT
2008-05-30,56.02,56.66,55.79,56.35,20.2169,13974900,0,1,ABT
2008-05-29,54.18,56.35,54.18,55.96,20.077,15638100,0,1,ABT
2008-05-28,54.83,54.83,53.75,54.1,19.4097,9727100,0,1,ABT
2008-05-27,54.29,54.968,54.255,54.59,19.5855,9119400,0,1,ABT
2008-05-23,54.7,54.78,54.14,54.26,19.4671,9536800,0,1,ABT
2008-05-22,54.25,54.95,54,54.85,19.6788,9997900,0,1,ABT
2008-05-21,54.88,55.45,54.25,54.36,19.503,10732800,0,1,ABT
2008-05-20,55.1,55.3,54.46,54.68,19.6178,10568300,0,1,ABT
2008-05-19,54.68,55.21,54.54,55.05,19.7505,8583500,0,1,ABT
2008-05-16,54.88,54.9981,54.51,54.71,19.6285,9899900,0,1,ABT
2008-05-15,54.97,55.17,54.27,54.87,19.6859,15070600,0,1,ABT
2008-05-14,54.54,55.2,54.4,54.83,19.6716,15325900,0,1,ABT
2008-05-13,53.02,55,53.02,54.4,19.5173,28475800,0,1,ABT
2008-05-12,52.01,52.89,51.97,52.78,18.9361,16798600,0,1,ABT
2008-05-09,51.23,52.0071,50.5,51.78,18.5773,13753600,0,1,ABT
2008-05-08,51.58,52.41,51.03,51.28,18.3979,9808600,0,1,ABT
2008-05-07,52.51,52.68,51.27,51.29,18.4015,13808200,0,1,ABT
2008-05-06,53.58,53.58,51.84,52.58,18.8644,10995600,0,1,ABT
2008-05-05,53.25,53.36,52.71,53,19.015,7877000,0,1,ABT
2008-05-02,53.97,54.3,53,53.17,19.076,13741900,0,1,ABT
2008-05-01,52.58,53.95,52.5,53.57,19.2195,24907200,0,1,ABT
2008-04-30,53.7,53.8,52.59,52.75,18.9254,18378600,0,1,ABT
2008-04-29,53.32,53.81,52.97,53.48,19.1872,33503300,0,1,ABT
2008-04-28,51.72,52.2091,51,51.61,18.5163,17441800,0,1,ABT
2008-04-25,50.78,51.55,50.69,51.28,18.3979,17939300,0,1,ABT
2008-04-24,50.53,51,50.37,50.44,18.0966,23896800,0,1,ABT
2008-04-23,50.81,50.9,50.4621,50.56,18.1396,24663600,0,1,ABT
2008-04-22,50.55,50.729,50.24,50.52,18.1253,18677700,0,1,ABT
2008-04-21,50.55,50.84,50.09,50.53,18.1289,21658800,0,1,ABT
2008-04-18,51.29,51.52,50.49,50.72,18.197,28168400,0,1,ABT
2008-04-17,51.55,51.85,50.8,50.93,18.2724,29667100,0,1,ABT
2008-04-16,52.55,52.82,51.06,51.35,18.4231,27555400,0,1,ABT
2008-04-15,52.4,52.89,51.55,51.91,18.624,16660900,0,1,ABT
2008-04-14,52.89,52.9,52.25,52.47,18.8249,12708600,0,1,ABT
2008-04-11,53.81,53.81,52.8,52.8,18.9433,14015200,0.1727,1,ABT
2008-04-10,54.05,54.29,53.57,53.91,19.2124,8805700,0,1,ABT
2008-04-09,53.92,54.34,53.52,53.87,19.1981,17835300,0,1,ABT
2008-04-08,54.5,54.85,53.92,54,19.2444,9174400,0,1,ABT
2008-04-07,55.13,55.3,54.53,54.87,19.5545,5576900,0,1,ABT
2008-04-04,54.51,55.09,54.24,54.84,19.5438,6138500,0,1,ABT
2008-04-03,54.1092,55.165,54.11,54.53,19.4333,7391600,0,1,ABT
2008-04-02,55.3,55.37,54.13,54.3,19.3513,10671300,0,1,ABT
2008-04-01,55.2,55.4,54.2,55.23,19.6828,15207300,0,1,ABT
2008-03-31,53.81,55.4,53.62,55.15,19.6543,20083700,0,1,ABT
2008-03-28,53.71,54.21,52.9462,53.07,18.913,10103700,0,1,ABT
2008-03-27,54.2604,54.36,53.41,53.55,19.0841,10788600,0,1,ABT
2008-03-26,53.9,54.36,53.79,54.03,19.2551,12005800,0,1,ABT
2008-03-25,55.34,55.9,54.41,54.53,19.4333,12756500,0,1,ABT
2008-03-24,55.7923,55.89,54.92,55.43,19.7541,11847800,0,1,ABT
2008-03-20,54.68,55.78,54.39,55.66,19.836,25449100,0,1,ABT
2008-03-19,53.97,55.5486,53.85,54.39,19.3834,14862800,0,1,ABT
2008-03-18,53.45,53.89,52.72,53.82,19.1803,12747600,0,1,ABT
2008-03-17,50.26,52.99,50.09,52.56,18.7313,15261700,0,1,ABT
2008-03-14,53,53,50.95,51.38,18.3107,14712700,0,1,ABT
2008-03-13,51.25,52.99,51.15,52.55,18.7277,17263600,0,1,ABT
2008-03-12,51.06,51.78,51,51.34,18.2965,10652500,0,1,ABT
2008-03-11,50.75,51.66,50.32,50.86,18.1254,17050000,0,1,ABT
2008-03-10,51.19,51.19,50.33,50.6,18.0328,11292600,0,1,ABT
2008-03-07,52.17,52.17,50.87,51.04,18.1896,14591200,0,1,ABT
2008-03-06,52.83,52.98,52.05,52.09,18.5638,12585600,0,1,ABT
2008-03-05,53.0994,53.41,52.37,52.98,18.8809,10798800,0,1,ABT
2008-03-04,52.84,53.52,52.84,53.24,18.9736,12527300,0,1,ABT
2008-03-03,53.37,53.39,52.82,53.23,18.97,11778200,0,1,ABT
2008-02-29,54.12,54.1203,53.23,53.55,19.0841,11230500,0,1,ABT
2008-02-28,54.26,54.5991,53.82,54.22,19.3228,10399900,0,1,ABT
2008-02-27,55.12,55.55,54.38,54.54,19.4369,10911200,0,1,ABT
2008-02-26,55.31,56.01,54.99,55.57,19.8039,8633500,0,1,ABT
2008-02-25,54.77,55.51,54.47,55.47,19.7683,8253400,0,1,ABT
2008-02-22,55.09,55.3637,53.73,54.54,19.4369,12895100,0,1,ABT
2008-02-21,55.69,55.89,54.53,54.86,19.5509,22594200,0,1,ABT
2008-02-20,55.35,55.7,54.62,55.61,19.8182,12340300,0,1,ABT
2008-02-19,56.3,56.32,55.42,55.57,19.8039,10854100,0,1,ABT
2008-02-15,55.2816,56,55.11,55.55,19.7968,13655400,0,1,ABT
2008-02-14,56.48,56.57,55.26,55.38,19.7362,11477200,0,1,ABT
2008-02-13,56.48,56.76,55.92,56.52,20.1425,9042100,0,1,ABT
2008-02-12,56.01,56.72,55.8,55.95,19.9394,19028900,0,1,ABT
2008-02-11,56.9,57.36,55.92,56.34,20.0784,9318800,0,1,ABT
2008-02-08,57.9,57.9,56.5,56.8,20.2423,11887000,0,1,ABT
2008-02-07,57.69,58.17,57.27,58.1,20.7056,15662700,0,1,ABT
2008-02-06,57.62,58.4,56.91,57.73,20.5737,18790300,0,1,ABT
2008-02-05,58.021,58.19,57.24,57.34,20.4347,13832800,0,1,ABT
2008-02-04,57.57,58.5,57.36,58.05,20.6878,14834300,0,1,ABT
2008-02-01,56.69,57.69,55.8654,57.55,20.5096,18739600,0,1,ABT
2008-01-31,55.22,56.7,52.89,56.18,20.0213,21681100,0,1,ABT
2008-01-30,56.78,57,55.05,55.95,19.9394,19456400,0,1,ABT
2008-01-29,56.68,56.96,55.8085,56.25,20.0463,15406000,0,1,ABT
2008-01-28,55.45,56.6,55.16,56.44,20.114,17430800,0,1,ABT
2008-01-25,57.3,57.48,55.44,55.48,19.7719,18792800,0,1,ABT
2008-01-24,58.17,60.04,56.68,57.06,20.335,16851100,0,1,ABT
2008-01-23,57.25,58.159,54.67,57.97,20.6593,27695400,0,1,ABT
2008-01-22,56.28,59.75,55.44,57.49,20.4882,25084800,0,1,ABT
2008-01-18,60.0422,60.86,58.76,59.43,21.1796,20703400,0,1,ABT
2008-01-17,60.78,60.78,59.48,59.75,21.2936,17356100,0,1,ABT
2008-01-16,59.28,61.07,59.28,60.5,21.5609,20114000,0,1,ABT
2008-01-15,59.14,60.08,58.75,59.67,21.2651,16968300,0,1,ABT
2008-01-14,60.86,61,59.41,59.93,21.3578,15686700,0,1,ABT
2008-01-11,59.68,60.76,59.5,60.5,21.5609,16646100,0.1559,1,ABT
2008-01-10,59.48,61.09,59.32,60.11,21.3061,17637900,0,1,ABT
2008-01-09,58.9034,60.29,58.85,60.04,21.2813,20584400,0,1,ABT
2008-01-08,57.67,60,57.67,59.01,20.9162,21974100,0,1,ABT
2008-01-07,56.02,58.02,56,57.5,20.381,20668100,0,1,ABT
2008-01-04,55.1104,56.59,55,55.79,19.7749,12302200,0,1,ABT
2008-01-03,55.88,56.11,55.41,55.47,19.6614,10902600,0,1,ABT
2008-01-02,56.15,56.64,55.51,55.81,19.7819,11216100,0,1,ABT
2007-12-31,56.94,57.1,56.01,56.15,19.9025,10434900,0,1,ABT
2007-12-28,57.08,57.43,56.6,57.23,20.2853,7600200,0,1,ABT
2007-12-27,57.67,57.92,56.9269,56.98,20.1966,7759000,0,1,ABT
2007-12-26,58.15,58.62,57.52,57.88,20.5157,7275700,0,1,ABT
2007-12-24,58.14,58.56,58.05,58.35,20.6822,2770100,0,1,ABT
2007-12-21,58.64,58.87,57.01,58.26,20.6503,19453100,0,1,ABT
2007-12-20,57.53,57.75,57.11,57.6,20.4164,8182700,0,1,ABT
2007-12-19,57.58,58,56.96,57.23,20.2853,7530200,0,1,ABT
2007-12-18,57.24,57.97,56.7,57.69,20.4483,12312200,0,1,ABT
2007-12-17,57.45,57.94,56.56,56.77,20.1222,10368400,0,1,ABT
2007-12-14,58.01,58.47,57.48,57.51,20.3845,9516200,0,1,ABT
2007-12-13,57.87,58.48,57.5,58.38,20.6929,8323000,0,1,ABT
2007-12-12,58.5,59.48,57.5,58.11,20.5972,19864300,0,1,ABT
2007-12-11,58.87,59.09,57.92,58.09,20.5901,13496000,0,1,ABT
2007-12-10,58.2778,59.15,58.15,58.9,20.8772,11388900,0,1,ABT
2007-12-07,58.14,58.5,57.92,58.22,20.6362,8170900,0,1,ABT
2007-12-06,58.14,58.3,57.53,58.15,20.6114,9753800,0,1,ABT
2007-12-05,57.95,58.1616,57.48,58.16,20.6149,10698600,0,1,ABT
2007-12-04,56.56,57.71,56.56,57.5,20.381,12892000,0,1,ABT
2007-12-03,57.35,57.4618,56.57,57.01,20.2073,12989100,0,1,ABT
2007-11-30,58.01,58.17,57.05,57.51,20.3845,25209800,0,1,ABT
2007-11-29,56.46,57.47,55.75,57,20.2037,16180700,0,1,ABT
2007-11-28,56.0682,56.5,55.23,56.42,19.9982,13582300,0,1,ABT
2007-11-27,54.4,56,54.25,55.91,19.8174,16489700,0,1,ABT
2007-11-26,55.38,55.53,54.11,54.25,19.229,9097900,0,1,ABT
2007-11-23,55.2,55.5,54.73,55.49,19.6685,4326800,0,1,ABT
2007-11-21,55.01,55.49,54.56,54.73,19.3991,11677100,0,1,ABT
2007-11-20,55.02,55.8,54.8,55.58,19.7004,13701900,0,1,ABT
2007-11-19,54.86,55.25,54.65,54.82,19.431,10269400,0,1,ABT
2007-11-16,54.82,55.22,54.46,55.21,19.5693,13482400,0,1,ABT
2007-11-15,54.2,54.9489,54.2,54.48,19.3105,11977600,0,1,ABT
2007-11-14,55.47,55.47,54.22,54.31,19.2503,11921800,0,1,ABT
2007-11-13,55.02,55.21,53.64,55.11,19.5338,13307200,0,1,ABT
2007-11-12,54.12,55.47,54.12,54.67,19.3779,12048100,0,1,ABT
2007-11-09,53.32,54.76,53.314,54.12,19.1829,13231300,0,1,ABT
2007-11-08,53.8,54.08,52.9507,53.92,19.112,14291700,0,1,ABT
2007-11-07,53.62,54.78,53.62,53.75,19.0518,11356800,0,1,ABT
2007-11-06,54.0591,54.5,53.94,54.34,19.2609,7353800,0,1,ABT
2007-11-05,54.4974,54.5,53.6,54.02,19.1475,9700700,0,1,ABT
2007-11-02,55.66,55.7,53.6,54.05,19.1581,11051400,0,1,ABT
2007-11-01,54.56,55.0703,53.97,54.12,19.1829,11938900,0,1,ABT
2007-10-31,54.65,54.74,53.94,54.62,19.3601,13141300,0,1,ABT
2007-10-30,54.25,54.73,54.13,54.65,19.3708,13158600,0,1,ABT
2007-10-29,54.13,54.57,54.13,54.45,19.2999,8145200,0,1,ABT
2007-10-26,54.27,54.35,53.89,54.07,19.1652,11847000,0,1,ABT
2007-10-25,52.87,54.07,52.66,53.87,19.0943,16598900,0,1,ABT
2007-10-24,52.01,52.95,51.36,52.86,18.7363,17224800,0,1,ABT
2007-10-23,50.77,52.35,50.77,51.82,18.3677,8735900,0,1,ABT
2007-10-22,50.9,51.82,50.51,51.64,18.3039,15767400,0,1,ABT
2007-10-19,51.54,52.28,51.34,51.4,18.2188,16081400,0,1,ABT
2007-10-18,51.3,52.03,51.19,51.67,18.3145,12289900,0,1,ABT
2007-10-17,52.1,53.08,51.02,51.2,18.1479,28645400,0,1,ABT
2007-10-16,52.11,52.28,51.63,51.97,18.4208,18149800,0,1,ABT
2007-10-15,52.7057,52.77,51.36,51.92,18.4031,16241500,0,1,ABT
2007-10-12,53.29,53.35,52.38,52.64,18.6583,16902400,0,1,ABT
2007-10-11,53.3,53.62,52.44,53.36,18.9135,23585000,0.1559,1,ABT
2007-10-10,55.15,55.42,53.91,54.24,19.1103,14849300,0,1,ABT
2007-10-09,55.02,55.49,54.55,54.86,19.3287,9318800,0,1,ABT
2007-10-08,55.0798,55.35,54.72,54.94,19.3569,5505200,0,1,ABT
2007-10-05,55.8969,55.98,54.84,55,19.378,13983500,0,1,ABT
2007-10-04,55.74,56.66,55.38,55.54,19.5683,5623100,0,1,ABT
2007-10-03,55.03,55.86,54.91,55.53,19.5647,9706500,0,1,ABT
2007-10-02,55.1,55.81,55.05,55.46,19.5401,11327800,0,1,ABT
2007-10-01,53.5596,55.29,53.56,55.21,19.452,13657500,0,1,ABT
2007-09-28,53.9113,54.15,53.41,53.62,18.8918,8573700,0,1,ABT
2007-09-27,54.3,54.48,53.9,54.05,19.0433,7353600,0,1,ABT
2007-09-26,54.25,54.67,53.54,54,19.0257,15665400,0,1,ABT
2007-09-25,53.75,54.68,53.64,54.35,19.149,8464500,0,1,ABT
2007-09-24,54.21,54.33,53.72,53.86,18.9764,12751100,0,1,ABT
2007-09-21,54.28,54.72,53.69,54.44,19.1807,15136000,0,1,ABT
2007-09-20,53.78,54.4296,53.61,53.69,18.9165,12359100,0,1,ABT
2007-09-19,53.8,54.2,53.37,53.95,19.0081,12706300,0,1,ABT
2007-09-18,52.33,53.73,52.14,53.6,18.8848,18119800,0,1,ABT
2007-09-17,51.91,52.28,51.51,51.99,18.3175,8405300,0,1,ABT
2007-09-14,51.94,52.28,51.7893,52.1,18.3563,8456400,0,1,ABT
2007-09-13,52.7,52.99,51.98,52.16,18.3774,10907800,0,1,ABT
2007-09-12,51.92,52.55,51.81,52.25,18.4091,8935100,0,1,ABT
2007-09-11,51.9,52.11,51.27,51.96,18.3069,13340500,0,1,ABT
2007-09-10,51.99,52.48,51.56,51.68,18.2083,7304500,0,1,ABT
2007-09-07,52.14,52.68,51.49,51.86,18.2717,10560400,0,1,ABT
2007-09-06,51.95,53.05,51.7,52.9,18.6381,11488900,0,1,ABT
2007-09-05,51.25,51.85,51.15,51.72,18.2224,8823400,0,1,ABT
2007-09-04,51.82,51.88,51.18,51.58,18.1731,10141300,0,1,ABT
2007-08-31,51.5,52.11,51.12,51.91,18.2893,10318200,0,1,ABT
2007-08-30,51.58,51.72,51.03,51.4,18.1096,10001200,0,1,ABT
2007-08-29,50.85,51.56,50.34,51.49,18.1414,12620600,0,1,ABT
2007-08-28,51.79,51.8976,50.7,50.79,17.8947,11859500,0,1,ABT
2007-08-27,52.32,52.38,51.9,52.01,18.3246,7373900,0,1,ABT
2007-08-24,52.25,52.68,51.78,52.53,18.5078,8809500,0,1,ABT
2007-08-23,52.52,52.58,51.82,52.16,18.3774,9213600,0,1,ABT
2007-08-22,52.49,52.94,51.72,52.14,18.3704,11213800,0,1,ABT
2007-08-21,51.9,52.67,51.64,52.36,18.4479,7819900,0,1,ABT
2007-08-20,52.66,53.21,52.02,52.39,18.4584,8661300,0,1,ABT
2007-08-17,53.19,53.75,51.75,52.73,18.5782,16513100,0,1,ABT
2007-08-16,52.25,52.42,50.78,51.86,18.2717,17383200,0,1,ABT
2007-08-15,52.37,53.63,52,52.35,18.4444,11348400,0,1,ABT
2007-08-14,54.15,54.24,52.27,52.47,18.4866,13823800,0,1,ABT
2007-08-13,55.21,55.21,53.43,53.89,18.9869,16818000,0,1,ABT
2007-08-10,54.88,55.5,52.73,55.22,19.4555,15974500,0,1,ABT
2007-08-09,56.91,56.91,54.83,54.93,19.3534,19760100,0,1,ABT
2007-08-08,56,56.3,54.35,56.3,19.836,21643600,0,1,ABT
2007-08-07,54.66,55.09,52.5,54.3,19.1314,25201500,0,1,ABT
2007-08-06,52.12,53.38,51.24,53.12,18.7156,18783800,0,1,ABT
2007-08-03,51.15,52.13,51,51.09,18.0004,17713800,0,1,ABT
2007-08-02,51.18,51.5511,50.83,51.21,18.0427,13657700,0,1,ABT
2007-08-01,50.47,51.37,50.08,50.95,17.9511,16760300,0,1,ABT
2007-07-31,51.3,51.49,50.43,50.69,17.8595,15923700,0,1,ABT
2007-07-30,51.45,51.45,49.58,50.82,17.9053,15377200,0,1,ABT
2007-07-27,51.1,51.34,50,50.03,17.627,18759600,0,1,ABT
2007-07-26,51.88,52,50.6908,51.09,18.0004,18796700,0,1,ABT
2007-07-25,52.76,52.9,51.69,52.3,18.4267,16452200,0,1,ABT
2007-07-24,53.2,54.2,52.2,52.51,18.5007,18363000,0,1,ABT
2007-07-23,53.35,54.9,53.23,53.92,18.9975,13106000,0,1,ABT
2007-07-20,54.3,54.47,52.7,52.87,18.6276,15715700,0,1,ABT
2007-07-19,54.63,54.68,53.58,54.32,19.1384,13099800,0,1,ABT
2007-07-18,54,54.97,53.56,53.7,18.92,21692900,0,1,ABT
2007-07-17,53.5,53.67,53.15,53.39,18.8108,12257300,0,1,ABT
2007-07-16,53.25,53.71,53.15,53.56,18.8707,11256700,0,1,ABT
2007-07-13,53.55,53.7489,53.22,53.24,18.7579,10062500,0,1,ABT
2007-07-12,51.8993,53.88,51.9,53.76,18.9411,28102300,0,1,ABT
2007-07-11,52.87,53.31,52.53,53.21,18.7474,16503100,0.1559,1,ABT
2007-07-10,53.38,53.99,52.79,52.92,18.5307,13456400,0,1,ABT
2007-07-09,54,54.17,53.66,53.71,18.8073,6106500,0,1,ABT
2007-07-06,54.33,54.43,53.88,54,18.9088,7504300,0,1,ABT
2007-07-05,54.44,54.68,53.7568,54.23,18.9894,6923300,0,1,ABT
2007-07-03,54.35,54.49,54.12,54.32,19.0209,4027500,0,1,ABT
2007-07-02,53.99,54.37,53.83,54.32,19.0209,11009300,0,1,ABT
2007-06-29,53.69,55.12,53.25,53.55,18.7513,11347600,0,1,ABT
2007-06-28,53.97,54,53.53,53.72,18.8108,9635400,0,1,ABT
2007-06-27,53.68,54.04,53.4,53.97,18.8983,11567900,0,1,ABT
2007-06-26,55.5,55.5,53.83,53.97,18.8983,16454500,0,1,ABT
2007-06-25,53.23,54.893,52.99,54.05,18.9264,19822400,0,1,ABT
2007-06-22,53.6893,54.01,52.8,52.86,18.5097,17315500,0,1,ABT
2007-06-21,54.182,54.27,53.38,53.8,18.8388,9994300,0,1,ABT
2007-06-20,54.93,55.22,54.25,54.28,19.0069,16294200,0,1,ABT
2007-06-19,54.36,54.8,54.23,54.68,19.147,10111900,0,1,ABT
2007-06-18,54.72,54.82,54.19,54.54,19.0979,9923500,0,1,ABT
2007-06-15,54.47,55.05,54.25,54.72,19.161,13195900,0,1,ABT
2007-06-14,54.2,54.55,54.02,54.19,18.9754,8666900,0,1,ABT
2007-06-13,53.749,54.28,53.2,54.19,18.9754,11190700,0,1,ABT
2007-06-12,53.68,53.92,53.27,53.34,18.6777,13334900,0,1,ABT
2007-06-11,54.11,54.509,53.94,54.06,18.9299,7607500,0,1,ABT
2007-06-08,54,54.35,53.6273,54.29,19.0104,12291900,0,1,ABT
2007-06-07,54.55,54.9,53.84,53.98,18.9018,13723400,0,1,ABT
2007-06-06,55.13,55.19,54.48,54.74,19.168,15430500,0,1,ABT
2007-06-05,55.79,55.79,54.93,55.49,19.4306,13826100,0,1,ABT
2007-06-04,55.52,56.16,55.18,55.62,19.4761,14597700,0,1,ABT
2007-06-01,56.35,56.6966,55.92,56.3,19.7142,10357000,0,1,ABT
2007-05-31,55.86,56.55,55.8,56.35,19.7317,14242600,0,1,ABT
2007-05-30,56.6,56.65,55.52,55.84,19.5531,14392400,0,1,ABT
2007-05-29,56.17,56.89,56.08,56.65,19.8368,11822400,0,1,ABT
2007-05-25,55.07,56.73,55.07,56.37,19.7387,11956000,0,1,ABT
2007-05-24,57.14,57.5,56.01,56.46,19.7702,15207100,0,1,ABT
2007-05-23,57.7,58.06,57.13,57.21,20.0329,10562900,0,1,ABT
2007-05-22,58.39,58.5,57.59,57.69,20.2009,12513700,0,1,ABT
2007-05-21,59.25,59.35,58.5,58.63,20.5301,9604200,0,1,ABT
2007-05-18,58.98,59.4996,58.58,59.43,20.8102,9648600,0,1,ABT
2007-05-17,59,59.06,58.54,58.9,20.6246,6402000,0,1,ABT
2007-05-16,58.9984,59.33,58.58,59.09,20.6912,9468500,0,1,ABT
2007-05-15,58.36,59.25,58.15,58.68,20.5476,12775500,0,1,ABT
2007-05-14,57.85,58.1,57.45,57.95,20.292,9076600,0,1,ABT
2007-05-11,57.35,57.86,57.079,57.84,20.2535,8658100,0,1,ABT
2007-05-10,58.68,58.68,57.33,57.33,20.0749,10251900,0,1,ABT
2007-05-09,58.6,59.04,58.23,58.68,20.5476,8826100,0,1,ABT
2007-05-08,58.89,58.91,58.26,58.84,20.6036,7418000,0,1,ABT
2007-05-07,58.81,59.1349,58.56,58.95,20.6422,11937000,0,1,ABT
2007-05-04,57.54,58.38,57.37,58.3,20.4145,10452800,0,1,ABT
2007-05-03,57.36,57.5003,57.1,57.41,20.1029,7475100,0,1,ABT
2007-05-02,57.0736,57.33,56.7,57.19,20.0259,8968900,0,1,ABT
2007-05-01,56.56,57.19,56.43,57.01,19.9628,9612700,0,1,ABT
2007-04-30,56.93,56.93,56.37,56.62,19.8263,10921000,0,1,ABT
2007-04-27,56.6,57.15,56.12,56.76,19.8753,11226300,0,1,ABT
2007-04-26,56,57.64,55.67,56.91,19.9278,11577900,0,1,ABT
2007-04-25,57.25,57.75,57.17,57.56,20.1554,8261100,0,1,ABT
2007-04-24,57.08,57.27,56.55,57.17,20.0189,11378400,0,1,ABT
2007-04-23,57.5,57.8,57.1,57.21,20.0329,10998500,0,1,ABT
2007-04-20,57.93,57.99,57.21,57.85,20.257,15603100,0,1,ABT
2007-04-19,57.79,58.22,56.92,57.24,20.0434,16780700,0,1,ABT
2007-04-18,57.3,58.6,57,58.03,20.32,25099400,0,1,ABT
2007-04-17,58.65,59.4,58.65,59,20.6597,12598100,0,1,ABT
2007-04-16,58.79,59.05,58.64,58.88,20.6176,10061200,0,1,ABT
2007-04-13,57.44,58.66,57.43,58.49,20.4811,14888700,0,1,ABT
2007-04-12,56.8,57.5372,56.77,57.41,20.1029,10219000,0,1,ABT
2007-04-11,56.75,57.51,56.17,57,19.9593,13570400,0.1559,1,ABT
2007-04-10,57.21,57.33,56.8971,57.06,19.8665,11568500,0,1,ABT
2007-04-09,57.05,57.47,56.8,57.21,19.9188,13350100,0,1,ABT
2007-04-05,56.37,57.11,56.3,57.02,19.8526,10560200,0,1,ABT
2007-04-04,56.61,56.96,56.12,56.29,19.5985,10351100,0,1,ABT
2007-04-03,56.01,56.74,55.98,56.67,19.7308,15136900,0,1,ABT
2007-04-02,55.8,56.25,55.16,55.81,19.4313,13061000,0,1,ABT
2007-03-30,55.5,56.07,55.41,55.8,19.4278,11992000,0,1,ABT
2007-03-29,55.02,56.158,55.01,55.81,19.4313,17924300,0,1,ABT
2007-03-28,56.24,56.51,55.51,55.76,19.4139,16386800,0,1,ABT
2007-03-27,56.8,57.23,56.42,56.6,19.7064,29693400,0,1,ABT
2007-03-26,55.08,57.26,55.05,57.24,19.9292,47897200,0,1,ABT
2007-03-23,54.63,54.66,53.7466,53.86,18.7524,13322000,0,1,ABT
2007-03-22,54.08,54.92,54.01,54.5,18.9752,13735700,0,1,ABT
2007-03-21,54.3066,54.8,54.2,54.68,19.0379,16533500,0,1,ABT
2007-03-20,53.24,54.48,53.03,54.48,18.9683,17536800,0,1,ABT
2007-03-19,53.02,53.28,52.88,53.18,18.5156,12307600,0,1,ABT
2007-03-16,53.44,53.5,52.8,52.88,18.4112,20299200,0,1,ABT
2007-03-15,53.67,54,53.33,53.63,18.6723,10464100,0,1,ABT
2007-03-14,54.2,54.27,53.47,53.77,18.7211,16017900,0,1,ABT
2007-03-13,54,54.71,53.97,54.11,18.8394,17118500,0,1,ABT
2007-03-12,54.44,54.5,54.24,54.38,18.9335,13325700,0,1,ABT
2007-03-09,53.95,54.46,53.75,54.39,18.9369,21899500,0,1,ABT
2007-03-08,52.69,53.57,52.38,53.4,18.5922,16553500,0,1,ABT
2007-03-07,52.65,52.99,52.55,52.69,18.345,16849100,0,1,ABT
2007-03-06,53,53.08,52.37,52.87,18.4077,20521200,0,1,ABT
2007-03-05,52.8,53.59,52.72,52.75,18.3659,15315900,0,1,ABT
2007-03-02,53.53,53.65,52.58,53.01,18.4565,16151300,0,1,ABT
2007-03-01,53.75,54.7,53.43,53.78,18.7245,20889700,0,1,ABT
2007-02-28,53.57,55.06,53.24,54.62,19.017,24763200,0,1,ABT
2007-02-27,54.08,54.9,52.4,53.84,18.7454,24714600,0,1,ABT
2007-02-26,53.65,54.66,53.49,54.47,18.9648,16012900,0,1,ABT
2007-02-23,53.32,53.77,53.2,53.59,18.6584,10441800,0,1,ABT
2007-02-22,52.71,53.69,52.65,53.62,18.6688,14388700,0,1,ABT
2007-02-21,52.5,52.78,52.39,52.71,18.352,9009700,0,1,ABT
2007-02-20,52.49,52.67,52.2803,52.58,18.3067,9511400,0,1,ABT
2007-02-16,52.53,52.8,52.2828,52.49,18.2754,8422200,0,1,ABT
2007-02-15,52.58,52.89,52.08,52.8,18.3833,8645800,0,1,ABT
2007-02-14,52.7,53.18,52.67,52.7,18.3485,10593900,0,1,ABT
2007-02-13,52.64,52.79,52.52,52.71,18.352,8092500,0,1,ABT
2007-02-12,52.34,52.78,52.24,52.72,18.3555,9011600,0,1,ABT
2007-02-09,52.35,52.63,52.14,52.27,18.1988,7892000,0,1,ABT
2007-02-08,52.4,52.55,52.06,52.14,18.1535,10063500,0,1,ABT
2007-02-07,52.5,52.63,52.17,52.45,18.2615,7338800,0,1,ABT
2007-02-06,52.7,52.7486,52.21,52.46,18.265,7121900,0,1,ABT
2007-02-05,52.4,52.65,52.18,52.5,18.2789,6987000,0,1,ABT
2007-02-02,52.55,53,52.44,52.67,18.3381,9661900,0,1,ABT
2007-02-01,52.5,52.98,52.23,52.87,18.4077,11863900,0,1,ABT
2007-01-31,52.7539,53.24,52.57,53,18.453,12249800,0,1,ABT
2007-01-30,52.75,53.22,52.72,53.19,18.5191,13542700,0,1,ABT
2007-01-29,51.91,52.75,51.51,52.66,18.3346,17678400,0,1,ABT
2007-01-26,52.7,52.76,51.95,52.55,18.2963,14243800,0,1,ABT
2007-01-25,53.1,53.5,52.42,52.59,18.3102,18078700,0,1,ABT
2007-01-24,53.38,53.85,52.88,53.55,18.6445,15993500,0,1,ABT
2007-01-23,53.1,53.55,53,53.38,18.5853,16214600,0,1,ABT
2007-01-22,53.2,53.46,52.98,53.32,18.5644,14853600,0,1,ABT
2007-01-19,53.34,53.75,53.15,53.52,18.634,25347200,0,1,ABT
2007-01-18,52,52.92,51.96,52.79,18.3799,27157700,0,1,ABT
2007-01-17,50.64,51.6,50.55,51.55,17.9481,16784400,0,1,ABT
2007-01-16,50.51,50.88,50.38,50.61,17.6208,12213200,0,1,ABT
2007-01-12,50.07,50.49,50.01,50.45,17.5651,11189400,0,1,ABT
2007-01-11,50.44,50.98,50.166,50.35,17.5303,12554100,0,1,ABT
2007-01-10,50.22,50.44,50,50.39,17.5443,13823800,0.1415,1,ABT
2007-01-09,50.15,50.66,50,50.52,17.4868,16969100,0,1,ABT
2007-01-08,49.82,50.13,49.641,50.08,17.3345,12734600,0,1,ABT
2007-01-05,49.9,50,49.27,49.9,17.2722,14649800,0,1,ABT
2007-01-04,49.06,50.24,48.97,49.9,17.2722,21185400,0,1,ABT
2007-01-03,48.83,49.49,48.75,48.97,16.9503,11214800,0,1,ABT
2006-12-29,48.8,48.99,48.5,48.71,16.8603,8392200,0,1,ABT
2006-12-28,48.75,49.1,48.65,48.93,16.9364,6916000,0,1,ABT
2006-12-27,48.5,49,48.39,49,16.9607,13415500,0,1,ABT
2006-12-26,47.71,48.28,47.67,48.23,16.6942,5300700,0,1,ABT
2006-12-22,48.03,48.05,47.68,47.73,16.5211,6574800,0,1,ABT
2006-12-21,47.86,48,47.46,48,16.6145,7997900,0,1,ABT
2006-12-20,48.12,48.37,47.43,47.95,16.5972,8064400,0,1,ABT
2006-12-19,48.19,48.32,47.87,48.26,16.7045,7355900,0,1,ABT
2006-12-18,48.2998,48.34,47.85,48.13,16.6595,6944500,0,1,ABT
2006-12-15,48.1,48.6507,47.9,48.47,16.7772,13918700,0,1,ABT
2006-12-14,48.12,48.39,48,48.1,16.6492,8133100,0,1,ABT
2006-12-13,48,48.22,47.87,47.96,16.6007,5461600,0,1,ABT
2006-12-12,47.95,48.03,47.68,47.99,16.6111,7268600,0,1,ABT
2006-12-11,47.9,48.11,47.57,47.82,16.5522,7071600,0,1,ABT
2006-12-08,48.19,48.29,47.81,47.96,16.6007,6290300,0,1,ABT
2006-12-07,48.32,48.51,47.97,48.04,16.6284,7458500,0,1,ABT
2006-12-06,48.57,48.63,47.87,48.01,16.618,10342800,0,1,ABT
2006-12-05,48.2,48.7,48.16,48.29,16.7149,9998700,0,1,ABT
2006-12-04,48,48.43,47.19,48.1,16.6492,20336500,0,1,ABT
2006-12-01,46.9,46.95,46.25,46.57,16.1196,10331300,0,1,ABT
2006-11-30,46.92,47,46.45,46.66,16.1507,9590200,0,1,ABT
2006-11-29,46.6,46.91,46.55,46.77,16.1888,7247300,0,1,ABT
2006-11-28,46.38,46.8,46.24,46.4,16.0607,10289200,0,1,ABT
2006-11-27,46.69,46.878,46.22,46.39,16.0573,10822000,0,1,ABT
2006-11-24,47.08,47.2,46.84,46.95,16.2511,4045000,0,1,ABT
2006-11-22,47.38,47.61,47.28,47.55,16.4588,4512200,0,1,ABT
2006-11-21,47.7033,47.8,47.4,47.49,16.438,7733800,0,1,ABT
2006-11-20,47.45,47.92,47.42,47.76,16.5315,8359300,0,1,ABT
2006-11-17,47.3,47.71,47.2,47.67,16.5003,9521400,0,1,ABT
2006-11-16,47.4,47.63,47.18,47.49,16.438,8438700,0,1,ABT
2006-11-15,46.6,47.25,46.57,46.99,16.2649,14662900,0,1,ABT
2006-11-14,45.51,46.38,45.5,46.18,15.9846,14630200,0,1,ABT
2006-11-13,45.85,46.29,45.57,45.65,15.8011,8519100,0,1,ABT
2006-11-10,45.75,46.38,45.41,45.97,15.9119,13233400,0,1,ABT
2006-11-09,47.29,47.46,45.68,45.84,15.8669,22208000,0,1,ABT
2006-11-08,47.5,47.57,47.05,47.28,16.3653,15578500,0,1,ABT
2006-11-07,47.35,48.32,47.31,47.86,16.5661,11477000,0,1,ABT
2006-11-06,47.02,47.64,47,47.47,16.4311,12892600,0,1,ABT
2006-11-03,47.41,47.8,47.31,47.64,16.4899,8309000,0,1,ABT
2006-11-02,47.45,47.68,47.35,47.46,16.4276,9768400,0,1,ABT
2006-11-01,47.2,47.55,47.15,47.42,16.4138,8368000,0,1,ABT
2006-10-31,47.5,47.6,47.08,47.51,16.4449,11385100,0,1,ABT
2006-10-30,47.55,47.67,46.95,47.09,16.2996,8939700,0,1,ABT
2006-10-27,47.45,47.73,47.25,47.67,16.5003,10186100,0,1,ABT
2006-10-26,48.2802,48.28,47.5,47.89,16.5765,9140600,0,1,ABT
2006-10-25,47.97,48.35,47.69,48.28,16.7115,8839000,0,1,ABT
2006-10-24,48.52,48.58,47.72,48.12,16.6561,11007500,0,1,ABT
2006-10-23,48.5,48.94,48.24,48.83,16.9018,8812800,0,1,ABT
2006-10-20,48.15,48.88,47.72,48.78,16.8845,14867200,0,1,ABT
2006-10-19,48.03,48.39,47.6932,47.92,16.5868,11896200,0,1,ABT
2006-10-18,47.65,48.25,47.27,47.85,16.5626,14436400,0,1,ABT
2006-10-17,47.17,47.53,46.75,47.19,16.3342,8803200,0,1,ABT
2006-10-16,46.8,47.37,46.77,47.17,16.3272,8887600,0,1,ABT
2006-10-13,46.6,47.03,46.41,46.93,16.2442,13642700,0,1,ABT
2006-10-12,46.8,46.85,46.35,46.45,16.078,12993300,0,1,ABT
2006-10-11,46.25,46.77,46.05,46.47,16.085,12692500,0.1415,1,ABT
2006-10-10,46.9,46.93,46.04,46.55,16.0105,11949500,0,1,ABT
2006-10-09,46.39,47.06,46.37,46.7,16.0621,9447800,0,1,ABT
2006-10-06,46.3,46.5,46.07,46.19,15.8867,15576600,0,1,ABT
2006-10-05,47.14,47.55,46.25,46.35,15.9417,24858800,0,1,ABT
2006-10-04,47.45,47.45,46.79,47.14,16.2135,15358200,0,1,ABT
2006-10-03,47.75,47.84,46.78,47.61,16.3751,15023500,0,1,ABT
2006-10-02,47.75,48.7,47.75,48.24,16.5918,7398900,0,1,ABT
2006-09-29,48.15,48.69,48.04,48.56,16.7019,7481400,0,1,ABT
2006-09-28,48.45,48.47,47.96,48.33,16.6227,9546400,0,1,ABT
2006-09-27,48.07,48.39,47.56,48.37,16.6365,10694800,0,1,ABT
2006-09-26,48.06,48.15,47.54,48.07,16.5333,9970600,0,1,ABT
2006-09-25,48.28,48.46,47.79,47.95,16.4921,9956200,0,1,ABT
2006-09-22,48.01,48.2,47.68,47.9,16.4749,6069800,0,1,ABT
2006-09-21,48.5,48.66,47.99,48.2,16.578,9654000,0,1,ABT
2006-09-20,49.35,49.4,48.48,48.55,16.6984,9934900,0,1,ABT
2006-09-19,48.42,49.22,48.31,49.16,16.9082,10486600,0,1,ABT
2006-09-18,49.2,49.26,48.8,48.88,16.8119,9202100,0,1,ABT
2006-09-15,49.3,49.87,49.25,49.48,17.0183,14546800,0,1,ABT
2006-09-14,48.96,49.3183,48.75,49.15,16.9048,8059600,0,1,ABT
2006-09-13,48.8,49.32,48.55,49.18,16.9151,8631700,0,1,ABT
2006-09-12,48.5,48.87,48.23,48.8,16.7844,13065400,0,1,ABT
2006-09-11,48.66,48.9,48.5523,48.64,16.7294,12104400,0,1,ABT
2006-09-08,47.9,48.96,47.9,48.9,16.8188,12019300,0,1,ABT
2006-09-07,47.7009,47.92,47.5,47.9,16.4749,11818400,0,1,ABT
2006-09-06,48.2,48.26,47.31,47.93,16.4852,9711900,0,1,ABT
2006-09-05,48.572,48.9,48.212,48.35,16.6296,9928500,0,1,ABT
2006-09-01,48.8,48.8,48.08,48.37,16.6365,9611000,0,1,ABT
2006-08-31,48.33,48.75,48.15,48.7,16.75,9971200,0,1,ABT
2006-08-30,48.9,48.95,48.06,48.18,16.5712,12130200,0,1,ABT
2006-08-29,48.8,49.15,48.59,48.96,16.8394,9125400,0,1,ABT
2006-08-28,48.9898,49.43,48.84,48.96,16.8394,7712300,0,1,ABT
2006-08-25,48.5419,48.96,48.52,48.79,16.781,4616900,0,1,ABT
2006-08-24,48.83,49.26,48.76,48.82,16.7913,9727500,0,1,ABT
2006-08-23,48.98,49.16,48.76,49,16.8532,9183600,0,1,ABT
2006-08-22,48.5,49.07,48.28,48.94,16.8326,13245100,0,1,ABT
2006-08-21,48.62,48.93,48.34,48.67,16.7397,9150000,0,1,ABT
2006-08-18,49.13,49.18,48.64,49,16.8532,10470600,0,1,ABT
2006-08-17,49.09,49.25,48.63,49.13,16.8979,13077300,0,1,ABT
2006-08-16,49,49.28,48.85,49.28,16.9495,14031200,0,1,ABT
2006-08-15,48.3507,48.69,48.19,48.66,16.7362,9519500,0,1,ABT
2006-08-14,47.41,48.59,47.39,47.96,16.4955,12076000,0,1,ABT
2006-08-11,47.5,47.69,47.04,47.41,16.3063,5203600,0,1,ABT
2006-08-10,47.07,47.75,46.82,47.72,16.4129,11208800,0,1,ABT
2006-08-09,47.75,47.77,47.1,47.32,16.2754,9474700,0,1,ABT
2006-08-08,47.47,47.67,47.18,47.67,16.3958,7813200,0,1,ABT
2006-08-07,47.24,47.43,45.9,47.34,16.2822,9525400,0,1,ABT
2006-08-04,47.6,47.6,46.96,47.24,16.2479,9422800,0,1,ABT
2006-08-03,47.15,47.65,47.13,47.22,16.241,10057300,0,1,ABT
2006-08-02,47.3,47.48,46.91,47.15,16.2169,9574400,0,1,ABT
2006-08-01,47.45,47.6294,47.06,47.51,16.3407,10192100,0,1,ABT
2006-07-31,47.7,47.92,47.52,47.77,16.4301,9487900,0,1,ABT
2006-07-28,47.55,48.11,47.479,47.82,16.4473,9469100,0,1,ABT
2006-07-27,47,47.69,46.98,47.22,16.241,10701900,0,1,ABT
2006-07-26,47.5,47.99,46.97,47.1,16.1997,20448300,0,1,ABT
2006-07-25,47.55,48.19,47.054,48.08,16.5368,20132900,0,1,ABT
2006-07-24,45.9,47.59,45.84,47.56,16.3579,18151100,0,1,ABT
2006-07-21,46.3475,46.99,45.98,46.84,16.1103,13630200,0,1,ABT
2006-07-20,45.96,46.7,45.92,46.21,15.8936,10007000,0,1,ABT
2006-07-19,44.7,46.75,44.7,46.28,15.9177,28630800,0,1,ABT
2006-07-18,44.5,44.9287,44.1,44.7,15.3742,15181900,0,1,ABT
2006-07-17,43.9,44.57,43.902,44.48,15.2986,9870900,0,1,ABT
2006-07-14,43.87,44.31,43.85,44.01,15.1369,9913000,0,1,ABT
2006-07-13,43.9,44.18,43.77,43.99,15.13,16432400,0,1,ABT
2006-07-12,44.5,44.56,44.03,44.11,15.1713,13533300,0.1415,1,ABT
2006-07-11,43.73,44.69,43.58,44.56,15.2246,12095400,0,1,ABT
2006-07-10,44.14,44.23,43.57,43.65,14.9137,7095200,0,1,ABT
2006-07-07,43.9,44.2,43.71,43.8,14.965,8290100,0,1,ABT
2006-07-06,43.7,44.1,43.6,43.78,14.9581,6654200,0,1,ABT
2006-07-05,43.4,44,43.25,43.61,14.9,9005400,0,1,ABT
2006-07-03,43.69,43.74,43.44,43.58,14.8898,4451800,0,1,ABT
2006-06-30,43,43.61,42.7478,43.61,14.9,16660400,0,1,ABT
2006-06-29,42.39,42.98,42.2,42.9,14.6575,10874500,0,1,ABT
2006-06-28,41.92,42.64,41.92,42.19,14.4149,9653600,0,1,ABT
2006-06-27,42.1,42.23,41.44,41.64,14.227,8073500,0,1,ABT
2006-06-26,41.9,42.19,41.57,42.03,14.3602,6393700,0,1,ABT
2006-06-23,41.75,42.2,41.56,41.95,14.3329,8215200,0,1,ABT
2006-06-22,42.268,42.45,41.85,42.04,14.3636,7091700,0,1,ABT
2006-06-21,42.25,42.56,42.19,42.27,14.4422,7060400,0,1,ABT
2006-06-20,42.2,42.46,42.18,42.22,14.4251,5813400,0,1,ABT
2006-06-19,42.96,42.9577,42.24,42.32,14.4593,6850700,0,1,ABT
2006-06-16,42.72,42.94,42.58,42.78,14.6165,9296100,0,1,ABT
2006-06-15,42.59,43.18,42.4416,43.06,14.7121,12574600,0,1,ABT
2006-06-14,42.2,42.9481,42.19,42.7,14.5891,10675200,0,1,ABT
2006-06-13,42.7233,43.19,42.4,42.45,14.5037,7787600,0,1,ABT
2006-06-12,43,43.2889,42.67,42.72,14.596,6735500,0,1,ABT
2006-06-09,43.22,43.45,42.99,43,14.6916,9043700,0,1,ABT
2006-06-08,42.5,43.19,42.26,43.17,14.7497,12869100,0,1,ABT
2006-06-07,42.4819,43.17,42.4,42.89,14.654,10694400,0,1,ABT
2006-06-06,42.46,42.82,42,42.23,14.4285,10453300,0,1,ABT
2006-06-05,43,43.04,42.38,42.46,14.5071,7200700,0,1,ABT
2006-06-02,43.1,43.35,42.89,43.13,14.736,7084600,0,1,ABT
2006-06-01,42.75,43.3,42.6,43.22,14.7668,8361800,0,1,ABT
2006-05-31,42.56,42.76,42.33,42.7,14.5891,10966600,0,1,ABT
2006-05-30,42.5,43.1,42.11,42.54,14.5345,12734400,0,1,ABT
2006-05-26,42.65,42.95,42.49,42.67,14.5789,5702700,0,1,ABT
2006-05-25,42.3978,42.55,42,42.5,14.5208,7236900,0,1,ABT
2006-05-24,41.6,42.24,41.5,42.15,14.4012,11594600,0,1,ABT
2006-05-23,41.8,41.9812,41.63,41.74,14.2611,7987200,0,1,ABT
2006-05-22,41.8,42.71,41.7,41.75,14.2645,10409500,0,1,ABT
2006-05-19,42.25,42.25,41.13,41.82,14.2885,13160400,0,1,ABT
2006-05-18,41.59,42.33,41.44,41.96,14.3363,10569400,0,1,ABT
2006-05-17,43.0024,43,41.79,41.83,14.2919,11003700,0,1,ABT
2006-05-16,42.72,43.01,42.41,42.66,14.5755,9804500,0,1,ABT
2006-05-15,41.67,42.5781,41.4,42.3,14.4525,10148100,0,1,ABT
2006-05-12,42,42.11,41.41,41.42,14.1518,7684200,0,1,ABT
2006-05-11,41.7,42.17,41.4987,42.02,14.3568,9447400,0,1,ABT
2006-05-10,42.25,42.25,41.77,41.79,14.2782,7416200,0,1,ABT
2006-05-09,42.3,42.45,42.04,42.25,14.4354,5735900,0,1,ABT
2006-05-08,42.31,42.54,42.26,42.47,14.5105,7514300,0,1,ABT
2006-05-05,42,42.97,42,42.77,14.613,6629800,0,1,ABT
2006-05-04,42.44,42.56,42.14,42.53,14.531,10884100,0,1,ABT
2006-05-03,42.1,42.29,41.82,42.25,14.4354,9766500,0,1,ABT
2006-05-02,42.31,42.75,41.96,42.15,14.4012,8367800,0,1,ABT
2006-05-01,42.75,43.039,42.15,42.32,14.4593,9777400,0,1,ABT
2006-04-28,41.85,42.75,41.85,42.74,14.6028,11984300,0,1,ABT
2006-04-27,40.9296,42.2,40.93,42.03,14.3602,11115200,0,1,ABT
2006-04-26,41.4,41.55,40.95,41.11,14.0459,6669000,0,1,ABT
2006-04-25,41.14,41.47,40.55,41.2,14.0766,9728400,0,1,ABT
2006-04-24,41.82,41.8716,41.07,41.14,14.0561,9300300,0,1,ABT
2006-04-21,42.05,42.1,41.71,42,14.35,12847800,0,1,ABT
2006-04-20,41.34,41.97,40.9,41.91,14.3192,13190200,0,1,ABT
2006-04-19,41.18,41.62,41.05,41.34,14.1245,10276900,0,1,ABT
2006-04-18,41.07,41.75,41.07,41.68,14.2406,9045000,0,1,ABT
2006-04-17,41.38,41.57,41.1,41.13,14.0527,6656700,0,1,ABT
2006-04-13,41.47,41.58,41.118,41.5,14.1791,7186300,0,1,ABT
2006-04-12,41.45,41.64,41.21,41.64,14.227,8264900,0,1,ABT
2006-04-11,42.01,42.17,41.05,41.45,14.162,12608300,0.1415,1,ABT
2006-04-10,42.11,42.39,41.92,42.18,14.3107,7751500,0,1,ABT
2006-04-07,42.8689,42.99,42.05,42.09,14.2801,7422200,0,1,ABT
2006-04-06,42.6573,42.98,42.54,42.87,14.5448,12706100,0,1,ABT
2006-04-05,42.49,42.85,42.12,42.66,14.4735,12852600,0,1,ABT
2006-04-04,42.95,42.99,42.4083,42.59,14.4498,7880900,0,1,ABT
2006-04-03,42.32,43.1,42.32,42.9,14.555,10139200,0,1,ABT
2006-03-31,42.64,42.96,42.32,42.47,14.4091,8415700,0,1,ABT
2006-03-30,42.9,43.28,42.39,42.64,14.4667,8545800,0,1,ABT
2006-03-29,43.03,43.34,42.63,42.92,14.5617,8272100,0,1,ABT
2006-03-28,43.23,43.38,42.79,42.96,14.5753,12479500,0,1,ABT
2006-03-27,44.6,44.6,43.24,43.46,14.7449,12580200,0,1,ABT
2006-03-24,43.7,43.98,43.38,43.87,14.884,12538100,0,1,ABT
2006-03-23,43.8,44.12,43.16,43.88,14.8874,8978300,0,1,ABT
2006-03-22,43.975,44.2,43.72,44.1,14.9621,9692300,0,1,ABT
2006-03-21,44.47,44.56,43.7014,43.94,14.9078,8293200,0,1,ABT
2006-03-20,44.9,44.96,44.1634,44.25,15.013,11607100,0,1,ABT
2006-03-17,45.2,45.47,44.92,45.18,15.3285,10475600,0,1,ABT
2006-03-16,45.0489,45.1,44.88,45,15.2674,7409700,0,1,ABT
2006-03-15,44.9964,45.39,44.5,45.25,15.3523,8165400,0,1,ABT
2006-03-14,44.6,45.2,44.57,45.16,15.3217,11656700,0,1,ABT
2006-03-13,44.775,45.58,44.65,44.93,15.2437,16828800,0,1,ABT
2006-03-10,43.1878,43.97,43,43.92,14.901,6999500,0,1,ABT
2006-03-09,43.48,43.57,43,43.19,14.6533,13240500,0,1,ABT
2006-03-08,43.45,43.75,43.35,43.48,14.7517,6796700,0,1,ABT
2006-03-07,43.49,43.82,43.02,43.53,14.7687,7711500,0,1,ABT
2006-03-06,43.8,44.13,43.56,43.68,14.8196,7061200,0,1,ABT
2006-03-03,43.32,44.29,43.27,43.78,14.8535,6848600,0,1,ABT
2006-03-02,43.8,43.855,43.03,43.44,14.7382,11865900,0,1,ABT
2006-03-01,44.18,44.2018,43.42,44,14.9282,11510200,0,1,ABT
2006-02-28,44.07,44.52,43.8,44.18,14.9892,11089200,0,1,ABT
2006-02-27,43.84,44.81,43.833,44.45,15.0808,8704200,0,1,ABT
2006-02-24,43.41,44.25,43.3,43.95,14.9112,8629000,0,1,ABT
2006-02-23,43.75,43.85,43.3,43.43,14.7348,9850300,0,1,ABT
2006-02-22,44.01,44.38,43.72,43.9,14.8942,9407600,0,1,ABT
2006-02-21,44.25,44.31,43.53,43.99,14.9248,8231100,0,1,ABT
2006-02-17,44.15,44.5,43.8,44.34,15.0435,9496600,0,1,ABT
2006-02-16,44,44.3599,43.56,44.36,15.0503,9645000,0,1,ABT
2006-02-15,43.54,44.23,43.371,44.15,14.979,10185000,0,1,ABT
2006-02-14,42.99,43.86,42.933,43.73,14.8365,12908000,0,1,ABT
2006-02-13,42.62,42.95,42.3,42.83,14.5312,8344500,0,1,ABT
2006-02-10,42.3,42.62,42.02,42.47,14.4091,6251900,0,1,ABT
2006-02-09,42.2,42.84,41.7974,42.15,14.3005,10149400,0,1,ABT
2006-02-08,42.25,42.5,41.7,42.06,14.27,7619600,0,1,ABT
2006-02-07,42.2,42.3693,41.78,42.11,14.2869,8333000,0,1,ABT
2006-02-06,42.29,42.64,42.1298,42.42,14.3921,9655200,0,1,ABT
2006-02-03,42.1,42.98,42.1008,42.49,14.4158,12103500,0,1,ABT
2006-02-02,42.8,42.99,42.41,42.42,14.3921,11625000,0,1,ABT
2006-02-01,42.75,43.27,42.73,43.1,14.6228,13384100,0,1,ABT
2006-01-31,42.25,43.18,42,43.15,14.6398,13321800,0,1,ABT
2006-01-30,42.45,43.24,42.26,42.94,14.5685,10647700,0,1,ABT
2006-01-27,43.7959,43.85,42.83,43,14.5889,12138500,0,1,ABT
2006-01-26,42.75,43.56,42.7,43.32,14.6975,15737800,0,1,ABT
2006-01-25,41.26,43,41.22,42.17,14.3073,23927000,0,1,ABT
2006-01-24,40.54,40.75,39.88,40.06,13.5914,6725500,0,1,ABT
2006-01-23,40.5,41.55,40.13,40.51,13.7441,7912800,0,1,ABT
2006-01-20,41.6,41.6,40.31,40.35,13.6898,9828200,0,1,ABT
2006-01-19,41.05,41.73,40.4,41.54,14.0935,10509300,0,1,ABT
2006-01-18,41.07,41.5,40.86,41.22,13.985,7513100,0,1,ABT
2006-01-17,40.82,41.31,40.76,41.07,13.9341,7905100,0,1,ABT
2006-01-13,41.48,41.67,40.99,41.19,13.9748,6033700,0,1,ABT
2006-01-12,41.24,41.39,41.12,41.34,14.0257,7043100,0,1,ABT
2006-01-11,41.57,41.61,41.17,41.43,14.0562,9657100,0.132,1,ABT
2006-01-10,42.4,42.56,41.85,42,14.1563,12033700,0,1,ABT
2006-01-09,42.5,42.75,41.68,42.41,14.2945,23626300,0,1,ABT
2006-01-06,40.06,40.98,39.63,40.89,13.7822,13729200,0,1,ABT
2006-01-05,39.7,40.46,39.65,40.12,13.5226,11570000,0,1,ABT
2006-01-04,39.38,39.98,39.18,39.61,13.3507,16334500,0,1,ABT
2006-01-03,39.55,39.95,39.19,39.55,13.3305,17258200,0,1,ABT
2005-12-30,39.4675,39.73,39.36,39.43,13.2901,7251700,0,1,ABT
2005-12-29,40.3,40.4342,39.71,39.8,13.4148,8063900,0,1,ABT
2005-12-28,40.6,40.87,40.3296,40.35,13.6002,6945600,0,1,ABT
2005-12-27,41,41.15,40.36,40.4,13.617,8610400,0,1,ABT
2005-12-23,40.28,41,40.28,40.86,13.7721,5674800,0,1,ABT
2005-12-22,40.45,40.78,40.2908,40.74,13.7316,8299700,0,1,ABT
2005-12-21,40.02,40.66,40.023,40.37,13.6069,11991400,0,1,ABT
2005-12-20,40.27,40.7,39.9,40,13.4822,13913700,0,1,ABT
2005-12-19,40.9973,41,40.2,40.43,13.6271,13566900,0,1,ABT
2005-12-16,39.4,40.36,39.3702,40.17,13.5395,15599200,0,1,ABT
2005-12-15,39.78,40.42,39.07,39.25,13.2294,12488500,0,1,ABT
2005-12-14,39.38,39.79,39.18,39.47,13.3035,7715000,0,1,ABT
2005-12-13,38.92,39.75,38.85,39.47,13.3035,11606900,0,1,ABT
2005-12-12,38.798,39.29,38.53,39.17,13.2024,10895100,0,1,ABT
2005-12-09,38.45,39.23,38.42,38.99,13.1418,17688200,0,1,ABT
2005-12-08,38,38.38,37.9,38.29,12.9058,11687300,0,1,ABT
2005-12-07,38.05,38.45,37.81,38,12.8081,9457600,0,1,ABT
2005-12-06,38.43,38.58,37.7905,37.87,12.7643,10453700,0,1,ABT
2005-12-05,38.52,38.59,38,38.19,12.8721,12515200,0,1,ABT
2005-12-02,38.4,39.14,38.11,38.56,12.9968,18630600,0,1,ABT
2005-12-01,37.54,37.94,37.54,37.63,12.6834,16008100,0,1,ABT
2005-11-30,38.16,38.39,37.5,37.71,12.7103,18449300,0,1,ABT
2005-11-29,38.93,38.95,38.16,38.16,12.862,14557100,0,1,ABT
2005-11-28,39,39.09,38.86,38.95,13.1283,13638800,0,1,ABT
2005-11-25,39.14,39.3,38.9,38.98,13.1384,5110400,0,1,ABT
2005-11-23,39.23,39.48,38.82,38.99,13.1418,15497000,0,1,ABT
2005-11-22,39.95,40.134,38.1,39.32,13.253,27727100,0,1,ABT
2005-11-21,40.82,40.85,40.37,40.37,13.6069,8946000,0,1,ABT
2005-11-18,41.5,41.5,40.62,40.9,13.7855,8543900,0,1,ABT
2005-11-17,40.58,41,40.45,40.86,13.7721,9399500,0,1,ABT
2005-11-16,41.1,41.15,39.81,40.58,13.6777,19479300,0,1,ABT
2005-11-15,41.2307,41.74,41,41.47,13.9777,18528500,0,1,ABT
2005-11-14,43.56,43.58,40.33,40.52,13.6575,29038100,0,1,ABT
2005-11-11,43.4,43.85,43,43.73,14.7394,12026800,0,1,ABT
2005-11-10,42.83,42.98,42.51,42.8,14.4259,8485600,0,1,ABT
2005-11-09,42.4062,43.08,42.16,42.7,14.3922,11058700,0,1,ABT
2005-11-08,42.3,42.66,42.25,42.52,14.3316,6898200,0,1,ABT
2005-11-07,42.57,42.7,42.25,42.55,14.3417,7991800,0,1,ABT
2005-11-04,42.95,42.98,42.22,42.57,14.3484,7898400,0,1,ABT
2005-11-03,42.58,42.91,42.52,42.79,14.4226,10380500,0,1,ABT
2005-11-02,42.43,42.8002,42.15,42.64,14.372,9639400,0,1,ABT
2005-11-01,42.95,43.29,42.71,42.78,14.4192,6517900,0,1,ABT
2005-10-31,43.4,43.5982,42.7,43.05,14.5102,9291100,0,1,ABT
2005-10-28,42.44,42.8,42.072,42.75,14.4091,7414100,0,1,ABT
2005-10-27,43.01,43.18,42.38,42.44,14.3046,5549300,0,1,ABT
2005-10-26,43.43,43.74,42.97,43.01,14.4967,6744000,0,1,ABT
2005-10-25,42.98,43.6,42.9,43.28,14.5877,7406600,0,1,ABT
2005-10-24,43.03,43.21,42.77,42.9,14.4597,8635800,0,1,ABT
2005-10-21,43.46,43.47,42.53,42.75,14.4091,12781300,0,1,ABT
2005-10-20,43.75,43.9002,43.11,43.26,14.581,14535200,0,1,ABT
2005-10-19,42.25,44.1,42.05,43.95,14.8136,17332400,0,1,ABT
2005-10-18,42.2982,42.76,42.25,42.4,14.2911,8982000,0,1,ABT
2005-10-17,42.4,42.58,42.05,42.55,14.3417,7698800,0,1,ABT
2005-10-14,42.32,42.6893,42,42.64,14.372,10143100,0,1,ABT
2005-10-13,41.82,42.82,41.82,42.57,14.3484,12476200,0,1,ABT
2005-10-12,42.05,42.7,41.578,42.1,14.19,11613100,0.132,1,ABT
2005-10-11,42.0657,42.65,42,42.42,14.2052,7789900,0,1,ABT
2005-10-10,42.64,42.79,42.17,42.18,14.1248,6849700,0,1,ABT
2005-10-07,43.02,43.19,42.62,42.7,14.2989,8023900,0,1,ABT
2005-10-06,43,43.25,42.57,43.02,14.4061,14305700,0,1,ABT
2005-10-05,44.0292,44.36,43.25,43.28,14.4932,10641900,0,1,ABT
2005-10-04,43,44.09,43.0006,44.01,14.7376,21396200,0,1,ABT
2005-10-03,42.4,42.77,42.21,42.48,14.2253,10359900,0,1,ABT
2005-09-30,41.95,42.54,41.6,42.4,14.1985,12685700,0,1,ABT
2005-09-29,41.9,42.3,41.57,42.09,14.0947,13150600,0,1,ABT
2005-09-28,43,43.04,41.7,41.94,14.0444,15790700,0,1,ABT
2005-09-27,42.9,43.05,42.6,42.73,14.309,12269400,0,1,ABT
2005-09-26,43.4711,43.8,42.38,42.66,14.2855,19637500,0,1,ABT
2005-09-23,43.98,44.53,43.92,44.22,14.8079,9817400,0,1,ABT
2005-09-22,43.1,44.08,43.09,43.91,14.7041,9887600,0,1,ABT
2005-09-21,42.74,43.4527,42.7,43.1,14.4329,11404300,0,1,ABT
2005-09-20,43.3127,43.75,43.06,43.09,14.4295,8488700,0,1,ABT
2005-09-19,43.5,43.52,42.7,43.31,14.5032,9672900,0,1,ABT
2005-09-16,43.75,43.98,43.45,43.74,14.6472,19156500,0,1,ABT
2005-09-15,44,44.06,43.45,43.7,14.6338,12966600,0,1,ABT
2005-09-14,44.66,44.72,43.79,43.85,14.684,10557300,0,1,ABT
2005-09-13,45.3,45.32,43.8,44.66,14.9553,14687100,0,1,ABT
2005-09-12,45.21,46.2,44.9,45.23,15.1461,7581200,0,1,ABT
2005-09-09,45.4,45.75,45.22,45.57,15.26,5663800,0,1,ABT
2005-09-08,45.8,45.7978,45.16,45.39,15.1997,5040000,0,1,ABT
2005-09-07,45.298,45.89,45.21,45.68,15.2968,5962200,0,1,ABT
2005-09-06,44.88,45.4,44.88,45.3,15.1696,8454100,0,1,ABT
2005-09-02,45.2,45.28,44.79,44.88,15.0289,5307400,0,1,ABT
2005-09-01,45.32,45.61,44.84,45.14,15.116,7044800,0,1,ABT
2005-08-31,44.85,45.17,44.65,45.13,15.1127,9665400,0,1,ABT
2005-08-30,45.13,45.13,44.4,44.63,14.9452,7571900,0,1,ABT
2005-08-29,44.45,45.4,44.44,45.13,15.1127,7012500,0,1,ABT
2005-08-26,44.9111,45.15,44.72,44.73,14.9787,4893700,0,1,ABT
2005-08-25,44.9023,45.55,44.84,45.11,15.106,7062100,0,1,ABT
2005-08-24,45.45,45.89,44.6985,44.92,15.0423,7470800,0,1,ABT
2005-08-23,45.85,45.95,45.6795,45.7,15.3035,5760100,0,1,ABT
2005-08-22,45.84,46.25,45.69,45.96,15.3906,4861600,0,1,ABT
2005-08-19,46.23,46.33,45.78,45.83,15.3471,5114200,0,1,ABT
2005-08-18,45.95,46.45,45.93,46.02,15.4107,4933700,0,1,ABT
2005-08-17,46.19,46.59,46.09,46.09,15.4341,4782200,0,1,ABT
2005-08-16,46.7506,46.83,45.98,46.02,15.4107,4922000,0,1,ABT
2005-08-15,46.5,46.93,46.4,46.72,15.6451,4750700,0,1,ABT
2005-08-12,46.65,46.75,46.2468,46.54,15.5848,5291700,0,1,ABT
2005-08-11,46.74,46.93,46.5,46.78,15.6652,5443700,0,1,ABT
2005-08-10,46.8919,47.18,46.46,46.6,15.6049,6458500,0,1,ABT
2005-08-09,46.4,46.74,46.4015,46.6,15.6049,6493500,0,1,ABT
2005-08-08,46.65,46.74,46.22,46.38,15.5312,3634400,0,1,ABT
2005-08-05,46.9,47.05,46.45,46.49,15.5681,5758200,0,1,ABT
2005-08-04,47.1,47.36,46.8393,47.03,15.7489,6616500,0,1,ABT
2005-08-03,47,47.37,46.9,47.33,15.8494,4783200,0,1,ABT
2005-08-02,47.2004,47.31,47.08,47.28,15.8326,6762600,0,1,ABT
2005-08-01,46.85,47.22,46.6,47.02,15.7456,8678600,0,1,ABT
2005-07-29,46.84,47.08,46.5527,46.63,15.615,7504100,0,1,ABT
2005-07-28,46.45,47.15,46.2,46.82,15.6786,7670600,0,1,ABT
2005-07-27,45.98,46.48,45.76,46.25,15.4877,6142300,0,1,ABT
2005-07-26,45.64,46,45.32,45.74,15.3169,6768400,0,1,ABT
2005-07-25,46.18,46.34,45.2,45.49,15.2332,12144400,0,1,ABT
2005-07-22,46.4,46.45,45.92,46.04,15.4174,10948900,0,1,ABT
2005-07-21,46.89,47.05,46.43,46.46,15.558,7426800,0,1,ABT
2005-07-20,46.502,46.9,46.39,46.85,15.6886,7931800,0,1,ABT
2005-07-19,46.6,46.77,46.26,46.35,15.5212,8056200,0,1,ABT
2005-07-18,46.95,47.21,46.41,46.41,15.5413,8551000,0,1,ABT
2005-07-15,46.4,47.05,46.4,46.87,15.6953,11511200,0,1,ABT
2005-07-14,47.61,48.11,46.5,46.62,15.6116,20639600,0,1,ABT
2005-07-13,49,49.04,47.15,47.65,15.9565,29627900,0.132,1,ABT
2005-07-12,49.72,50,49.45,49.99,16.648,13182900,0,1,ABT
2005-07-11,49.6,49.75,49.45,49.65,16.5348,8614400,0,1,ABT
2005-07-08,48.98,49.46,48.8,49.35,16.4349,6682300,0,1,ABT
2005-07-07,48.85,49.2,48.7251,48.97,16.3083,12606200,0,1,ABT
2005-07-06,48.95,49.3468,48.83,49.14,16.365,7731900,0,1,ABT
2005-07-05,48.92,49.4,48.86,48.95,16.3017,5530800,0,1,ABT
2005-07-01,49.23,49.64,48.97,49.03,16.3283,7019500,0,1,ABT
2005-06-30,49,49.16,48.91,49.01,16.3217,9824900,0,1,ABT
2005-06-29,49.38,49.41,49.13,49.23,16.3949,5488900,0,1,ABT
2005-06-28,49.15,49.57,48.99,49.5,16.4848,5129200,0,1,ABT
2005-06-27,49,49.14,48.78,48.99,16.315,5900100,0,1,ABT
2005-06-24,48.96,49.24,48.66,49.02,16.325,8520200,0,1,ABT
2005-06-23,49.72,49.84,49.01,49.08,16.345,5168800,0,1,ABT
2005-06-22,49.52,49.72,49.3,49.72,16.5581,6343400,0,1,ABT
2005-06-21,49.5,49.59,49.34,49.45,16.4682,5424100,0,1,ABT
2005-06-20,49.14,49.4837,48.91,49.39,16.4482,3832400,0,1,ABT
2005-06-17,49.53,49.58,48.9995,49.43,16.4615,10247300,0,1,ABT
2005-06-16,49.02,49.25,48.85,49.08,16.345,4151700,0,1,ABT
2005-06-15,49.06,49.14,48.4175,49.02,16.325,4516200,0,1,ABT
2005-06-14,48.75,49.22,48.75,49.02,16.325,4279200,0,1,ABT
2005-06-13,48.72,49.52,48.53,48.85,16.2684,5767600,0,1,ABT
2005-06-10,48.95,49.05,48.6199,48.9,16.285,6780500,0,1,ABT
2005-06-09,48.51,49.03,48.4,48.98,16.3117,6944500,0,1,ABT
2005-06-08,49,49.01,48.46,48.66,16.2051,6261100,0,1,ABT
2005-06-07,48.49,49.04,48.43,48.76,16.2384,6461000,0,1,ABT
2005-06-06,48.65,48.85,48.25,48.45,16.1352,4989500,0,1,ABT
2005-06-03,48.05,48.65,47.95,48.27,16.0752,5459900,0,1,ABT
2005-06-02,48.07,48.4,47.94,48.26,16.0719,4502200,0,1,ABT
2005-06-01,48.15,48.6,48.02,48.33,16.0952,6038100,0,1,ABT
2005-05-31,48.15,48.398,47.88,48.24,16.0652,7382600,0,1,ABT
2005-05-27,48.4,48.6,47.93,48,15.9853,4114000,0,1,ABT
2005-05-26,48.24,48.62,47.28,48.22,16.0586,5463500,0,1,ABT
2005-05-25,48.47,48.67,48.09,48.24,16.0652,6477600,0,1,ABT
2005-05-24,48.4,48.85,48.4,48.67,16.2084,6199800,0,1,ABT
2005-05-23,49.2,49.2,48.5,48.7,16.2184,6307600,0,1,ABT
2005-05-20,49.18,49.18,48.74,48.88,16.2784,5602700,0,1,ABT
2005-05-19,49.4,49.43,48.66,49.04,16.3317,6859100,0,1,ABT
2005-05-18,49.4,49.65,49.14,49.35,16.4349,6711100,0,1,ABT
2005-05-17,49.25,49.43,48.89,49.41,16.4549,6476000,0,1,ABT
2005-05-16,48.9,49.56,48.67,49.47,16.4749,5984700,0,1,ABT
2005-05-13,48.85,48.93,48.29,48.76,16.2384,6936800,0,1,ABT
2005-05-12,49.38,49.5,49,49.12,16.3583,5692900,0,1,ABT
2005-05-11,49.04,49.34,48.8,49.26,16.4049,8387800,0,1,ABT
2005-05-10,48.87,49.25,48.64,48.85,16.2684,5173100,0,1,ABT
2005-05-09,48.96,49.13,48.75,49.07,16.3417,5040400,0,1,ABT
2005-05-06,49.34,49.56,48.911,49.02,16.325,5289700,0,1,ABT
2005-05-05,49.49,49.5,48.6696,49.19,16.3816,7165200,0,1,ABT
2005-05-04,49.3,49.84,49.08,49.71,16.5548,7457600,0,1,ABT
2005-05-03,49.35,49.4,48.92,49.26,16.4049,7313800,0,1,ABT
2005-05-02,49,49.49,48.95,49.38,16.4449,7136500,0,1,ABT
2005-04-29,48.34,49.19,48.1,49.16,16.3716,7984500,0,1,ABT
2005-04-28,48.16,48.56,48.09,48.09,16.0153,7940600,0,1,ABT
2005-04-27,47.93,48.55,47.61,48.47,16.1418,9021200,0,1,ABT
2005-04-26,47.52,48.46,47.52,47.94,15.9653,7080600,0,1,ABT
2005-04-25,47.6,47.9,47.32,47.77,15.9087,5934900,0,1,ABT
2005-04-22,47.9,48.0008,47.22,47.57,15.8421,5826500,0,1,ABT
2005-04-21,47.75,48.19,46.76,48.1,16.0186,6969900,0,1,ABT
2005-04-20,47.8008,48.15,47.22,47.3,15.7522,7894300,0,1,ABT
2005-04-19,48.65,48.74,47.8,48.17,16.0419,8509100,0,1,ABT
2005-04-18,49.4,49.69,48.39,48.98,16.3117,14942000,0,1,ABT
2005-04-15,48.29,49.98,48.29,49.87,16.6081,20272400,0,1,ABT
2005-04-14,47.91,48.5,47.85,48.29,16.0819,9097500,0,1,ABT
2005-04-13,47.5,48.25,47.45,48.04,15.9986,7575400,0.132,1,ABT
2005-04-12,47.7028,48.08,47.05,47.9,15.8604,7763200,0,1,ABT
2005-04-11,48,48.2,47.74,47.75,15.8108,6496800,0,1,ABT
2005-04-08,48.35,48.41,47.82,47.86,15.8472,6155400,0,1,ABT
2005-04-07,47.61,48.49,47.55,48.35,16.0094,9074600,0,1,ABT
2005-04-06,47.3,47.9,47.17,47.61,15.7644,9512000,0,1,ABT
2005-04-05,46.49,47.22,46.43,47.2,15.6286,7825300,0,1,ABT
2005-04-04,46.36,46.42,45.98,46.18,15.2909,7683200,0,1,ABT
2005-04-01,46.83,46.98,46.12,46.19,15.2942,7308000,0,1,ABT
2005-03-31,46.75,47,46.54,46.62,15.4366,8676500,0,1,ABT
2005-03-30,46.15,46.78,46.03,46.75,15.4796,10563100,0,1,ABT
2005-03-29,45.5,46.05,45.38,45.75,15.1485,12520400,0,1,ABT
2005-03-28,44.95,45.34,44.6476,45.18,14.9598,7888400,0,1,ABT
2005-03-24,44.5,45.29,44.45,44.94,14.8803,6721500,0,1,ABT
2005-03-23,43.64,44.88,43.64,44.6,14.7677,8553100,0,1,ABT
2005-03-22,43.34,44.5,43.34,43.76,14.4896,7570600,0,1,ABT
2005-03-21,44.38,44.38,43.7,43.87,14.526,7746700,0,1,ABT
2005-03-18,44.31,44.9,43.83,44.47,14.7247,14699200,0,1,ABT
2005-03-17,44.25,44.88,44.08,44.53,14.7446,9139600,0,1,ABT
2005-03-16,45.43,45.55,45.12,45.42,15.0393,6441400,0,1,ABT
2005-03-15,46.12,46.23,45.61,45.66,15.1187,7973100,0,1,ABT
2005-03-14,46.0017,46.36,45.82,46.12,15.271,5765300,0,1,ABT
2005-03-11,46.2,46.28,45.97,46,15.2313,5496000,0,1,ABT
2005-03-10,45.84,46.5,45.78,46.29,15.3273,5482400,0,1,ABT
2005-03-09,46.2,46.46,45.88,45.9,15.1982,6714800,0,1,ABT
2005-03-08,46.65,46.74,46.39,46.5,15.3969,6367200,0,1,ABT
2005-03-07,46.58,46.73,46.43,46.65,15.4465,6212100,0,1,ABT
2005-03-04,46.14,46.5013,45.89,46.41,15.3671,5635600,0,1,ABT
2005-03-03,46.06,46.24,45.53,46.01,15.2346,5887800,0,1,ABT
2005-03-02,45.62,46.23,45.3,46.06,15.2512,6534500,0,1,ABT
2005-03-01,45.99,46.37,45.87,45.96,15.2181,7974500,0,1,ABT
2005-02-28,46.27,46.33,45.5036,45.99,15.228,5873600,0,1,ABT
2005-02-25,46.25,46.3,45.92,46.27,15.3207,6726100,0,1,ABT
2005-02-24,45.58,46.37,45.35,46.36,15.3505,7029500,0,1,ABT
2005-02-23,45.5,45.89,45.42,45.74,15.1452,7473300,0,1,ABT
2005-02-22,46.0033,46.5,45.4,45.44,15.0459,10219800,0,1,ABT
2005-02-18,46.56,46.56,46.1021,46.4,15.3638,8378400,0,1,ABT
2005-02-17,46.83,46.84,46.29,46.56,15.4167,5633300,0,1,ABT
2005-02-16,46.87,46.96,46.7,46.83,15.5061,5888900,0,1,ABT
2005-02-15,46.6513,47,46.48,46.87,15.5194,8228600,0,1,ABT
2005-02-14,46.1,46.59,46.032,46.49,15.3936,6531800,0,1,ABT
2005-02-11,45.15,46.45,45.09,46.2,15.2975,9076200,0,1,ABT
2005-02-10,45.41,45.42,44.87,44.98,14.8936,6051600,0,1,ABT
2005-02-09,45.35,45.55,45.15,45.16,14.9532,5890300,0,1,ABT
2005-02-08,45.4,45.61,45.15,45.28,14.9929,6093900,0,1,ABT
2005-02-07,45.5,45.848,45.45,45.59,15.0955,5251500,0,1,ABT
2005-02-04,45.46,45.69,45.32,45.52,15.0724,8925300,0,1,ABT
2005-02-03,45.73,46,45.41,45.66,15.1187,5035000,0,1,ABT
2005-02-02,45.55,45.75,45.38,45.64,15.1121,5276300,0,1,ABT
2005-02-01,45.02,45.65,44.84,45.55,15.0823,8140400,0,1,ABT
2005-01-31,45.2728,45.41,44.86,45.02,14.9068,7407600,0,1,ABT
2005-01-28,45.4,45.54,44.89,45.27,14.9896,8599200,0,1,ABT
2005-01-27,45.79,46.05,45.38,45.46,15.0525,8253800,0,1,ABT
2005-01-26,45.97,46.32,45.87,45.89,15.1949,6843400,0,1,ABT
2005-01-25,45.94,46.25,45.8,45.91,15.2015,5464100,0,1,ABT
2005-01-24,45.99,46.34,45.8487,45.93,15.2081,8083500,0,1,ABT
2005-01-21,45.6,46.18,45.55,45.98,15.2247,9754200,0,1,ABT
2005-01-20,46.0501,46.35,45.5,45.75,15.1485,9509700,0,1,ABT
2005-01-19,46.05,46.49,45.9,46.05,15.2479,8540000,0,1,ABT
2005-01-18,46.05,46.39,45.5,46.04,15.2446,10155600,0,1,ABT
2005-01-14,45.75,46.46,45.55,46.25,15.3141,9098300,0,1,ABT
2005-01-13,46.94,46.9601,45.83,46.03,15.2412,7997900,0,1,ABT
2005-01-12,46.95,47.46,46.47,46.93,15.5392,9152700,0.1247,1,ABT
2005-01-11,48,48.01,47.08,47.08,15.5028,9620800,0,1,ABT
2005-01-10,47.49,48.16,47.4,47.96,15.7926,12901400,0,1,ABT
2005-01-07,46.8,47.55,46.5,47.5,15.6411,13965400,0,1,ABT
2005-01-06,45.89,46.9,45.88,46.7,15.3777,11950100,0,1,ABT
2005-01-05,46.4,46.43,45.67,45.67,15.0385,6601200,0,1,ABT
2005-01-04,46.68,46.73,45.95,46.2,15.213,7886800,0,1,ABT
2005-01-03,46.5,46.82,46.33,46.67,15.3678,7165900,0,1,ABT
2004-12-31,46.89,46.89,46.3084,46.65,15.3612,4053900,0,1,ABT
2004-12-30,46.9715,47.3,46.8,46.92,15.4501,5359100,0,1,ABT
2004-12-29,46.36,46.8375,46.3,46.84,15.4238,4602700,0,1,ABT
2004-12-28,46.12,46.7,46.12,46.36,15.2657,4503500,0,1,ABT
2004-12-27,46.41,46.5,46.0032,46.01,15.1505,5378400,0,1,ABT
2004-12-23,46.51,46.99,46.29,46.42,15.2855,4486000,0,1,ABT
2004-12-22,46.02,46.7,45.93,46.5,15.3118,5566400,0,1,ABT
2004-12-21,46.42,46.55,45.8,46.1,15.1801,8392000,0,1,ABT
2004-12-20,46.9,47.01,46.17,46.42,15.2855,10273000,0,1,ABT
2004-12-17,46.22,47.63,46,46.99,15.4732,25249400,0,1,ABT
2004-12-16,44.55,46.3,44.35,46.19,15.2098,18594600,0,1,ABT
2004-12-15,44.2,44.41,43.98,44.35,14.6039,5278200,0,1,ABT
2004-12-14,44,44.49,43.64,44.49,14.65,6035000,0,1,ABT
2004-12-13,43.8,44.0039,43.45,43.89,14.4524,4776700,0,1,ABT
2004-12-10,42.97,44.92,42.97,43.74,14.403,6108700,0,1,ABT
2004-12-09,42.63,44.08,42.63,43.97,14.4787,6912400,0,1,ABT
2004-12-08,43.9,44.35,43.68,43.86,14.4425,7833400,0,1,ABT
2004-12-07,43.59,43.86,43.27,43.55,14.3404,6718400,0,1,ABT
2004-12-06,43.27,43.77,42.84,43.59,14.3536,6205000,0,1,ABT
2004-12-03,43.77,43.86,43.24,43.43,14.3009,5528500,0,1,ABT
2004-12-02,43,43.9,42.97,43.67,14.3799,7808400,0,1,ABT
2004-12-01,41.94,43.25,41.89,43.25,14.2416,9203600,0,1,ABT
2004-11-30,41.61,42.35,41.61,41.96,13.8169,6844300,0,1,ABT
2004-11-29,42.59,42.92,42.32,42.43,13.9716,6152500,0,1,ABT
2004-11-26,42.27,42.95,42.25,42.59,14.0243,1998900,0,1,ABT
2004-11-24,42.35,42.67,42.03,42.39,13.9585,6435300,0,1,ABT
2004-11-23,42.95,43.0773,42.15,42.25,13.9124,7826500,0,1,ABT
2004-11-22,42.91,42.94,42.15,42.87,14.1165,7597900,0,1,ABT
2004-11-19,43,43.04,42.62,42.75,14.077,9764900,0,1,ABT
2004-11-18,43.45,43.77,43.28,43.37,14.2812,7361600,0,1,ABT
2004-11-17,44.25,44.58,43.43,43.65,14.3734,8071400,0,1,ABT
2004-11-16,44.49,44.715,44.15,44.19,14.5512,6089600,0,1,ABT
2004-11-15,44.3,44.6,43.94,44.49,14.65,8353800,0,1,ABT
2004-11-12,44.55,44.83,43.67,44.18,14.5479,13839700,0,1,ABT
2004-11-11,45.06,45.48,44.9,45.3,14.9167,5886800,0,1,ABT
2004-11-10,45,45.19,44.75,45.05,14.8344,6186100,0,1,ABT
2004-11-09,44.9,45.3,44.61,45,14.8179,8333600,0,1,ABT
2004-11-08,44.7,45.18,44.28,44.96,14.8047,12284900,0,1,ABT
2004-11-05,44.55,44.6018,44,44.45,14.6368,8573300,0,1,ABT
2004-11-04,43.61,44.7,43.35,44.45,14.6368,13233400,0,1,ABT
2004-11-03,42.98,43.9,42.94,43.61,14.3602,12707700,0,1,ABT
2004-11-02,42.55,42.99,42.12,42.31,13.9321,11304900,0,1,ABT
2004-11-01,42.5,42.9579,42.27,42.74,14.0737,9146100,0,1,ABT
2004-10-29,42.57,42.75,42.38,42.63,14.0375,7650000,0,1,ABT
2004-10-28,42.2512,42.75,42.16,42.71,14.0638,6074400,0,1,ABT
2004-10-27,40.85,42.57,40.85,42.43,13.9716,10123100,0,1,ABT
2004-10-26,40.55,41.03,40.25,40.98,13.4942,7559100,0,1,ABT
2004-10-25,40.8618,40.86,40.44,40.64,13.3822,6402200,0,1,ABT
2004-10-22,41.1,41.15,40.8013,40.86,13.4547,5768400,0,1,ABT
2004-10-21,41.35,41.59,40.67,41.1,13.5337,7134000,0,1,ABT
2004-10-20,41.45,41.48,41,41.4,13.6325,5713000,0,1,ABT
2004-10-19,41.26,41.67,41.18,41.38,13.6259,9269000,0,1,ABT
2004-10-18,41.45,41.74,41.25,41.35,13.616,8833200,0,1,ABT
2004-10-15,41.7,41.88,41.27,41.36,13.6193,12143800,0,1,ABT
2004-10-14,41.35,41.63,41.002,41.01,13.504,7755300,0,1,ABT
2004-10-13,41.7,41.7025,40.94,41.15,13.5501,7758200,0.1247,1,ABT
2004-10-12,41.12,41.5967,40.99,41.51,13.5831,7115400,0,1,ABT
2004-10-11,40.84,41.38,40.84,41.17,13.4718,5165400,0,1,ABT
2004-10-08,41.0961,41.46,40.75,40.83,13.3606,6137100,0,1,ABT
2004-10-07,42.21,42.22,41.3,41.33,13.5242,9908200,0,1,ABT
2004-10-06,42.35,42.37,41.95,42.2,13.8089,3712700,0,1,ABT
2004-10-05,42.2,42.41,42.05,42.28,13.835,5495400,0,1,ABT
2004-10-04,42.2,42.48,41.8535,42.2,13.8089,12476400,0,1,ABT
2004-10-01,42.45,42.86,42.13,42.19,13.8056,9799700,0,1,ABT
2004-09-30,42.41,42.56,41.92,42.36,13.8612,10146900,0,1,ABT
2004-09-29,42.4,42.41,42.02,42.31,13.8449,5858800,0,1,ABT
2004-09-28,42.3008,42.8,42.14,42.51,13.9103,7473100,0,1,ABT
2004-09-27,42.17,42.68,42.12,42.43,13.8841,7018500,0,1,ABT
2004-09-24,42.26,42.46,42.21,42.34,13.8547,5658600,0,1,ABT
2004-09-23,42.13,42.5,42.12,42.37,13.8645,7969300,0,1,ABT
2004-09-22,42.6,42.68,41.92,42.01,13.7467,8414700,0,1,ABT
2004-09-21,42.5,43.1992,42.29,43.04,14.0837,6496600,0,1,ABT
2004-09-20,42.75,42.93,42.46,42.59,13.9365,5192900,0,1,ABT
2004-09-17,42.88,43.16,42.77,42.92,14.0445,6919300,0,1,ABT
2004-09-16,42.62,42.8883,42.55,42.69,13.9692,3671300,0,1,ABT
2004-09-15,42.85,43.07,42.49,42.51,13.9103,6595400,0,1,ABT
2004-09-14,42.85,42.99,42.55,42.94,14.051,6700000,0,1,ABT
2004-09-13,42.25,42.95,42.1,42.95,14.0543,5922800,0,1,ABT
2004-09-10,41.8,42.41,41.7,42.31,13.8449,4535800,0,1,ABT
2004-09-09,42.12,42.22,41.88,42,13.7434,5190000,0,1,ABT
2004-09-08,42.2,42.3,41.9,42.17,13.799,6479300,0,1,ABT
2004-09-07,42.67,42.9613,41.9,42.08,13.7696,8979900,0,1,ABT
2004-09-03,42.67,43.04,42.62,42.67,13.9627,5971400,0,1,ABT
2004-09-02,42.06,42.81,42.06,42.59,13.9397,6629000,0,1,ABT
2004-09-01,41.69,42.1,41.52,42.06,13.763,6553300,0,1,ABT
2004-08-31,41.35,41.69,41.12,41.69,13.642,5533700,0,1,ABT
2004-08-30,41.51,41.51,41.2,41.22,13.4882,3189400,0,1,ABT
2004-08-27,41.18,41.59,41.16,41.51,13.5831,4437800,0,1,ABT
2004-08-26,41.35,41.58,41.17,41.22,13.4882,4014300,0,1,ABT
2004-08-25,41,41.54,40.958,41.45,13.5634,5609600,0,1,ABT
2004-08-24,41.15,41.34,40.94,41,13.4162,3562700,0,1,ABT
2004-08-23,41.09,41.45,40.85,40.88,13.3769,4666100,0,1,ABT
2004-08-20,40.71,41.16,40.59,41.01,13.4195,7164200,0,1,ABT
2004-08-19,40.52,40.8,40.25,40.71,13.3213,7430800,0,1,ABT
2004-08-18,40,40.6,39.76,40.59,13.282,5195400,0,1,ABT
2004-08-17,40.4,40.4,39.9,40,13.089,8861800,0,1,ABT
2004-08-16,39.7,40.2,39.47,40,13.089,7235300,0,1,ABT
2004-08-13,39.63,39.75,39.25,39.59,12.9548,3747600,0,1,ABT
2004-08-12,39.48,39.86,39.34,39.63,12.9679,5861600,0,1,ABT
2004-08-11,38.9,39.92,38.847,39.78,13.017,6263200,0,1,ABT
2004-08-10,38.7,39.06,38.26,39.05,12.7781,5017500,0,1,ABT
2004-08-09,38.4,38.7018,38.31,38.36,12.5523,7684400,0,1,ABT
2004-08-06,38.63,38.93,38.35,38.69,12.6603,7422000,0,1,ABT
2004-08-05,38.95,39.22,38.7,38.71,12.6668,5597900,0,1,ABT
2004-08-04,38.73,39.22,38.55,39.13,12.8043,4921400,0,1,ABT
2004-08-03,39.11,39.5438,38.97,39.17,12.8174,5041800,0,1,ABT
2004-08-02,39.35,39.48,39.11,39.26,12.8468,4125800,0,1,ABT
2004-07-30,39.16,39.48,38.98,39.35,12.8763,5065600,0,1,ABT
2004-07-29,39.05,39.3982,38.75,39.15,12.8108,4733800,0,1,ABT
2004-07-28,39,39.18,38.27,39.05,12.7781,5865700,0,1,ABT
2004-07-27,38.66,39.25,38.33,39.19,12.8239,6266100,0,1,ABT
2004-07-26,38.65,38.75,38.28,38.51,12.6014,4502200,0,1,ABT
2004-07-23,39.27,39.34,38.4,38.63,12.6407,5813800,0,1,ABT
2004-07-22,38.7,39.47,38.7,39.27,12.8501,5510600,0,1,ABT
2004-07-21,39.46,39.95,38.75,38.76,12.6832,5810300,0,1,ABT
2004-07-20,39.13,39.46,38.95,39.37,12.8828,4349500,0,1,ABT
2004-07-19,39.31,39.53,38.89,39.13,12.8043,5950600,0,1,ABT
2004-07-16,40.08,40.08,39.04,39.1,12.7945,7990800,0,1,ABT
2004-07-15,40.1,40.42,39.74,39.77,13.0137,7201300,0,1,ABT
2004-07-14,39.95,40.37,39.52,39.77,13.0137,8547300,0,1,ABT
2004-07-13,40.01,40.36,40,40.28,13.1806,8100600,0.1247,1,ABT
2004-07-12,40.1,40.69,39.81,40.4,13.1348,8237800,0,1,ABT
2004-07-09,40.85,40.9,39.8022,39.9,12.9722,10993100,0,1,ABT
2004-07-08,39.58,40.63,39.53,40.28,13.0958,9557500,0,1,ABT
2004-07-07,39.75,40.1,39.35,39.58,12.8682,7051800,0,1,ABT
2004-07-06,40.25,40.42,39.79,39.79,12.9365,8833600,0,1,ABT
2004-07-02,40.59,40.91,40.42,40.59,13.1965,4257100,0,1,ABT
2004-07-01,40.8,41.1481,40.21,40.72,13.2388,8998300,0,1,ABT
2004-06-30,41.3,41.3015,40.41,40.76,13.2518,8112700,0,1,ABT
2004-06-29,40.77,41.47,40.71,41.3,13.4274,7822400,0,1,ABT
2004-06-28,40.8,41.15,40.6,40.78,13.2583,9677100,0,1,ABT
2004-06-25,41.91,41.95,40.51,40.56,13.1868,14331800,0,1,ABT
2004-06-24,41.58,41.95,41,41.91,13.6257,13197500,0,1,ABT
2004-06-23,42.0183,42.1,41.69,41.95,13.6387,5902600,0,1,ABT
2004-06-22,42.48,42.8531,41.57,42.02,13.6615,12784900,0,1,ABT
2004-06-21,43,43.0079,42.55,42.56,13.837,6214600,0,1,ABT
2004-06-18,43.18,43.26,42.78,43,13.9801,8812000,0,1,ABT
2004-06-17,42.75,43.24,42.59,43.18,14.0386,5532900,0,1,ABT
2004-06-16,42.88,42.97,42.75,42.84,13.9281,5529800,0,1,ABT
2004-06-15,42.75,43.19,42.56,43,13.9801,15291100,0,1,ABT
2004-06-14,42.4,42.85,42.2814,42.59,13.8468,6905300,0,1,ABT
2004-06-10,42.5,42.87,42.41,42.7,13.8825,7283600,0,1,ABT
2004-06-09,42.71,42.79,42.32,42.57,13.8403,6862200,0,1,ABT
2004-06-08,42.1519,42.75,42.13,42.7,13.8825,6201900,0,1,ABT
2004-06-07,41.95,42.32,41.95,42.31,13.7558,7090200,0,1,ABT
2004-06-04,41.25,41.82,41.19,41.74,13.5704,7217100,0,1,ABT
2004-06-03,40.83,41.44,40.8,41.15,13.3786,5126900,0,1,ABT
2004-06-02,41.25,41.26,40.77,41.2,13.3949,5274600,0,1,ABT
2004-06-01,41.06,41.2,40.8,41.01,13.3331,5808000,0,1,ABT
2004-05-28,41.61,41.71,40.8,41.21,13.3981,6109200,0,1,ABT
2004-05-27,41.3,41.63,41.05,41.55,13.5087,6174400,0,1,ABT
2004-05-26,40.57,41.14,40.4,41.04,13.3428,6278600,0,1,ABT
2004-05-25,39.6391,40.65,39.43,40.62,13.2063,8599200,0,1,ABT
2004-05-24,40.12,40.21,39.54,39.55,12.8584,8088700,0,1,ABT
2004-05-21,40.35,40.43,39.8882,39.95,12.9885,7990400,0,1,ABT
2004-05-20,40.63,40.73,40.19,40.26,13.0893,6330900,0,1,ABT
2004-05-19,41.5,41.5,40.76,40.83,13.2746,6679400,0,1,ABT
2004-05-18,41.48,41.49,40.91,40.99,13.3266,5501800,0,1,ABT
2004-05-17,40.9,41.55,40.77,41.08,13.3559,6917200,0,1,ABT
2004-05-14,41,41.72,40.89,41.15,13.3786,5791900,0,1,ABT
2004-05-13,40.82,41.3,40.74,41,13.3298,6107900,0,1,ABT
2004-05-12,40.53,41.45,40.5,41.22,13.4014,6333400,0,1,ABT
2004-05-11,40.33,40.97,40.33,40.93,13.3071,5641100,0,1,ABT
2004-05-10,41.45,41.6,40.56,40.79,13.2616,9058300,0,1,ABT
2004-05-07,41.99,42.38,41.45,41.5,13.4924,6086400,0,1,ABT
2004-05-06,41.97,42.23,41.8,41.99,13.6517,5943700,0,1,ABT
2004-05-05,41.5,42.25,41.5,41.97,13.6452,6947200,0,1,ABT
2004-05-04,42.32,42.32,41.56,41.78,13.5834,8566600,0,1,ABT
2004-05-03,41.37,42.5,41.17,42.32,13.759,13175600,0,1.0688,ABT
2004-04-30,44.4,44.63,44.02,44.02,13.39,8936400,0,1,ABT
2004-04-29,44.16,44.67,44.09,44.4,13.5056,9323400,0,1,ABT
2004-04-28,44.19,44.31,43.86,44.15,13.4296,10475400,0,1,ABT
2004-04-27,44,44.64,43.8,44.42,13.5117,9817600,0,1,ABT
2004-04-26,44.04,44.07,43.8,44,13.3839,7809700,0,1,ABT
2004-04-23,44,44.32,43.77,43.9,13.3535,8371800,0,1,ABT
2004-04-22,42.87,44.27,42.61,44.25,13.46,11197700,0,1,ABT
2004-04-21,43.06,43.64,42.89,43.12,13.1163,12883900,0,1,ABT
2004-04-20,44.25,44.3,43.23,43.23,13.1497,9128100,0,1,ABT
2004-04-19,43.82,44.21,43.25,44.2,13.4448,10943500,0,1,ABT
2004-04-16,44,44.4,43.5,44.13,13.4235,14765700,0,1,ABT
2004-04-15,41.85,44.15,41.78,43.97,13.3748,23213000,0,1,ABT
2004-04-14,40.05,41.99,40,41.96,12.7634,16848400,0,1,ABT
2004-04-13,40.95,41.25,40.25,40.25,12.2433,17481200,0.1167,1,ABT
2004-04-12,41.25,41.64,40.8,41.2,12.4532,19774900,0,1,ABT
2004-04-08,43.3,43.45,42.16,42.32,12.7917,15125000,0,1,ABT
2004-04-07,43.22,43.34,42.72,42.75,12.9217,13725900,0,1,ABT
2004-04-06,42.85,43.25,42.69,43.19,13.0547,8192500,0,1,ABT
2004-04-05,42.43,42.94,42.329,42.89,12.964,12295900,0,1,ABT
2004-04-02,42.44,42.49,42.04,42.37,12.8068,10817600,0,1,ABT
2004-04-01,41.25,42.15,41.2,41.85,12.6496,10479300,0,1,ABT
2004-03-31,41.04,41.4,40.8,41.1,12.4229,9788400,0,1,ABT
2004-03-30,40.7,41.04,40.51,40.96,12.3806,8813600,0,1,ABT
2004-03-29,40.4,40.71,40.1,40.57,12.2627,10740300,0,1,ABT
2004-03-26,39.6,40.38,39.6,40.14,12.1328,8442800,0,1,ABT
2004-03-25,39.4,40.14,39.38,39.81,12.033,10294400,0,1,ABT
2004-03-24,39.96,40.25,39.28,39.35,11.894,10956200,0,1,ABT
2004-03-23,39.8,40.3,39.8,40.04,12.1025,9696700,0,1,ABT
2004-03-22,40,40.24,39.45,39.61,11.9726,9386400,0,1,ABT
2004-03-19,40.2,40.62,40.07,40.21,12.1539,11661500,0,1,ABT
2004-03-18,40.38,40.64,39.82,40.09,12.1176,20121000,0,1,ABT
2004-03-17,41.6,41.65,40,40.63,12.2809,20303400,0,1,ABT
2004-03-16,41.4,41.83,41.21,41.56,12.562,10704200,0,1,ABT
2004-03-15,41.2,41.44,40.66,40.7,12.302,8756100,0,1,ABT
2004-03-12,41.6,41.63,41.11,41.44,12.5257,10144600,0,1,ABT
2004-03-11,41.45,41.87,41.16,41.52,12.5499,13991200,0,1,ABT
2004-03-10,42.3,42.33,41.35,41.45,12.5287,14340900,0,1,ABT
2004-03-09,43,43.33,42.25,42.4,12.8159,9388900,0,1,ABT
2004-03-08,43.58,43.64,43.06,43.15,13.0426,8414100,0,1,ABT
2004-03-05,43.45,43.89,43.33,43.58,13.1725,10792800,0,1,ABT
2004-03-04,43.7,43.88,43.4,43.63,13.1877,6245300,0,1,ABT
2004-03-03,43.62,43.99,43.29,43.93,13.2783,7616200,0,1,ABT
2004-03-02,43.18,43.79,43.1629,43.61,13.1816,8678400,0,1,ABT
2004-03-01,42.8,43.58,42.58,43.4,13.1181,8070400,0,1,ABT
2004-02-27,42.8,43.25,42.56,42.8,12.9368,8220500,0,1,ABT
2004-02-26,43.28,43.47,42.95,43.05,13.0123,8507000,0,1,ABT
2004-02-25,43.5,43.66,43.25,43.5,13.1484,6074100,0,1,ABT
2004-02-24,43.46,43.72,43.21,43.55,13.1635,7895100,0,1,ABT
2004-02-23,43.5,43.93,43.36,43.72,13.2149,6770500,0,1,ABT
2004-02-20,43.5,44.05,43.27,43.38,13.1121,9550800,0,1,ABT
2004-02-19,44.54,44.54,43.18,43.34,13.1,19640400,0,1,ABT
2004-02-18,44.77,45,44.4962,44.59,13.4778,12227100,0,1,ABT
2004-02-17,44.4058,45.1,44.41,45,13.6018,10795500,0,1,ABT
2004-02-13,43.77,44.44,43.77,44.31,13.3932,9484900,0,1,ABT
2004-02-12,44.35,44.43,43.71,43.77,13.23,8324900,0,1,ABT
2004-02-11,44.27,44.85,43.8515,44.6,13.4808,9177500,0,1,ABT
2004-02-10,44.25,44.5,44.01,44.1,13.3297,7314200,0,1,ABT
2004-02-09,44.5,44.59,43.96,44.36,13.4083,8492700,0,1,ABT
2004-02-06,44.45,44.66,44.09,44.37,13.4113,6350700,0,1,ABT
2004-02-05,44.2,44.6515,44.13,44.57,13.4718,8244400,0,1,ABT
2004-02-04,44.25,44.7,43.95,44.26,13.3781,16355900,0,1,ABT
2004-02-03,43.7,44.25,43.2,44.25,13.375,10066200,0,1,ABT
2004-02-02,43.12,43.74,42.9,43.48,13.1423,10008500,0,1,ABT
2004-01-30,43.76,43.7719,42.9,43.08,13.0214,10103100,0,1,ABT
2004-01-29,43.5,43.83,43.32,43.75,13.2239,11907200,0,1,ABT
2004-01-28,43.48,44.09,43.48,43.8,13.239,10578900,0,1,ABT
2004-01-27,43.57,43.9,43.25,43.39,13.1151,9324500,0,1,ABT
2004-01-26,42.99,44,42.99,43.88,13.2632,9474300,0,1,ABT
2004-01-23,43.28,43.65,42.9184,42.97,12.9882,9337000,0,1,ABT
2004-01-22,43.55,43.73,43.05,43.08,13.0214,13756900,0,1,ABT
2004-01-21,43.25,44.11,43.06,43.7,13.2088,13352600,0,1,ABT
2004-01-20,43.35,43.74,43.21,43.28,13.0819,11832400,0,1,ABT
2004-01-16,43.73,44.4,43.14,43.25,13.0728,24586400,0,1,ABT
2004-01-15,44.25,44.99,43.9,44.95,13.5866,9916400,0,1,ABT
2004-01-14,44.43,44.59,43.81,44.5,13.4506,10334900,0,1,ABT
2004-01-13,44.19,44.45,43.7,44.43,13.4295,8743800,0.11,1,ABT
2004-01-12,44.93,44.97,44.29,44.44,13.3584,11558500,0,1,ABT
2004-01-09,45.26,45.6,44.9,44.93,13.5057,13285500,0,1,ABT
2004-01-08,45.5,45.55,45.11,45.52,13.6831,17053700,0,1,ABT
2004-01-07,46.45,46.9,46.15,46.9,14.0979,7774200,0,1,ABT
2004-01-06,46.45,46.69,46.16,46.41,13.9506,7790500,0,1,ABT
2004-01-05,47.1,47.25,46.2,46.75,14.0528,14395700,0,1,ABT
2004-01-02,46.6,47.15,46.34,46.75,14.0528,6894100,0,1,ABT
2003-12-31,46.7,46.8,46.41,46.6,14.0077,7921800,0,1,ABT
2003-12-30,46.8,47.11,46.45,46.57,13.9987,7023700,0,1,ABT
2003-12-29,46.74,47.15,46.63,47.15,14.173,7325100,0,1,ABT
2003-12-26,46.8,47,46.52,46.84,14.0799,2943900,0,1,ABT
2003-12-24,46.5,46.94,46.19,46.86,14.0859,4431600,0,1,ABT
2003-12-23,46.1,46.55,46.06,46.51,13.9807,7450800,0,1,ABT
2003-12-22,46.28,46.5,46.05,46.3,13.9175,7929900,0,1,ABT
2003-12-19,46.6,46.6,46.13,46.4,13.9476,12017000,0,1,ABT
2003-12-18,45.75,46.74,45.69,46.57,13.9987,13557500,0,1,ABT
2003-12-17,45.65,45.88,45.09,45.6,13.7071,6856100,0,1,ABT
2003-12-16,45.75,46.03,45.71,45.9,13.7973,5941200,0,1,ABT
2003-12-15,45.84,46.05,45.6,45.65,13.7221,5939900,0,1,ABT
2003-12-12,45.97,45.97,45.3,45.83,13.7763,5163800,0,1,ABT
2003-12-11,45.6,45.95,45.355,45.76,13.7552,6189800,0,1,ABT
2003-12-10,45.67,45.7,45.23,45.36,13.635,6722100,0,1,ABT
2003-12-09,45.22,45.89,45.18,45.56,13.6951,7098300,0,1,ABT
2003-12-08,44.96,45.41,44.78,45.31,13.6199,6412000,0,1,ABT
2003-12-05,45.38,45.3767,44.27,44.96,13.5147,6264900,0,1,ABT
2003-12-04,45.37,45.5,45.09,45.35,13.632,5974300,0,1,ABT
2003-12-03,45.5,46,45.19,45.28,13.6109,7994300,0,1,ABT
2003-12-02,45.03,45.26,44.6591,45.26,13.6049,9048900,0,1,ABT
2003-12-01,44.45,45.82,44.3465,44.99,13.5238,8760100,0,1,ABT
2003-11-28,44.45,44.49,44.2,44.2,13.2863,2098100,0,1,ABT
2003-11-26,44.48,44.74,43.85,44.6,13.4065,7470800,0,1,ABT
2003-11-25,44.58,44.61,43.84,44.46,13.3644,7897600,0,1,ABT
2003-11-24,43.67,44.69,43.59,44.58,13.4005,9443100,0,1,ABT
2003-11-21,43.54,43.9,43.43,43.67,13.127,7730000,0,1,ABT
2003-11-20,44.3349,44.33,43.36,43.54,13.0879,6902800,0,1,ABT
2003-11-19,44.75,44.9,44.13,44.36,13.3344,7756900,0,1,ABT
2003-11-18,44.5,44.79,44,44.08,13.2502,7445800,0,1,ABT
2003-11-17,44.2,44.25,43.62,44.16,13.2743,7054300,0,1,ABT
2003-11-14,44.6,44.99,43.5,44.2,13.2863,15239600,0,1,ABT
2003-11-13,41.8,44.1,41.65,43.86,13.1841,15694400,0,1,ABT
2003-11-12,41.72,41.92,41.38,41.83,12.5739,6460600,0,1,ABT
2003-11-11,41.23,41.86,41.06,41.67,12.5258,5657300,0,1,ABT
2003-11-10,41.61,41.64,41.05,41.37,12.4356,7112900,0,1,ABT
2003-11-07,42.33,42.33,41.29,41.51,12.4777,9131900,0,1,ABT
2003-11-06,39.95,42.34,39.95,42.25,12.7001,5481400,0,1,ABT
2003-11-05,41.83,42.32,41,42.31,12.7182,6719000,0,1,ABT
2003-11-04,42.45,42.45,41.5913,41.83,12.5739,9168800,0,1,ABT
2003-11-03,42.6494,42.94,42.48,42.8,12.8655,5491200,0,1,ABT
2003-10-31,42.8476,42.99,42.4,42.62,12.8113,6279400,0,1,ABT
2003-10-30,42.9,43,42.48,42.94,12.9075,8244800,0,1,ABT
2003-10-29,42.45,43,41.9,42.89,12.8925,11630400,0,1,ABT
2003-10-28,41.5,42.5,41.3,42.45,12.7602,8884700,0,1,ABT
2003-10-27,41.76,41.97,41.31,41.43,12.4536,4812200,0,1,ABT
2003-10-24,41.4,41.78,40.98,41.76,12.5528,6355500,0,1,ABT
2003-10-23,41.08,41.65,41.04,41.62,12.5108,7772400,0,1,ABT
2003-10-22,42.5,42.5,40.98,41.02,12.3304,9890500,0,1,ABT
2003-10-21,42.4,42.68,41.94,42.5,12.7753,6518700,0,1,ABT
2003-10-20,41.79,42.35,41.49,42.25,12.7001,9553100,0,1,ABT
2003-10-17,42.26,42.45,41.55,41.78,12.5588,8155600,0,1,ABT
2003-10-16,41.91,42.62,41.91,42.25,12.7001,8214400,0,1,ABT
2003-10-15,42.2,42.35,41.69,41.93,12.6039,8786700,0,1,ABT
2003-10-14,41.88,42.2,41.5,42.1,12.655,8861800,0,1,ABT
2003-10-13,41.9983,42.31,41.85,42.01,12.628,6536800,0,1,ABT
2003-10-10,42.2,42.31,40.94,41.79,12.5619,8253400,0.11,1,ABT
2003-10-09,42.75,42.85,42.1,42.2,12.6114,12367600,0,1,ABT
2003-10-08,42.4,42.43,41.66,41.95,12.5367,7689200,0,1,ABT
2003-10-07,42.3,42.37,42,42.2,12.6114,9109000,0,1,ABT
2003-10-06,42.63,43.05,42.44,42.74,12.7728,6198800,0,1,ABT
2003-10-03,43.13,43.85,42.6,42.63,12.74,9476400,0,1,ABT
2003-10-02,42.79,43.2774,42.65,43.15,12.8954,9901600,0,1,ABT
2003-10-01,42.15,42.97,41.9,42.78,12.7848,10470600,0,1,ABT
2003-09-30,42.5,42.84,42.07,42.55,12.716,10315700,0,1,ABT
2003-09-29,42.335,42.99,42.15,42.55,12.716,8107100,0,1,ABT
2003-09-26,42.1,42.619,41.87,42.32,12.6473,8689800,0,1,ABT
2003-09-25,41.8,42.59,41.73,42.1,12.5816,7244000,0,1,ABT
2003-09-24,42.85,42.95,41.9,42.1,12.5816,8964100,0,1,ABT
2003-09-23,42.7,43.15,42.03,43.03,12.8595,6720700,0,1,ABT
2003-09-22,42.7,43.17,42.26,42.71,12.7639,8306300,0,1,ABT
2003-09-19,44.1,44.1,43.4,43.46,12.988,7866800,0,1,ABT
2003-09-18,43.95,44.42,43.92,44.11,13.1823,6398200,0,1,ABT
2003-09-17,44.0019,44.22,43.77,44.05,13.1643,6954900,0,1,ABT
2003-09-16,43.68,43.96,43.5,43.93,13.1285,6720500,0,1,ABT
2003-09-15,44.06,44.12,43.6,43.74,13.0717,7145800,0,1,ABT
2003-09-12,43.4,44.19,43.03,44.06,13.1673,7831500,0,1,ABT
2003-09-11,43.29,43.98,43.29,43.57,13.0209,7949100,0,1,ABT
2003-09-10,42.32,43.88,42.32,43.28,12.9342,10618700,0,1,ABT
2003-09-09,42.79,42.83,42.19,42.32,12.6473,6162700,0,1,ABT
2003-09-08,42.04,42.82,42.0127,42.8,12.7908,8850900,0,1,ABT
2003-09-05,41.2,42,41.16,42,12.5517,9976000,0,1,ABT
2003-09-04,41.7513,41.79,41.15,41.2,12.3126,6992000,0,1,ABT
2003-09-03,41.5,41.8,41.3,41.75,12.477,10299200,0,1,ABT
2003-09-02,40.55,41.22,40.3,41.15,12.2977,10146700,0,1,ABT
2003-08-29,39.83,40.39,39.59,40.3,12.0436,7113500,0,1,ABT
2003-08-28,39.84,40,39.11,39.82,11.9002,6203000,0,1,ABT
2003-08-27,39.9,39.9817,39.53,39.7,11.8643,7791700,0,1,ABT
2003-08-26,39.57,40.1,39.57,39.95,11.939,12247800,0,1,ABT
2003-08-25,38.93,39.91,38.43,39.59,11.8315,12998100,0,1,ABT
2003-08-22,39.8,39.8,38.8,38.98,11.6492,17169800,0,1,ABT
2003-08-21,39.04,39.16,38.35,38.6,11.5356,10437800,0,1,ABT
2003-08-20,39.2,39.3819,38.67,39,11.6551,10547300,0,1,ABT
2003-08-19,39.9,39.9,39.23,39.53,11.8135,7047500,0,1,ABT
2003-08-18,40,40.06,39.4,39.79,11.8912,6337200,0,1,ABT
2003-08-15,39.55,39.75,39.15,39.68,11.8583,5863200,0,1,ABT
2003-08-14,39.38,39.78,39.23,39.6,11.8344,7129000,0,1,ABT
2003-08-13,39.6,39.7,39.17,39.42,11.7807,6124000,0,1,ABT
2003-08-12,39.85,39.9925,39.06,39.57,11.8255,8751500,0,1,ABT
2003-08-11,39.9,40.17,39.4,39.6,11.8344,5386200,0,1,ABT
2003-08-08,40.29,40.5,39.71,39.9,11.9241,7244000,0,1,ABT
2003-08-07,38.61,39.99,38.179,39.91,11.9271,12937400,0,1,ABT
2003-08-06,37.77,39.0418,37.66,38.6,11.5356,11583900,0,1,ABT
2003-08-05,38.55,38.88,37.65,37.85,11.3115,10896200,0,1,ABT
2003-08-04,38.54,38.5491,37.79,38.5,11.5057,8415700,0,1,ABT
2003-08-01,39.25,39.258,38.31,38.54,11.5177,8245500,0,1,ABT
2003-07-31,39.85,40.095,38.88,39.25,11.7298,9133800,0,1,ABT
2003-07-30,39.0506,39.37,38.5,39.28,11.7388,14739000,0,1,ABT
2003-07-29,39.5,39.5,38.6,38.91,11.6282,13801300,0,1,ABT
2003-07-28,40.23,40.23,39.15,39.35,11.7597,12802200,0,1,ABT
2003-07-25,40.01,40.55,39.75,40.23,12.0227,9444700,0,1,ABT
2003-07-24,40.6,41.23,39.98,40.01,11.957,12062500,0,1,ABT
2003-07-23,41,41.06,40.1,40.8,12.1931,13661700,0,1,ABT
2003-07-22,41.31,41.76,40.45,41.44,12.3843,9230000,0,1,ABT
2003-07-21,41.39,41.41,40.7,41.3,12.3425,8249800,0,1,ABT
2003-07-18,40.83,41.68,40.83,41.4,12.3724,9441200,0,1,ABT
2003-07-17,42.41,42.95,41.61,42.05,12.5666,6512500,0,1,ABT
2003-07-16,43.1,43.27,42.18,42.4,12.6712,8236700,0,1,ABT
2003-07-15,44.1,44.31,42.91,43.15,12.8954,13440100,0,1,ABT
2003-07-14,44.26,44.8,43.95,44.04,13.1613,7423500,0,1,ABT
2003-07-11,43.42,44.18,43.21,44.02,13.1554,7537900,0.11,1,ABT
2003-07-10,43,43.74,42.4,43.55,12.9417,12135400,0,1,ABT
2003-07-09,44.21,44.65,43.52,43.68,12.9803,5974300,0,1,ABT
2003-07-08,44.98,45.09,44.34,44.5,13.224,5690400,0,1,ABT
2003-07-07,44.23,44.98,44.06,44.98,13.3666,7886200,0,1,ABT
2003-07-03,44.13,44.62,43.8,44.22,13.1408,3749600,0,1,ABT
2003-07-02,43.4,44.3231,43.25,44.18,13.1289,6471800,0,1,ABT
2003-07-01,43.65,43.79,42.3,43.55,12.9417,10387400,0,1,ABT
2003-06-30,43.8,44.25,43.35,43.76,13.0041,6366400,0,1,ABT
2003-06-27,44.82,44.82,43.2993,43.6,12.9565,8261500,0,1,ABT
2003-06-26,44.3,44.99,44,44.82,13.3191,5585400,0,1,ABT
2003-06-25,44.7,45.15,44.35,44.36,13.1824,7275700,0,1,ABT
2003-06-24,44.5,44.919,44.11,44.43,13.2032,6807400,0,1,ABT
2003-06-23,45.45,45.5,44.05,44.35,13.1794,7930300,0,1,ABT
2003-06-20,45.9,46.24,45.4001,45.61,13.5538,11536600,0,1,ABT
2003-06-19,46.35,46.36,45.1,45.6,13.5509,8203400,0,1,ABT
2003-06-18,46.5,46.5966,45.78,46,13.6697,8606700,0,1,ABT
2003-06-17,46.5,46.94,46.25,46.5,13.8183,10971200,0,1,ABT
2003-06-16,45.61,46.45,45.46,46.22,13.7351,8463500,0,1,ABT
2003-06-13,45.85,45.94,45.41,45.6,13.5509,6977000,0,1,ABT
2003-06-12,45.84,45.85,45.29,45.73,13.5895,5860500,0,1,ABT
2003-06-11,45.51,45.79,45.34,45.6,13.5509,8230300,0,1,ABT
2003-06-10,45.38,45.74,44.96,45.68,13.5746,5415100,0,1,ABT
2003-06-09,45.22,45.75,44.71,44.89,13.3399,5906600,0,1,ABT
2003-06-06,45.35,46.39,45.05,45.21,13.435,7789200,0,1,ABT
2003-06-05,44.4,45.2585,44.2,45.24,13.4439,6426400,0,1,ABT
2003-06-04,45.24,45.24,43.85,44.66,13.2715,5351100,0,1,ABT
2003-06-03,44,44.4,43.6486,44.05,13.0903,7021000,0,1,ABT
2003-06-02,44.8,44.89,43.8,43.93,13.0546,7967200,0,1,ABT
2003-05-30,44.2,45.04,43.86,44.55,13.2389,11154200,0,1,ABT
2003-05-29,45.6,45.6,43.67,43.82,13.0219,13933300,0,1,ABT
2003-05-28,42.94,43.58,42.7979,43.55,12.9417,8729000,0,1,ABT
2003-05-27,42.08,43,41.7,42.94,12.7604,6518700,0,1,ABT
2003-05-23,41.9016,42.41,41.6,42.08,12.5048,3803800,0,1,ABT
2003-05-22,41.42,42.55,41.41,41.95,12.4662,8313200,0,1,ABT
2003-05-21,41,41.79,40.83,41.4,12.3028,7347000,0,1,ABT
2003-05-20,41.0006,41.37,40.67,41,12.1839,8555000,0,1,ABT
2003-05-19,42.95,42.95,41,41.24,12.2552,11751500,0,1,ABT
2003-05-16,44,44.2,43.05,43.05,12.7931,8960600,0,1,ABT
2003-05-15,43.63,44.09,43.35,43.92,13.0516,9019100,0,1,ABT
2003-05-14,43.48,43.5,42.87,43.1,12.808,6558100,0,1,ABT
2003-05-13,43.27,43.75,43.1,43.47,12.9179,9235900,0,1,ABT
2003-05-12,42.95,43.23,42.5,43.22,12.8436,7535600,0,1,ABT
2003-05-09,43.1,43.5,42.8493,43.38,12.8912,7596700,0,1,ABT
2003-05-08,42.55,43.22,42.51,42.85,12.7337,8828400,0,1,ABT
2003-05-07,42.4,43.1,41.67,42.7,12.6891,9386800,0,1,ABT
2003-05-06,41.9,42.46,41.62,42.4,12.5999,7209200,0,1,ABT
2003-05-05,42.32,42.39,41.35,41.52,12.3384,5652500,0,1,ABT
2003-05-02,41.22,42.47,40.86,42.31,12.5732,10334500,0,1,ABT
2003-05-01,40.62,41.61,40.05,41.22,12.2493,7102100,0,1,ABT
2003-04-30,40.4,41.12,40,40.63,12.0739,8014300,0,1,ABT
2003-04-29,40.38,40.82,39.71,40.62,12.071,6702700,0,1,ABT
2003-04-28,39.3,40.44,39.22,40.17,11.9372,4709800,0,1,ABT
2003-04-25,40.08,40.22,39.41,39.49,11.7352,6788600,0,1,ABT
2003-04-24,39.8,40.17,39.59,39.92,11.863,8208400,0,1,ABT
2003-04-23,39.4,39.98,39.37,39.9,11.857,5768600,0,1,ABT
2003-04-22,38.85,39.78,38.51,39.7,11.7976,7719800,0,1,ABT
2003-04-21,39.64,39.787,38.7,38.95,11.5747,6834300,0,1,ABT
2003-04-17,38.68,39.64,38.68,39.64,11.7798,6741300,0,1,ABT
2003-04-16,39.81,39.84,38.46,38.68,11.4945,5549600,0,1,ABT
2003-04-15,40,40.01,39.1,39.56,11.756,9512900,0,1,ABT
2003-04-14,39.33,40.15,39.1984,40.14,11.9283,6881600,0,1,ABT
2003-04-11,39.93,40.6483,38.89,39.12,11.6252,8203200,0.11,1,ABT
2003-04-10,40.22,40.22,39.85,40.11,11.8466,6431000,0,1,ABT
2003-04-09,40.4,40.8,39.131,40.21,11.8762,16184400,0,1,ABT
2003-04-08,40.3,40.45,39.72,39.93,11.7935,6954500,0,1,ABT
2003-04-07,40.9,41.0216,40.05,40.17,11.8643,9092100,0,1,ABT
2003-04-04,39.5992,40.23,39.55,40.18,11.8673,6663100,0,1,ABT
2003-04-03,40.28,40.28,39.38,39.38,11.631,8574600,0,1,ABT
2003-04-02,39.65,40.7,39.645,40.35,11.9175,10150200,0,1,ABT
2003-04-01,37.6179,38.96,37.57,38.91,11.4922,8200900,0,1,ABT
2003-03-31,37.5,37.91,37.04,37.61,11.1082,9473300,0,1,ABT
2003-03-28,38.15,38.4,37.95,38.21,11.2854,6923700,0,1,ABT
2003-03-27,38.33,38.9,38,38.52,11.377,8662700,0,1,ABT
2003-03-26,38.75,38.98,38.5456,38.85,11.4745,6845500,0,1,ABT
2003-03-25,38.35,39.245,37.85,38.98,11.5129,8315300,0,1,ABT
2003-03-24,38.4,38.41,37.8008,38.35,11.3268,9937200,0,1,ABT
2003-03-21,38.47,39.43,38.01,39.29,11.6044,10046800,0,1,ABT
2003-03-20,37.57,38.11,37.16,37.73,11.1437,8093700,0,1,ABT
2003-03-19,37.3,38.18,37.28,38.12,11.2589,7453500,0,1,ABT
2003-03-18,36.75,37.39,36.67,37.39,11.0433,9055000,0,1,ABT
2003-03-17,35.2,36.55,35.0105,36.55,10.7952,8746700,0,1,ABT
2003-03-14,35.4,35.8,35.08,35.19,10.3935,7840900,0,1,ABT
2003-03-13,36,36,35.22,35.88,10.5973,9757100,0,1,ABT
2003-03-12,34.65,34.97,34.4,34.95,10.3226,7671100,0,1,ABT
2003-03-11,34.57,35.1,34.04,34.77,10.2694,7278200,0,1,ABT
2003-03-10,35.05,35.17,34.43,34.51,10.1926,5878200,0,1,ABT
2003-03-07,34.7,35.59,34.51,35.45,10.4703,5723200,0,1,ABT
2003-03-06,35.33,35.81,35.09,35.22,10.4023,7946800,0,1,ABT
2003-03-05,35.85,36.12,35.46,35.94,10.615,7716100,0,1,ABT
2003-03-04,35.03,36.05,35,35.46,10.4732,7732500,0,1,ABT
2003-03-03,35.62,36,34.8799,35.03,10.3462,7490600,0,1,ABT
2003-02-28,35.4494,35.94,35.3,35.62,10.5205,8272800,0,1,ABT
2003-02-27,34.65,35.79,34.61,35.53,10.4939,9565200,0,1,ABT
2003-02-26,34.95,35.38,34.66,34.7,10.2488,7463500,0,1,ABT
2003-02-25,34.15,34.76,33.75,34.7,10.2488,9707500,0,1,ABT
2003-02-24,35.25,35.3,34.22,34.38,10.1542,8111500,0,1,ABT
2003-02-21,35.48,35.64,34.51,35.08,10.361,11869500,0,1,ABT
2003-02-20,36.25,36.32,35.07,35.2,10.3964,7361800,0,1,ABT
2003-02-19,36.9,36.92,35.7,35.8,10.5736,8795500,0,1,ABT
2003-02-18,36.3,36.94,36.28,36.6,10.8099,7358600,0,1,ABT
2003-02-14,35,35.9,34.8,35.81,10.5766,10938300,0,1,ABT
2003-02-13,34.55,35.36,34.3004,34.88,10.3019,11834900,0,1,ABT
2003-02-12,36,36.19,35.27,35.41,10.4585,8613300,0,1,ABT
2003-02-11,36.5,36.52,35.81,36.17,10.6829,10815100,0,1,ABT
2003-02-10,37.36,37.36,35.75,36.94,10.9103,15568100,0,1,ABT
2003-02-07,37.25,37.5986,36.3,37.35,11.0314,8827400,0,1,ABT
2003-02-06,36.87,37.56,36.34,36.9,10.8985,9781700,0,1,ABT
2003-02-05,37.5,37.89,36.72,36.88,10.8926,5826300,0,1,ABT
2003-02-04,37.55,37.6999,36.57,37.2,10.9871,8144600,0,1,ABT
2003-02-03,37.95,38.6,37.69,37.9,11.1939,6654800,0,1,ABT
2003-01-31,37.97,38.7,37.8503,38.12,11.2589,7875100,0,1,ABT
2003-01-30,38.85,38.85,37.68,37.97,11.2146,8779200,0,1,ABT
2003-01-29,37.5,38.28,37.07,38.18,11.2766,8409500,0,1,ABT
2003-01-28,37.28,37.84,36.4789,37.7,11.1348,7887800,0,1,ABT
2003-01-27,37.25,37.46,36.48,36.96,10.9163,8832200,0,1,ABT
2003-01-24,38.01,38.28,37.15,37.35,11.0314,7812600,0,1,ABT
2003-01-23,38.23,38.55,37.99,38.28,11.3061,8726700,0,1,ABT
2003-01-22,38.35,38.82,38.1296,38.23,11.2914,7710200,0,1,ABT
2003-01-21,38.4,38.98,37.94,38.41,11.3445,12113300,0,1,ABT
2003-01-17,39.35,40.13,37.66,38,11.2234,20163600,0,1,ABT
2003-01-16,38,39.26,38,39.2,11.5778,18208600,0,1,ABT
2003-01-15,38.97,38.98,37.57,37.95,11.2087,21478300,0,1,ABT
2003-01-14,38.5,39.0874,37.89,39.06,11.5365,18371600,0,1,ABT
2003-01-13,39.85,40.09,39.15,39.43,11.6458,6124400,0.1055,1,ABT
2003-01-10,39.98,39.98,39.42,39.78,11.6797,6476000,0,1,ABT
2003-01-09,39.9191,40.5,39.75,39.98,11.7385,8389900,0,1,ABT
2003-01-08,39.25,40.13,39.25,39.85,11.7003,10159600,0,1,ABT
2003-01-07,40.65,40.77,38.69,38.87,11.4126,14261700,0,1,ABT
2003-01-06,40.18,40.85,39.9,40.7,11.9499,8845900,0,1,ABT
2003-01-03,39.9,40.45,39.74,40.44,11.8735,11466400,0,1,ABT
2003-01-02,40.6,40.74,39.83,40.05,11.759,20914300,0,1,ABT
2002-12-31,37.1,40.05,37,40,11.7443,18488900,0,1,ABT
2002-12-30,36.78,37.26,36.67,37.1,10.8929,9907400,0,1,ABT
2002-12-27,36.91,37.1,36.26,36.78,10.7989,5398700,0,1,ABT
2002-12-26,37.43,37.85,36.59,36.65,10.7607,8378400,0,1,ABT
2002-12-24,37.75,38.08,37.6,37.7,11.069,4795300,0,1,ABT
2002-12-23,38.7,38.8,37.65,38.13,11.1953,12082300,0,1,ABT
2002-12-20,40.39,40.39,38.31,38.7,11.3626,21063300,0,1,ABT
2002-12-19,40.62,41.2,40,40.39,11.8588,7823200,0,1,ABT
2002-12-18,41.25,41.32,40.5,40.77,11.9704,7309000,0,1,ABT
2002-12-17,40.97,41.89,40.97,41.01,12.0409,8469500,0,1,ABT
2002-12-16,40.6,40.96,39.8,40.96,12.0262,7792400,0,1,ABT
2002-12-13,40.7,41.12,39.74,40.48,11.8853,11246500,0,1,ABT
2002-12-12,41.04,41.35,40.63,40.85,11.9939,7158300,0,1,ABT
2002-12-11,40,41.1,39.82,41.03,12.0467,7800100,0,1,ABT
2002-12-10,40.85,41.2,40.15,40.58,11.9146,12947800,0,1,ABT
2002-12-09,42.7,43.3519,41.62,41.65,12.2288,7506000,0,1,ABT
2002-12-06,41.5,43,41.4,42.94,12.6075,10144600,0,1,ABT
2002-12-05,42.2,42.2,41.19,41.5,12.1847,9481400,0,1,ABT
2002-12-04,42.18,42.6,41.66,42.25,12.405,6377000,0,1,ABT
2002-12-03,42.35,43,41.7,42.18,12.3844,10071600,0,1,ABT
2002-12-02,44,44.16,41.6,42.05,12.3462,10443100,0,1,ABT
2002-11-29,43.4,44.1885,43.23,43.78,12.8542,3214200,0,1,ABT
2002-11-27,43.36,44.25,43.14,43.6,12.8013,5320900,0,1,ABT
2002-11-26,43.15,43.84,43.0003,43.36,12.7309,9525600,0,1,ABT
2002-11-25,43.5,44.09,43.15,43.78,12.8542,9799000,0,1,ABT
2002-11-22,45.35,45.5,43.75,43.8,12.86,11021000,0,1,ABT
2002-11-21,45.65,45.89,44.98,45.11,13.2447,7259200,0,1,ABT
2002-11-20,44.5001,45.42,44.13,45.2,13.2711,10002500,0,1,ABT
2002-11-19,44.52,44.9949,44.01,44.44,13.048,7458500,0,1,ABT
2002-11-18,45.05,45.25,44.231,44.54,13.0773,6160900,0,1,ABT
2002-11-15,43.5,45.0876,43.49,44.95,13.1977,10075800,0,1,ABT
2002-11-14,43.5,44.05,43.12,43.96,12.907,6933000,0,1,ABT
2002-11-13,43.52,43.89,42.38,42.98,12.6193,10596200,0,1,ABT
2002-11-12,44.09,44.09,43.1,43.44,12.7543,8760500,0,1,ABT
2002-11-11,45.3,45.45,44.07,44.09,12.9452,7546600,0,1,ABT
2002-11-08,45.6,46.08,45.36,45.89,13.4737,8802600,0,1,ABT
2002-11-07,45.52,45.9,44.91,45.65,13.4032,11499700,0,1,ABT
2002-11-06,44,45.9,44,45.55,13.3739,15385900,0,1,ABT
2002-11-05,42.65,43.66,42.2,43.45,12.7573,8053300,0,1,ABT
2002-11-04,41.9,42.83,41.58,42.07,12.3521,6273000,0,1,ABT
2002-11-01,41.3,41.97,41.02,41.73,12.2523,6919500,0,1,ABT
2002-10-31,41.75,42.4,41.14,41.87,12.2934,7914300,0,1,ABT
2002-10-30,41.87,42.32,41.12,42.11,12.3638,9007200,0,1,ABT
2002-10-29,42.75,43.35,41.31,41.87,12.2934,9971200,0,1,ABT
2002-10-28,43.75,43.75,42.29,42.58,12.5018,6694600,0,1,ABT
2002-10-25,42.45,43.33,42.4,43.08,12.6486,6515000,0,1,ABT
2002-10-24,43.65,43.65,42.25,42.45,12.4637,6315700,0,1,ABT
2002-10-23,42.4,43.22,41.55,43.16,12.6721,9785700,0,1,ABT
2002-10-22,42.95,43.23,42.49,42.8,12.5664,7674800,0,1,ABT
2002-10-21,43.3,43.85,42.949,43.65,12.816,6732300,0,1,ABT
2002-10-18,43.9,44.3886,43.56,44,12.9188,8075000,0,1,ABT
2002-10-17,44.45,44.62,43.77,44.2,12.9775,8696700,0,1,ABT
2002-10-16,44.2,44.95,43.03,43.5,12.772,9221100,0,1,ABT
2002-10-15,44.4,44.6,43.35,44.13,12.9569,11406600,0,1,ABT
2002-10-14,42.5,43.35,42.4,43.28,12.7074,10938300,0,1,ABT
2002-10-11,40.8,41.7,40.3,41.49,12.1818,11040800,0,1,ABT
2002-10-10,40.1,41.63,39.27,40.31,11.8354,13976600,0.1055,1,ABT
2002-10-09,38.85,41.85,38.6,40.3,11.7634,18248800,0,1,ABT
2002-10-08,39.8,39.93,38.08,39.47,11.5211,19035200,0,1,ABT
2002-10-07,40.5,40.69,39.3,39.55,11.5445,14064400,0,1,ABT
2002-10-04,41.9,41.96,40.5088,40.89,11.9356,9585400,0,1,ABT
2002-10-03,42,42.99,41.95,42.39,12.3735,9976200,0,1,ABT
2002-10-02,41.9286,42.85,41.5,41.65,12.1575,8813000,0,1,ABT
2002-10-01,40.48,42.2,40.31,42,12.2596,12944500,0,1,ABT
2002-09-30,40.34,40.85,38.85,40.4,11.7926,11759400,0,1,ABT
2002-09-27,41.5,41.88,40.1,40.35,11.778,15895300,0,1,ABT
2002-09-26,42,42.84,41.75,41.9,12.2305,21042300,0,1,ABT
2002-09-25,42.5,43.85,41.8,43.8,12.7851,13963900,0,1,ABT
2002-09-24,41.25,42.4,40.9,42.1,12.2888,11127500,0,1,ABT
2002-09-23,41.8073,42.5,41.53,41.7,12.1721,12137100,0,1,ABT
2002-09-20,40.75,42.27,40.22,41.8,12.2013,19648600,0,1,ABT
2002-09-19,39.59,40.39,39.59,40.1,11.705,9624000,0,1,ABT
2002-09-18,39.6,41,39.4,40.42,11.7985,15731100,0,1,ABT
2002-09-17,39,39.2471,38.5,38.59,11.2643,9626700,0,1,ABT
2002-09-16,37.64,38.75,37.5,38.31,11.1825,7448100,0,1,ABT
2002-09-13,38.22,38.35,37.53,37.62,10.9811,9206100,0,1,ABT
2002-09-12,39,39.07,37.89,38.22,11.1563,8857000,0,1,ABT
2002-09-11,39,39.25,38.25,38.61,11.2701,5645000,0,1,ABT
2002-09-10,37.9,38.53,37.87,38.15,11.1358,7506000,0,1,ABT
2002-09-09,37.45,38.32,37.13,37.93,11.0716,8796900,0,1,ABT
2002-09-06,38.03,38.38,37.2981,37.5,10.9461,9386400,0,1,ABT
2002-09-05,38.1,38.6,37.24,37.8,11.0337,8597100,0,1,ABT
2002-09-04,38.15,39.13,38.1,38.8,11.3256,11559300,0,1,ABT
2002-09-03,39.5,39.63,38.06,38.28,11.1738,8401200,0,1,ABT
2002-08-30,40.1,40.7383,39.62,40.03,11.6846,6330700,0,1,ABT
2002-08-29,39.25,40.8,38.96,40.47,11.813,6185400,0,1,ABT
2002-08-28,40.65,40.66,39.4918,39.84,11.6291,4794200,0,1,ABT
2002-08-27,41.1,41.65,40.36,40.76,11.8977,6814900,0,1,ABT
2002-08-26,40.9,41.7,40,41.18,12.0203,5663800,0,1,ABT
2002-08-23,41.5014,41.76,40.43,40.53,11.8306,5787600,0,1,ABT
2002-08-22,40.4,41.93,40.28,41.74,12.1837,8513300,0,1,ABT
2002-08-21,39.08,40.54,39.0697,40.44,11.8043,6111700,0,1,ABT
2002-08-20,39.99,39.99,38.75,39.1,11.4131,7598900,0,1,ABT
2002-08-19,39.95,40.39,39.9,40,11.6758,6647700,0,1,ABT
2002-08-16,40.25,40.4513,39.71,39.95,11.6613,8000400,0,1,ABT
2002-08-15,39.68,40.47,39.68,40.3,11.7634,9863400,0,1,ABT
2002-08-14,39.58,40.25,39.1001,40.01,11.6788,12449100,0,1,ABT
2002-08-13,40.154,40.75,39.45,39.52,11.5357,6719800,0,1,ABT
2002-08-12,40.33,40.95,39.7713,40.74,11.8919,6061600,0,1,ABT
2002-08-09,40.75,40.75,39.87,40.33,11.7722,7943300,0,1,ABT
2002-08-08,39.63,40.9,39.3,40.75,11.8948,8639800,0,1,ABT
2002-08-07,38.07,40,38.07,39.86,11.635,9215200,0,1,ABT
2002-08-06,37,38.53,36.28,38.07,11.1125,19431200,0,1,ABT
2002-08-05,40.05,40.05,37.61,37.85,11.0483,9769200,0,1,ABT
2002-08-02,39.91,40.77,39.46,40.12,11.7109,10672500,0,1,ABT
2002-08-01,41.2495,41.4,39.29,39.91,11.6496,11984100,0,1,ABT
2002-07-31,40.65,41.41,39.9,41.41,12.0874,9463500,0,1,ABT
2002-07-30,39.65,41,39.3,40.4,11.7926,11266300,0,1,ABT
2002-07-29,39.3537,39.9,39.01,39.65,11.5737,15359700,0,1,ABT
2002-07-26,38,38.75,36.82,38.65,11.2818,14597700,0,1,ABT
2002-07-25,37.75,38.39,37,37.62,10.9811,29602300,0,1,ABT
2002-07-24,30.25,33.8,29.8,33.45,9.7639,18482900,0,1,ABT
2002-07-23,31.7,32.15,30.6,31,9.0488,17626700,0,1,ABT
2002-07-22,32.14,32.9,31.6,32,9.3407,13382600,0,1,ABT
2002-07-19,32.1,33.28,31.97,32.14,9.3815,11111200,0,1,ABT
2002-07-18,34.35,34.5,33.04,33.07,9.653,7999300,0,1,ABT
2002-07-17,34.2518,34.98,33.83,34.6,10.0996,11292800,0,1,ABT
2002-07-16,34.45,35.82,33.5,33.6,9.8077,13125800,0,1,ABT
2002-07-15,33.9,35.16,32,34.5,10.0704,15779400,0,1,ABT
2002-07-12,31.95,33.45,30.97,33.15,9.6764,20240500,0,1,ABT
2002-07-11,33.56,33.57,31.15,31.65,9.2385,37394900,0.1055,1,ABT
2002-07-10,35.41,35.41,33.4,33.9,9.8267,19235900,0,1,ABT
2002-07-09,37,37.3,35.27,35.41,10.2644,11252800,0,1,ABT
2002-07-08,37.2,37.3,36.88,37,10.7253,10129800,0,1,ABT
2002-07-05,37.22,37.5,37.14,37.47,10.8615,5298000,0,1,ABT
2002-07-03,37,37.29,36.48,37.1,10.7543,10273200,0,1,ABT
2002-07-02,37.55,37.6802,36.35,36.78,10.6615,11167700,0,1,ABT
2002-07-01,38.08,38.7,37.0995,37.3,10.8123,10643300,0,1,ABT
2002-06-28,39.3,39.85,37.6,37.65,10.9137,13723800,0,1,ABT
2002-06-27,37.85,39.32,37.65,39.15,11.3485,10064400,0,1,ABT
2002-06-26,38.11,38.59,36.931,37.95,11.0007,14430500,0,1,ABT
2002-06-25,38.38,39.5,38.0981,38.11,11.0471,15422000,0,1,ABT
2002-06-24,36.25,37.57,35.76,37.22,10.7891,15146100,0,1,ABT
2002-06-21,37,37.7,36.13,36.13,10.4731,14615800,0,1,ABT
2002-06-20,37.25,38.2,37.15,37.67,10.9195,11371100,0,1,ABT
2002-06-19,39,39.19,37.44,37.65,10.9137,12484300,0,1,ABT
2002-06-18,37.74,39.3,37.629,38.75,11.2326,15029500,0,1,ABT
2002-06-17,36.92,37.99,36.69,37.77,10.9485,16046000,0,1,ABT
2002-06-14,35.75,37.19,35.6,36.75,10.6528,16210000,0,1,ABT
2002-06-13,36.95,37.6,35.8,35.95,10.4209,20392800,0,1,ABT
2002-06-12,38.2996,38.35,35.25,37.02,10.7311,45349700,0,1,ABT
2002-06-11,41.4,41.4,38.3,38.3,11.1021,54949300,0,1,ABT
2002-06-10,45.3589,46.34,45.02,45.67,13.2385,6976600,0,1,ABT
2002-06-07,44.05,45.9,44.05,45.36,13.1486,9469500,0,1,ABT
2002-06-06,44.85,45.23,44.15,44.75,12.9718,8505400,0,1,ABT
2002-06-05,44.42,45.1,44.01,45.05,13.0588,8407600,0,1,ABT
2002-06-04,45.42,45.65,44.22,44.67,12.9486,11514300,0,1,ABT
2002-06-03,47.6967,48.05,45.32,45.42,13.166,8669400,0,1,ABT
2002-05-31,46.7,47.9,46.6,47.5,13.769,12827800,0,1,ABT
2002-05-30,46.85,47,45.81,46.74,13.5487,8321100,0,1,ABT
2002-05-29,46.78,47.56,46.72,47.1,13.653,7347800,0,1,ABT
2002-05-28,47,47.32,46.71,46.77,13.5574,6854700,0,1,ABT
2002-05-24,48,48.05,46.8,46.9,13.595,6452400,0,1,ABT
2002-05-23,47.5,47.75,46.35,47.75,13.8414,8696100,0,1,ABT
2002-05-22,46.85,47.64,46.699,47.6,13.7979,10362200,0,1,ABT
2002-05-21,47.11,47.35,46.57,46.63,13.5168,8687700,0,1,ABT
2002-05-20,47.35,47.97,46.75,47.01,13.6269,12494700,0,1,ABT
2002-05-17,45.1,47.98,45.1,47.6,13.7979,21649600,0,1,ABT
2002-05-16,45.75,46.19,44.0488,45.75,13.2617,46741500,0,1,ABT
2002-05-15,48.5,48.5,46.05,46.9,13.595,56056000,0,1,ABT
2002-05-14,50.8996,51.79,50.58,51.74,14.998,11550600,0,1,ABT
2002-05-13,51,51.2,50.78,51.02,14.7893,9277800,0,1,ABT
2002-05-10,52.5,52.5,51.25,51.25,14.856,7721500,0,1,ABT
2002-05-09,52.7,53.18,52,52.15,15.1169,7329900,0,1,ABT
2002-05-08,52.05,52.61,50.25,52.4,15.1893,12478300,0,1,ABT
2002-05-07,52.25,52.72,51.65,51.68,14.9806,6161300,0,1,ABT
2002-05-06,53.75,53.8,52.13,52.18,15.1256,5600600,0,1,ABT
2002-05-03,53.9,53.91,52.53,53.43,15.4879,5793600,0,1,ABT
2002-05-02,54.95,55,52.43,54,15.6531,12713800,0,1,ABT
2002-05-01,54.1,55,53.87,55,15.943,6729200,0,1,ABT
2002-04-30,53.59,54.1,53.15,53.95,15.6386,7994100,0,1,ABT
2002-04-29,54.12,54.31,53,53.14,15.4038,10009300,0,1,ABT
2002-04-26,53.64,54.58,53.21,54.12,15.6879,10968700,0,1,ABT
2002-04-25,53.76,54.08,52.75,53.39,15.4763,6788000,0,1,ABT
2002-04-24,54.83,54.99,53.57,53.66,15.5546,6452600,0,1,ABT
2002-04-23,54.88,55.2,54.35,54.58,15.8213,6267100,0,1,ABT
2002-04-22,54.8,55.2296,54.25,54.39,15.7662,6581900,0,1,ABT
2002-04-19,54.92,55.17,54.51,54.75,15.8705,5123100,0,1,ABT
2002-04-18,54.3,54.74,53.7623,54.67,15.8473,6933500,0,1,ABT
2002-04-17,54.08,54.65,53.86,54.5,15.7981,5722500,0,1,ABT
2002-04-16,53.75,54.77,53.51,54.33,15.7488,6390700,0,1,ABT
2002-04-15,53.55,54.25,53.34,53.75,15.5807,5612500,0,1,ABT
2002-04-12,53.7,54.01,52.5,53.69,15.5633,9245500,0,1,ABT
2002-04-11,54.34,54.849,53.5099,53.82,15.601,8662700,0.1055,1,ABT
2002-04-10,52.41,54.7025,52.31,54.58,15.7531,13046000,0,1,ABT
2002-04-09,52.85,53.24,51.7,52.66,15.199,11642500,0,1,ABT
2002-04-08,52.3,52.7,51.34,51.95,14.9941,8300900,0,1,ABT
2002-04-05,52.55,52.8,51.5,51.91,14.9825,7176300,0,1,ABT
2002-04-04,53.2,53.25,52.25,52.8,15.2394,7567300,0,1,ABT
2002-04-03,53.52,54.5,52.8,52.95,15.2827,10056600,0,1,ABT
2002-04-02,52.6,53.55,52.4978,53.48,15.4357,7556200,0,1,ABT
2002-04-01,52.6,53.55,52.25,53.24,15.3664,11091700,0,1,ABT
2002-03-28,52,53.27,51.81,52.6,15.1817,9733000,0,1,ABT
2002-03-27,52.59,52.9,51.5655,51.91,14.9825,9347600,0,1,ABT
2002-03-26,52.26,53.36,52.26,52.84,15.2509,7009500,0,1,ABT
2002-03-25,53.55,53.65,52.2,52.41,15.1268,8376100,0,1,ABT
2002-03-22,52.45,53.98,52.24,53.7,15.4991,11958900,0,1,ABT
2002-03-21,52.15,52.51,51.52,52.36,15.1124,9248000,0,1,ABT
2002-03-20,52.8,53.01,51.4,51.8,14.9508,18962400,0,1,ABT
2002-03-19,54.3,54.2997,53.11,53.38,15.4068,8538100,0,1,ABT
2002-03-18,54.25,54.3,52.95,53.51,15.4443,11854700,0,1,ABT
2002-03-15,55.09,55.3,52.4,54.01,15.5886,21623800,0,1,ABT
2002-03-14,55.5,55.6,54.45,54.84,15.8282,8755500,0,1,ABT
2002-03-13,55.19,55.85,54.85,55.5,16.0187,6470400,0,1,ABT
2002-03-12,54.2,55.46,54.03,55.19,15.9292,6646100,0,1,ABT
2002-03-11,53.9,54.8,53.84,54.67,15.7791,6246300,0,1,ABT
2002-03-08,54.75,54.92,53.7,54.09,15.6117,7611000,0,1,ABT
2002-03-07,56,56,53.98,54.35,15.6868,13871400,0,1,ABT
2002-03-06,55.72,56.65,55.511,56.02,16.1688,7331800,0,1,ABT
2002-03-05,57.15,57.2,54.84,55.02,15.8801,13062300,0,1,ABT
2002-03-04,57.49,57.7,57.15,57.37,16.5584,5496600,0,1,ABT
2002-03-01,56.95,57.79,56.31,57.49,16.593,5702700,0,1,ABT
2002-02-28,56.59,57.45,56.4,56.55,16.3217,8491800,0,1,ABT
2002-02-27,56.25,56.85,56,56.39,16.2756,7002000,0,1,ABT
2002-02-26,56.77,56.8309,56.25,56.49,16.3044,7392000,0,1,ABT
2002-02-25,57.61,57.82,56.19,56.77,16.3852,8094400,0,1,ABT
2002-02-22,56.71,57.89,56.71,57.61,16.6277,5438900,0,1,ABT
2002-02-21,57.58,58,56.75,57.15,16.4949,9663400,0,1,ABT
2002-02-20,57.1,57.75,56.88,57.58,16.619,6929700,0,1,ABT
2002-02-19,57.4,57.47,56.49,56.59,16.3333,7151300,0,1,ABT
2002-02-15,56.27,57.9,56.21,57.34,16.5497,11737800,0,1,ABT
2002-02-14,55.97,56.3,55.6733,56.27,16.2409,6181700,0,1,ABT
2002-02-13,56,56.1,55.47,55.97,16.1543,8555800,0,1,ABT
2002-02-12,55.53,56.13,55.35,56.13,16.2005,8258000,0,1,ABT
2002-02-11,54.75,55.89,54.54,55.68,16.0706,9049800,0,1,ABT
2002-02-08,55.05,55.45,54.39,55.29,15.9581,8815900,0,1,ABT
2002-02-07,56.17,56.24,55.15,55.58,16.0418,6444100,0,1,ABT
2002-02-06,56.55,56.65,55.64,55.92,16.1399,10330700,0,1,ABT
2002-02-05,56.61,57.25,56.51,57,16.4516,7243200,0,1,ABT
2002-02-04,57.19,57.4,56.5,56.61,16.339,7366600,0,1,ABT
2002-02-01,57.3,57.97,57.27,57.44,16.5786,5662900,0,1,ABT
2002-01-31,56.7,57.72,56.4,57.7,16.6536,7543100,0,1,ABT
2002-01-30,56.22,56.9736,56.02,56.48,16.3015,8338000,0,1,ABT
2002-01-29,56.8511,57.63,56.02,56.22,16.2265,8629400,0,1,ABT
2002-01-28,57,57.48,56.57,56.85,16.4083,6313200,0,1,ABT
2002-01-25,57.2,57.6,56.81,57.24,16.5209,7727300,0,1,ABT
2002-01-24,57.2,57.88,56.8,57.34,16.5497,10165400,0,1,ABT
2002-01-23,57.48,57.84,57.12,57.39,16.5642,7488500,0,1,ABT
2002-01-22,57.26,57.64,57.06,57.48,16.5901,8060200,0,1,ABT
2002-01-18,57.26,57.74,57.08,57.41,16.57,11701500,0,1,ABT
2002-01-17,56.5,57.54,56.33,57.4,16.5671,10416600,0,1,ABT
2002-01-16,55.7,57.16,55.37,56.5,16.3073,11824900,0,1,ABT
2002-01-15,56.25,56.29,55.14,55.77,16.0966,6039800,0,1,ABT
2002-01-14,56,56.5,55.88,55.89,16.1312,7162500,0,1,ABT
2002-01-11,55.15,55.94,54.92,55.88,16.1284,8195700,0.0943,1,ABT
2002-01-10,54.75,55.46,54.63,55.24,15.883,4717500,0,1,ABT
2002-01-09,54.85,55.58,54.5,54.74,15.7393,5540600,0,1,ABT
2002-01-08,55.65,55.89,54.7,55.04,15.8255,5976000,0,1,ABT
2002-01-07,55.8998,55.9,54.96,55.4,15.929,4962400,0,1,ABT
2002-01-04,56.05,56.05,55.21,55.79,16.0412,5953500,0,1,ABT
2002-01-03,55.8,55.9,55.3614,55.89,16.0699,5919900,0,1,ABT
2002-01-02,55.15,56,54.92,55.84,16.0555,7724600,0,1,ABT
2001-12-31,56.25,56.469,55.75,55.75,16.0297,4278000,0,1,ABT
2001-12-28,56.8,56.85,56.12,56.48,16.2396,3474900,0,1,ABT
2001-12-27,56.38,56.81,56.26,56.5,16.2453,4176100,0,1,ABT
2001-12-26,56.75,57.17,56.56,56.77,16.3229,4713400,0,1,ABT
2001-12-24,56.5,56.94,56.41,56.46,16.2338,2124200,0,1,ABT
2001-12-21,55.5959,56.7,55.5,56.59,16.2712,14493900,0,1,ABT
2001-12-20,55.25,55.94,55.06,55.6,15.9865,8448900,0,1,ABT
2001-12-19,54.1,55.15,53.54,54.82,15.7623,5503300,0,1,ABT
2001-12-18,53.77,54,53.4,53.85,15.4834,9137500,0,1,ABT
2001-12-17,54.05,54.5,53.79,54,15.5265,7125800,0,1,ABT
2001-12-14,53.4,54.85,53.28,54.4,15.6415,6481200,0,1,ABT
2001-12-13,53.04,53.97,52.852,53.19,15.2936,9039800,0,1,ABT
2001-12-12,54,54.05,53.04,53.04,15.2505,10161100,0,1,ABT
2001-12-11,55.95,55.97,53.8,54.14,15.5667,8333800,0,1,ABT
2001-12-10,55.14,55.65,54.74,55.5,15.9578,7822000,0,1,ABT
2001-12-07,55.21,55.48,54.83,55.14,15.8543,5614200,0,1,ABT
2001-12-06,55.03,55.45,54.63,54.92,15.791,9216700,0,1,ABT
2001-12-05,54.95,55.3,54.58,55.16,15.86,8866800,0,1,ABT
2001-12-04,55.4037,55.45,54.57,55.09,15.8399,6571000,0,1,ABT
2001-12-03,54.75,56,54.75,55.46,15.9463,11137900,0,1,ABT
2001-11-30,54.7,55,54.38,55,15.814,8047100,0,1,ABT
2001-11-29,54,54.75,53.6305,54.55,15.6846,5923700,0,1,ABT
2001-11-28,53.78,54.5,53.75,54.09,15.5524,5369700,0,1,ABT
2001-11-27,53.3,54.48,53.07,53.78,15.4632,5932600,0,1,ABT
2001-11-26,54.2,54.4,53.81,54.05,15.5409,6473700,0,1,ABT
2001-11-23,54.19,54.19,53.33,53.95,15.5121,1832400,0,1,ABT
2001-11-21,52.43,54.14,52.43,53.75,15.4546,7386600,0,1,ABT
2001-11-20,52.3,53.12,52.3,52.94,15.2217,5953500,0,1,ABT
2001-11-19,51.97,52.33,51.24,52.13,14.9888,8723200,0,1,ABT
2001-11-16,53.05,53.08,51.56,52.03,14.9601,7549800,0,1,ABT
2001-11-15,52.2,53.04,52.2,52.9,15.2102,7360500,0,1,ABT
2001-11-14,52.88,52.99,52.02,52.18,15.0032,8309500,0,1,ABT
2001-11-13,53.61,53.84,52.99,53.12,15.2735,8086400,0,1,ABT
2001-11-12,52.95,53.84,52.499,53.61,15.4144,4324500,0,1,ABT
2001-11-09,53.53,53.79,52.9,53.2,15.2965,5749800,0,1,ABT
2001-11-08,53.72,53.85,53.2798,53.53,15.3914,8091200,0,1,ABT
2001-11-07,54.0017,54.6,53.54,53.72,15.446,6413500,0,1,ABT
2001-11-06,54,54.74,53.21,54.25,15.5984,7207700,0,1,ABT
2001-11-05,54.94,54.94,53.4873,53.8,15.469,9097700,0,1,ABT
2001-11-02,53.92,54.7,53.35,54.45,15.6559,6073300,0,1,ABT
2001-11-01,52.78,54.09,52.76,53.92,15.5035,7827800,0,1,ABT
2001-10-31,53.5,53.99,52.98,52.98,15.2332,7748000,0,1,ABT
2001-10-30,54.2,54.2338,53.75,53.78,15.4632,7619600,0,1,ABT
2001-10-29,54.3517,54.5,53.91,54.03,15.5351,6902000,0,1,ABT
2001-10-26,54,54.65,53.7,54.3,15.6127,6343400,0,1,ABT
2001-10-25,53.79,54.9,53.26,54.55,15.6846,7132100,0,1,ABT
2001-10-24,53.86,54.6,53.51,54.24,15.5955,7925100,0,1,ABT
2001-10-23,54.58,54.58,53.4,53.86,15.4862,8594600,0,1,ABT
2001-10-22,52.5,54.58,52.48,54.58,15.6933,9411800,0,1,ABT
2001-10-19,52.56,53.05,52.31,53.05,15.2533,5133300,0,1,ABT
2001-10-18,53,53.3808,52,52.56,15.1125,4933700,0,1,ABT
2001-10-17,53.05,53.4,52.69,53.22,15.3022,6114400,0,1,ABT
2001-10-16,53.3,53.95,53,53.48,15.377,9726700,0,1,ABT
2001-10-15,51.85,53.72,51.8,53,15.239,11435500,0,1,ABT
2001-10-12,50.95,51.97,50.8,51.91,14.9256,7603100,0,1,ABT
2001-10-11,52.65,52.75,50.8,51.02,14.6697,13285500,0.0943,1,ABT
2001-10-10,51.65,52.69,50.9,52.65,15.0779,8817600,0,1,ABT
2001-10-09,51.76,51.77,50.3947,51.03,14.614,6221500,0,1,ABT
2001-10-08,51.4,52.2,51.4,51.77,14.8259,4615600,0,1,ABT
2001-10-05,51.52,52.13,51.38,51.98,14.8861,8477000,0,1,ABT
2001-10-04,51.45,51.98,51.32,51.66,14.7944,7416800,0,1,ABT
2001-10-03,53.41,53.41,50.979,51.45,14.7343,10894500,0,1,ABT
2001-10-02,52.47,53.4101,52.16,53.4,15.2927,11318200,0,1,ABT
2001-10-01,51.75,52.9,51.55,52.79,15.118,9462200,0,1,ABT
2001-09-28,51.4,51.96,50.96,51.85,14.8488,11185900,0,1,ABT
2001-09-27,49.7,51,49.6,50.99,14.6026,9533500,0,1,ABT
2001-09-26,49.3,49.9,48.95,49.9,14.2904,7466200,0,1,ABT
2001-09-25,46.95,48.95,46.94,48.45,13.8751,9214800,0,1,ABT
2001-09-24,47.85,47.95,46.35,47.25,13.5315,8397600,0,1,ABT
2001-09-21,47.29,47.99,46.84,47.05,13.4742,13951400,0,1,ABT
2001-09-20,48.7,49.4,48.29,48.49,13.8866,11071000,0,1,ABT
2001-09-19,50.5,50.8,48.2827,49.6,14.2045,10791300,0,1,ABT
2001-09-18,50.6,50.97,49.7,50.41,14.4365,10206300,0,1,ABT
2001-09-17,48,51.1,47.8,50.53,14.4708,15170400,0,1,ABT
2001-09-10,48.9,50.14,48.43,49.53,14.1844,6017700,0,1,ABT
2001-09-07,50.21,50.35,48.56,48.9,14.004,8594200,0,1,ABT
2001-09-06,50.85,51.22,49.95,49.96,14.3076,6842800,0,1,ABT
2001-09-05,50.35,51.88,50.18,51.63,14.7858,8058500,0,1,ABT
2001-09-04,50.2,51.5,49.45,50.6,14.4909,6363200,0,1,ABT
2001-08-31,50.32,50.98,49.39,49.7,14.2331,5518300,0,1,ABT
2001-08-30,51,51.58,50.04,50.32,14.4107,5327400,0,1,ABT
2001-08-29,51.85,51.9,50.94,51,14.6054,3418700,0,1,ABT
2001-08-28,51.6,52.04,51.15,51.4,14.72,4443700,0,1,ABT
2001-08-27,52.45,52.54,52,52.06,14.909,3340100,0,1,ABT
2001-08-24,52.29,52.5,51.8,52.5,15.035,7560600,0,1,ABT
2001-08-23,52.7,53.6,52,52.29,14.9748,9482900,0,1,ABT
2001-08-22,52.74,52.95,52.02,52.95,15.1639,3721900,0,1,ABT
2001-08-21,53.24,53.49,52.56,52.74,15.1037,6254200,0,1,ABT
2001-08-20,52.25,53.3,52.2,52.99,15.1753,6001000,0,1,ABT
2001-08-17,52.62,52.95,51.6,52.29,14.9748,3692300,0,1,ABT
2001-08-16,53,53.38,52.15,52.97,15.1696,4706900,0,1,ABT
2001-08-15,52.54,53.52,52.26,53.15,15.2211,6938000,0,1,ABT
2001-08-14,52.5,52.64,51.61,52.29,14.9748,4842000,0,1,ABT
2001-08-13,51.85,52.86,51.85,52.55,15.0493,6582100,0,1,ABT
2001-08-10,51.57,52.44,51.52,52.28,14.972,6059800,0,1,ABT
2001-08-09,51.87,52.11,51.24,51.57,14.7687,4840900,0,1,ABT
2001-08-08,52.59,52.75,51.63,51.87,14.8546,3650600,0,1,ABT
2001-08-07,51.66,52.6,51.46,52.59,15.0608,6036400,0,1,ABT
2001-08-06,52.48,52.5,51.35,51.71,14.8087,5601000,0,1,ABT
2001-08-03,52,52.5085,51.14,52.26,14.9663,3514300,0,1,ABT
2001-08-02,53.33,53.33,51.65,52,14.8918,7305900,0,1,ABT
2001-08-01,53.35,53.41,52.42,53.1,15.2068,8540200,0,1,ABT
2001-07-31,52,53.8263,52,53.59,15.3471,7943100,0,1,ABT
2001-07-30,51.9,52.57,51.26,52.29,14.9748,5466200,0,1,ABT
2001-07-27,51.6,51.98,51.23,51.54,14.7601,3392200,0,1,ABT
2001-07-26,51.35,51.85,51.01,51.85,14.8488,4599400,0,1,ABT
2001-07-25,51.1,51.71,50.78,51.5,14.7486,4442800,0,1,ABT
2001-07-24,50.67,51.9502,50.51,51.28,14.6856,7907200,0,1,ABT
2001-07-23,52.08,52.25,51.27,51.41,14.7228,4636700,0,1,ABT
2001-07-20,51.93,52.49,51.5,52.28,14.972,6718200,0,1,ABT
2001-07-19,51.59,51.9,51.1,51.6,14.7772,7549600,0,1,ABT
2001-07-18,50.1,51.6,50,51.55,14.7629,8562500,0,1,ABT
2001-07-17,50,50.52,49.33,50.15,14.362,8055800,0,1,ABT
2001-07-16,50.12,50.15,49.5,49.75,14.2474,4806700,0,1,ABT
2001-07-13,49.23,50.25,49.04,49.6,14.2045,9204800,0,1,ABT
2001-07-12,50,51.0009,47.56,49,14.0327,16375300,0,1,ABT
2001-07-11,49.1,50.9,49,50.18,14.3706,18514700,0.0943,1,ABT
2001-07-10,47.4,48.45,47.25,48.4,13.8007,8290900,0,1,ABT
2001-07-09,47.5,48.34,46.6,47.9,13.6581,8254800,0,1,ABT
2001-07-06,48.8,48.92,46.86,47.31,13.4899,11615600,0,1,ABT
2001-07-05,49.28,49.43,48.01,48.94,13.9547,5176500,0,1,ABT
2001-07-03,49.52,49.52,48.7,49.27,14.0488,3538100,0,1,ABT
2001-07-02,49.05,49.8,48.75,49.37,14.0773,8117100,0,1,ABT
2001-06-29,51.1,51.11,47,48,13.6866,14815300,0,1,ABT
2001-06-28,49.9,50.88,49.9,50.61,14.4308,7136900,0,1,ABT
2001-06-27,51.47,51.9,50,50,14.2569,6347000,0,1,ABT
2001-06-26,51.1494,52.45,51.15,51.47,14.6761,7112300,0,1,ABT
2001-06-25,52.15,52.9,51.86,51.86,14.7873,5324900,0,1,ABT
2001-06-22,52.25,52.39,51.29,52.02,14.8329,8523700,0,1,ABT
2001-06-21,52.25,53.2509,51.93,53,15.1123,14180400,0,1,ABT
2001-06-20,52.15,52.68,51.8,52.25,14.8985,11741700,0,1,ABT
2001-06-19,51,51.48,50.72,51.28,14.6219,8607100,0,1,ABT
2001-06-18,50.5,51.3367,50.5,51.1,14.5706,9641500,0,1,ABT
2001-06-15,50.25,51.2,50.0445,50.56,14.4166,10060600,0,1,ABT
2001-06-14,50.28,51.72,50.2,50.5,14.3995,6912400,0,1,ABT
2001-06-13,50.4984,50.95,50.3,50.78,14.4793,4809900,0,1,ABT
2001-06-12,50.95,51.49,50.28,50.72,14.4622,6239800,0,1,ABT
2001-06-11,51.4949,51.6,50.3,50.39,14.3681,7698800,0,1,ABT
2001-06-08,51.1,51.72,51,51.52,14.6903,4028700,0,1,ABT
2001-06-07,50.75,51.7741,50.69,51.65,14.7274,6699600,0,1,ABT
2001-06-06,52.35,52.65,51.15,51.7,14.7416,5926400,0,1,ABT
2001-06-05,51.2,52.85,51.04,52.85,15.0695,9777800,0,1,ABT
2001-06-04,51.2,51.9,51.12,51.84,14.7816,8323800,0,1,ABT
2001-06-01,51.06,51.9,50.51,51.62,14.7188,6986600,0,1,ABT
2001-05-31,51.48,51.98,50.95,51.98,14.8215,5985600,0,1,ABT
2001-05-30,51.6,52.1,51.28,51.48,14.6789,6632900,0,1,ABT
2001-05-29,51.2,51.66,51.01,51.35,14.6418,7067100,0,1,ABT
2001-05-25,51.4904,51.75,50.7,51.4,14.6561,4780300,0,1,ABT
2001-05-24,51.8489,52.13,50.55,51.94,14.8101,11573900,0,1,ABT
2001-05-23,53.2512,53.5,51.8,52.9,15.0838,9759000,0,1,ABT
2001-05-22,52.9,53.25,52.58,52.95,15.0981,6672900,0,1,ABT
2001-05-21,53.02,53.37,52.69,53.26,15.1865,7053700,0,1,ABT
2001-05-18,53.7,53.7,52.325,53.02,15.118,10603100,0,1,ABT
2001-05-17,53.8,54,52.81,53.7,15.3119,13706300,0,1,ABT
2001-05-16,51.5,53.8,51.3,53.8,15.3404,16248800,0,1,ABT
2001-05-15,50.5,51.603,50.4,51.5,14.6846,15751300,0,1,ABT
2001-05-14,49.26,49.85,49.12,49.85,14.2141,6328600,0,1,ABT
2001-05-11,49,49.4,48.15,49.26,14.0459,7238200,0,1,ABT
2001-05-10,48.37,48.85,47.92,48.1,13.7151,7736500,0,1,ABT
2001-05-09,48,48.59,47.6,48.36,13.7893,10669400,0,1,ABT
2001-05-08,46.9,47.95,46.51,47.7,13.6011,9595800,0,1,ABT
2001-05-07,46.25,47.4577,46.25,47,13.4015,7524800,0,1,ABT
2001-05-04,45.35,46.74,45.35,46.59,13.2846,5617100,0,1,ABT
2001-05-03,45.3,45.94,45,45.81,13.0622,5047100,0,1,ABT
2001-05-02,44.6,45.69,44.56,45.37,12.9367,7324700,0,1,ABT
2001-05-01,46.25,46.29,45.7,45.8,13.0593,6748800,0,1,ABT
2001-04-30,46,46.85,45.54,46.38,13.2247,6331800,0,1,ABT
2001-04-27,45.2017,46.1,44.84,45.98,13.1107,4655800,0,1,ABT
2001-04-26,44.3,45.24,44.3,44.86,12.7913,8220900,0,1,ABT
2001-04-25,44.43,45.97,44.3,45.51,12.9766,4154000,0,1,ABT
2001-04-24,44.94,45.231,44.16,44.43,12.6687,5584600,0,1,ABT
2001-04-23,45.4,45.55,44.25,44.54,12.7001,8077100,0,1,ABT
2001-04-20,44.55,45.11,44.34,45.09,12.8569,10626900,0,1,ABT
2001-04-19,46.99,46.99,45.54,45.72,13.0365,7100600,0,1,ABT
2001-04-18,46.63,46.89,45.7,46.89,13.3701,8478100,0,1,ABT
2001-04-17,46.3,47.45,46.28,47.1,13.43,8130800,0,1,ABT
2001-04-16,46.4,47.49,46,46.54,13.2703,6373200,0,1,ABT
2001-04-12,46,47.18,45.4,45.67,13.0223,9605800,0,1,ABT
2001-04-11,47.5,47.51,45.57,46.99,13.3986,6746900,0,1,ABT
2001-04-10,49.5,49.5,47.5,48.21,13.7465,6387000,0.0943,1,ABT
2001-04-09,47.2845,48.42,47.16,48.42,13.7465,7483300,0,1,ABT
2001-04-06,47.0048,47.29,46.35,47.28,13.4229,6498100,0,1,ABT
2001-04-05,46.45,47.1,46.12,47.1,13.3718,9010800,0,1,ABT
2001-04-04,44.5,45.65,43.43,45.43,12.8976,8713200,0,1,ABT
2001-04-03,46.25,46.89,44.13,44.92,12.7529,8578500,0,1,ABT
2001-04-02,46.75,47.5,45.63,46.4,13.173,5765900,0,1,ABT
2001-03-30,46.5,47.4,46.01,47.19,13.3973,6058100,0,1,ABT
2001-03-29,45.1,46.7779,45.06,46.5,13.2014,6967000,0,1,ABT
2001-03-28,44.3,45.91,44.3,45.53,12.926,6004100,0,1,ABT
2001-03-27,44.25,44.9985,44,44.78,12.7131,8135400,0,1,ABT
2001-03-26,44,44.6,43.62,44.25,12.5626,6727300,0,1,ABT
2001-03-23,42.6,44.02,42.25,43.48,12.344,7060800,0,1,ABT
2001-03-22,43.55,44,42.4,43.48,12.344,12100000,0,1,ABT
2001-03-21,44,44.6,43.7,44,12.4917,9007000,0,1,ABT
2001-03-20,44.8,44.8,43.2,43.3,12.2929,7943300,0,1,ABT
2001-03-19,44.05,45,44.01,44.75,12.7046,8216700,0,1,ABT
2001-03-16,45.25,45.5,44.09,45,12.7756,14248800,0,1,ABT
2001-03-15,46.28,46.5,45.35,46.28,13.139,8433000,0,1,ABT
2001-03-14,47.5,47.51,46.1,46.28,13.139,7801500,0,1,ABT
2001-03-13,47.1482,48.03,46.29,47.88,13.5932,6319700,0,1,ABT
2001-03-12,47.25,48.55,47.18,47.19,13.3973,4668600,0,1,ABT
2001-03-09,48.51,48.98,47.4,47.76,13.5591,6994700,0,1,ABT
2001-03-08,47.25,48.75,46.9,48.5,13.7692,6186700,0,1,ABT
2001-03-07,47.91,48.05,45.92,47.13,13.3803,7118100,0,1,ABT
2001-03-06,49.3,49.31,47.71,48.02,13.633,5575200,0,1,ABT
2001-03-05,49.6,49.63,48.52,48.97,13.9027,3525400,0,1,ABT
2001-03-02,49.75,49.9,48.66,49.68,14.1042,6294200,0,1,ABT
2001-03-01,48.9,49.99,48.5,49.83,14.1468,5607700,0,1,ABT
2001-02-28,48.84,49.8783,48.45,48.99,13.9083,7877000,0,1,ABT
2001-02-27,49.2,49.46,48,48.62,13.8033,7796300,0,1,ABT
2001-02-26,49.25,49.3,48.5493,49.2,13.968,4980400,0,1,ABT
2001-02-23,49.5,49.5,47.875,48.9,13.8828,5853800,0,1,ABT
2001-02-22,49.6,50.55,48.87,49.95,14.1809,8756100,0,1,ABT
2001-02-21,48.85,50,48.75,50,14.1951,7921000,0,1,ABT
2001-02-20,48.3,48.67,48.1,48.67,13.8175,5967000,0,1,ABT
2001-02-16,48.2983,48.5,47.26,48.5,13.7692,7297400,0,1,ABT
2001-02-15,47.65,47.95,46.39,47.95,13.6131,6862600,0,1,ABT
2001-02-14,47.91,47.99,47.27,47.41,13.4598,4028900,0,1,ABT
2001-02-13,48.5517,48.65,47.48,47.66,13.5307,10283000,0,1,ABT
2001-02-12,48.9,49.5,48.7,49.5,14.0531,9060000,0,1,ABT
2001-02-09,48.9,48.91,47.81,48.4,13.7408,7686700,0,1,ABT
2001-02-08,47.51,49.2,47.51,48.29,13.7096,8079800,0,1,ABT
2001-02-07,47.17,47.73,47.01,47.56,13.5024,6346800,0,1,ABT
2001-02-06,46.33,47.55,46.22,47.17,13.3916,8109600,0,1,ABT
2001-02-05,45.29,46.53,45.29,46.33,13.1532,5031400,0,1,ABT
2001-02-02,46,46.25,45.29,45.51,12.9204,4615800,0,1,ABT
2001-02-01,44.9,46,44.62,46,13.0595,4897600,0,1,ABT
2001-01-31,44.95,45.2,43.44,44.86,12.7358,6800500,0,1,ABT
2001-01-30,45.8495,45.94,44.56,45.05,12.7898,6004700,0,1,ABT
2001-01-29,46.95,47.2,45.4,45.45,12.9033,4866100,0,1,ABT
2001-01-26,45.875,46.8726,45.75,46.188,13.1127,7636900,0,1,ABT
2001-01-25,44.1203,46,43.938,45.625,12.953,10707500,0,1,ABT
2001-01-24,43.188,43.625,42.875,43.25,12.2787,12685400,0,1,ABT
2001-01-23,44.438,44.563,43.438,44,12.4917,8053300,0,1,ABT
2001-01-22,44.75,44.938,43.875,44.188,12.5449,5924300,0,1,ABT
2001-01-19,44.5,44.9989,44,44.063,12.5094,7406200,0,1,ABT
2001-01-18,45.0012,45.875,44.438,45.063,12.7933,8587100,0,1,ABT
2001-01-17,45,45.1915,43.563,44.25,12.5626,9598300,0,1,ABT
2001-01-16,43.5,45.75,43.5,45,12.7756,11165600,0,1,ABT
2001-01-12,42.438,43.875,42.188,43.563,12.3675,8935800,0,1,ABT
2001-01-11,42.813,43.563,42,42.063,11.9416,11252100,0,1,ABT
2001-01-10,43.688,44.375,42.438,42.563,12.0836,7409900,0.0853,1,ABT
2001-01-09,42.813,44.25,42.75,43.5,12.2958,8979300,0,1,ABT
2001-01-08,42.5,43.5,42.125,42.563,12.0308,10008700,0,1,ABT
2001-01-05,43.188,43.75,42.313,43,12.1544,16300100,0,1,ABT
2001-01-04,45.625,46.5,42.25,42.75,12.0838,31523900,0,1,ABT
2001-01-03,48.375,49.563,46.9354,47.063,13.3028,11035200,0,1,ABT
2001-01-02,48.125,49.125,48,48.125,13.6031,5243800,0,1,ABT
2000-12-29,48.438,48.938,47.875,48.438,13.6914,4274200,0,1,ABT
2000-12-28,48.625,49.3714,47.938,48.5,13.7091,5397400,0,1,ABT
2000-12-27,48.813,50.563,48.375,48.563,13.7267,5631500,0,1,ABT
2000-12-26,47,48.75,47.0028,48.188,13.6207,4104200,0,1,ABT
2000-12-22,48.188,48.25,46.688,47.375,13.3911,6362200,0,1,ABT
2000-12-21,48.75,49.875,48,48.125,13.6031,10996000,0,1,ABT
2000-12-20,50,50.313,48.063,48.813,13.7974,9590200,0,1,ABT
2000-12-19,49.063,50.7497,49.063,50.313,14.2214,15929900,0,1,ABT
2000-12-18,47.938,50,47.563,49.563,14.0094,17980600,0,1,ABT
2000-12-15,45.5,47.8755,45.438,46.813,13.2321,32598700,0,1,ABT
2000-12-14,50.375,50.875,47.75,48.125,13.6031,17118500,0,1,ABT
2000-12-13,50.688,52.813,50.563,51.813,14.6454,7000600,0,1,ABT
2000-12-12,50,50.813,49.875,50.188,14.1861,5803800,0,1,ABT
2000-12-11,49.938,50.688,49.563,50.063,14.1507,6178400,0,1,ABT
2000-12-08,51.063,51.063,49.063,49.688,14.0447,9332800,0,1,ABT
2000-12-07,50.563,51.938,50.5,51.063,14.4334,7605600,0,1,ABT
2000-12-06,53.5,54,50.438,51.188,14.4687,8500800,0,1,ABT
2000-12-05,54.6856,55.75,53.5,53.75,15.1931,8508700,0,1,ABT
2000-12-04,51.813,54.813,51.75,54.063,15.2814,6504500,0,1,ABT
2000-12-01,54.5,54.5,51.75,52.875,14.9457,8917400,0,1,ABT
2000-11-30,55.938,56.25,54.188,55.063,15.564,9759600,0,1,ABT
2000-11-29,55,55.875,54.938,55.75,15.7584,8108700,0,1,ABT
2000-11-28,53,55,52.75,54.75,15.4757,8919700,0,1,ABT
2000-11-27,52.9937,53.375,52.25,53,14.9811,5720900,0,1,ABT
2000-11-24,53.5,53.5,52.4981,53.063,14.9987,1738800,0,1,ABT
2000-11-22,52.875,53.813,52.438,53.563,15.1401,6461600,0,1,ABT
2000-11-21,52,54.125,52,53.875,15.2284,10132300,0,1,ABT
2000-11-20,52.625,53.125,52.125,52.688,14.8927,3495800,0,1,ABT
2000-11-17,52.875,53.188,51.4961,52.125,14.7337,5422600,0,1,ABT
2000-11-16,53.25,53.375,52.563,52.875,14.9457,4993900,0,1,ABT
2000-11-15,50.75,53.375,50.438,53.25,15.0517,7821300,0,1,ABT
2000-11-14,50.625,50.938,49.563,50.875,14.3804,7475600,0,1,ABT
2000-11-13,52.375,52.375,49.25,51.25,14.4864,8551200,0,1,ABT
2000-11-10,52,53.188,51.625,52.563,14.8574,5253600,0,1,ABT
2000-11-09,52.5,53.25,50.563,52.375,14.8044,7562500,0,1,ABT
2000-11-08,52.875,53.438,52.5,52.5,14.8397,7128800,0,1,ABT
2000-11-07,52.563,53.188,52,52.313,14.7867,6102300,0,1,ABT
2000-11-06,52.063,53.7512,51.563,52.625,14.8751,7863000,0,1,ABT
2000-11-03,53.5,53.875,52.063,52.75,14.9104,6692700,0,1,ABT
2000-11-02,52.5,53.813,51.813,53.5,15.1224,6259200,0,1,ABT
2000-11-01,51.7485,52.938,51.75,52.875,14.9457,5323000,0,1,ABT
2000-10-31,54,54.063,52.25,52.813,14.9281,10027700,0,1,ABT
2000-10-30,51.875,54,51.6222,54,15.2637,13404500,0,1,ABT
2000-10-27,50.3797,52.375,50.063,51.688,14.6101,8457400,0,1,ABT
2000-10-26,51.5,52.563,50.4341,51.063,14.4334,10172300,0,1,ABT
2000-10-25,49.875,51.625,49.688,51.438,14.5394,12992400,0,1,ABT
2000-10-24,49.5,50.188,48.313,49.25,13.9211,8267600,0,1,ABT
2000-10-23,49.062,50.5,48.688,49.313,13.9387,6998900,0,1,ABT
2000-10-20,48.1205,49,48.125,48.813,13.7974,6189000,0,1,ABT
2000-10-19,49.875,50,47.8144,48.75,13.7797,10662700,0,1,ABT
2000-10-18,51.5,52.75,50.8747,51,14.4157,13371100,0,1,ABT
2000-10-17,51.25,52.438,50.438,51.5,14.5571,11923700,0,1,ABT
2000-10-16,50.25,51.313,49.875,50.438,14.2567,13035400,0,1,ABT
2000-10-13,49.063,50.25,48.688,50.25,14.2037,11259400,0,1,ABT
2000-10-12,50.188,50.875,49.563,49.75,14.0624,14493700,0,1,ABT
2000-10-11,49.25,50.75,49.126,50.063,14.1507,12761700,0.0853,1,ABT
2000-10-10,46.75,49.625,46.6247,49.063,13.8144,13289900,0,1,ABT
2000-10-09,48.375,48.5,47.188,47.688,13.4272,3522700,0,1,ABT
2000-10-06,48.125,48.9419,47.313,47.938,13.4976,6205200,0,1,ABT
2000-10-05,47.5,48.625,47.5,47.625,13.4096,8633500,0,1,ABT
2000-10-04,48.25,48.375,47.25,47.375,13.3392,4902600,0,1,ABT
2000-10-03,47.813,48.375,47.438,48.25,13.5856,6516000,0,1,ABT
2000-10-02,47.938,48,47.313,47.938,13.4976,5670900,0,1,ABT
2000-09-29,46.5027,48,46.438,47.563,13.392,7122900,0,1,ABT
2000-09-28,46.25,47.25,46.125,46.688,13.1457,6895500,0,1,ABT
2000-09-27,46,46.875,45.438,46.75,13.1632,6418000,0,1,ABT
2000-09-26,47.25,47.625,45.75,46.5,13.0929,8163600,0,1,ABT
2000-09-25,48,48.25,47.625,48,13.5152,8692900,0,1,ABT
2000-09-22,47,48.5,46.625,48.5,13.656,13540000,0,1,ABT
2000-09-21,43.938,46.5,43.75,46,12.9521,10714600,0,1,ABT
2000-09-20,43.5,43.938,43.1245,43.938,12.3713,5205500,0,1,ABT
2000-09-19,43.813,43.938,43.0642,43.5,12.2482,8908900,0,1,ABT
2000-09-18,44.938,46.813,43.625,44.25,12.4593,16889100,0,1,ABT
2000-09-15,43.563,49,43.25,48,13.5152,8703400,0,1,ABT
2000-09-14,44,44.375,43.25,44,12.3889,6969100,0,1,ABT
2000-09-13,44.625,44.875,43.688,44.25,12.4593,4581900,0,1,ABT
2000-09-12,44.5,45,44.063,44.875,12.6353,4785700,0,1,ABT
2000-09-11,43.938,44.938,43.813,44.938,12.6529,5805500,0,1,ABT
2000-09-08,43.188,44.191,43,44.125,12.4241,5164600,0,1,ABT
2000-09-07,42.5,43.438,42.125,43.188,12.1602,3863400,0,1,ABT
2000-09-06,42.563,42.7505,41.75,42.375,11.9314,6097300,0,1,ABT
2000-09-05,42.813,42.938,42,42.688,12.0194,6076400,0,1,ABT
2000-09-01,44,44.375,43.25,43.25,12.1778,4006000,0,1,ABT
2000-08-31,44,44.998,43.375,43.77,12.3229,12143600,0,1,ABT
2000-08-30,42.625,43.75,42.438,43.063,12.125,7222800,0,1,ABT
2000-08-29,43,43,42.25,42.563,11.9842,5008900,0,1,ABT
2000-08-28,42.5,43.5,42,43.25,12.1778,8327200,0,1,ABT
2000-08-25,40.625,42.125,40.375,41.875,11.7906,4976200,0,1,ABT
2000-08-24,41.563,41.688,40.75,40.938,11.5266,4155000,0,1,ABT
2000-08-23,41.625,42,41.5,41.625,11.7202,4321300,0,1,ABT
2000-08-22,41.938,42.188,41.563,42.063,11.8434,5186300,0,1,ABT
2000-08-21,42.2505,42.25,41.125,41.813,11.773,9751700,0,1,ABT
2000-08-18,40.5598,40.813,39.625,40.188,11.3155,8320300,0,1,ABT
2000-08-17,41.188,41.191,40.563,40.938,11.5266,5817200,0,1,ABT
2000-08-16,40.875,41.188,40.563,40.813,11.4914,9283000,0,1,ABT
2000-08-15,39.875,40.813,39.75,40.188,11.3155,8844500,0,1,ABT
2000-08-14,40.313,40.406,39.75,40.188,11.3155,3638500,0,1,ABT
2000-08-11,40.938,41.313,40.563,40.934,11.5266,6395500,0,1,ABT
2000-08-10,39.313,40.813,39.313,40.563,11.4211,5376400,0,1,ABT
2000-08-09,40.0612,40.875,39.313,39.563,11.1395,6169200,0,1,ABT
2000-08-08,40.125,40.688,39.375,40.188,11.3155,10761500,0,1,ABT
2000-08-07,41.5,42,40,40.43,11.3859,9163600,0,1,ABT
2000-08-04,42.125,42.313,41.5,42,11.8258,7071000,0,1,ABT
2000-08-03,42.7492,42.938,42.375,42.938,12.0898,8417200,0,1,ABT
2000-08-02,42.125,42.75,41.375,42.75,12.037,11375900,0,1,ABT
2000-08-01,41.875,42.438,41.625,42.188,11.8786,8208400,0,1,ABT
2000-07-31,42,42.188,41.438,41.5,11.685,5687100,0,1,ABT
2000-07-28,39.813,42.125,39.75,41.5,11.685,5858200,0,1,ABT
2000-07-27,39.875,40.313,39.875,40,11.2627,3954900,0,1,ABT
2000-07-26,39.938,40.375,39.688,39.875,11.2275,5986800,0,1,ABT
2000-07-25,40.063,40.313,39.75,39.75,11.1923,5136900,0,1,ABT
2000-07-24,40,40.9386,40,40.75,11.4739,4500800,0,1,ABT
2000-07-21,41,41,40,40.375,11.3683,7121500,0,1,ABT
2000-07-20,41.375,41.688,40.625,41.125,11.5794,4544100,0,1,ABT
2000-07-19,42.063,42.375,41,41.125,11.5794,3729400,0,1,ABT
2000-07-18,42.688,43.375,41.375,41.938,11.8082,5274000,0,1,ABT
2000-07-17,41.563,42.938,41.563,42.5,11.9666,6334300,0,1,ABT
2000-07-14,43.625,43.688,41,42.5,11.9666,9511600,0,1,ABT
2000-07-13,45,45.0022,42.563,43.625,12.2834,9299200,0,1,ABT
2000-07-12,43,44.75,42.563,44.313,12.4769,11584800,0.0853,1,ABT
2000-07-11,42.938,43.125,42.563,43,12.0539,4906000,0,1,ABT
2000-07-10,43.438,43.625,42.3739,43,12.0539,6666300,0,1,ABT
2000-07-07,43.813,44.063,43,43.313,12.1415,6199400,0,1,ABT
2000-07-06,44.5,44.7482,43.375,43.813,12.2816,5738600,0,1,ABT
2000-07-05,44.438,45.188,44,44.563,12.4919,10513100,0,1,ABT
2000-07-03,44.125,44.813,43.625,44.313,12.4218,5157900,0,1,ABT
2000-06-30,41,44.688,40.625,44.563,12.4919,14397800,0,1,ABT
2000-06-29,43.1887,43.688,41.875,41.875,11.7385,9090200,0,1,ABT
2000-06-28,41.875,43.063,41.75,42.535,11.9225,7026800,0,1,ABT
2000-06-27,40.938,42.5,40.813,41.563,11.6509,6441000,0,1,ABT
2000-06-26,40.375,42.5,40.125,41.063,11.5108,5800100,0,1,ABT
2000-06-23,41,41.125,40.063,40.438,11.3355,5284400,0,1,ABT
2000-06-22,41.063,41.375,40.563,40.813,11.4407,5972000,0,1,ABT
2000-06-21,41.813,42.063,41.5,41.563,11.6509,4258400,0,1,ABT
2000-06-20,42.188,42.188,41.375,41.813,11.721,4432000,0,1,ABT
2000-06-19,42.5624,43,42.063,42.563,11.9312,4127100,0,1,ABT
2000-06-16,42.875,42.938,42.375,42.438,11.8962,6136900,0,1,ABT
2000-06-15,42.063,43.063,41.875,42.875,12.0188,5519100,0,1,ABT
2000-06-14,41.375,42.125,41.313,42,11.7736,4600000,0,1,ABT
2000-06-13,40.188,41.5,40.188,41.063,11.5108,3572300,0,1,ABT
2000-06-12,40.875,41.5,40.313,40.313,11.3005,2758400,0,1,ABT
2000-06-09,40.75,41.75,40.4994,40.813,11.4407,3290100,0,1,ABT
2000-06-08,40.938,41,40,40.625,11.3881,3801500,0,1,ABT
2000-06-07,40.063,40.688,40.063,40.188,11.2655,3213800,0,1,ABT
2000-06-06,39.188,40.5,38.813,40.188,11.2655,3894500,0,1,ABT
2000-06-05,38.875,40.188,38.875,39.75,11.1428,5274900,0,1,ABT
2000-06-02,41.125,41.188,38.938,39.125,10.9676,8030200,0,1,ABT
2000-06-01,40.75,41.688,40.375,40.875,11.4582,4444300,0,1,ABT
2000-05-31,41.438,41.5,40.438,40.688,11.4056,4422400,0,1,ABT
2000-05-30,41.688,41.75,40.626,41.125,11.5283,4096900,0,1,ABT
2000-05-26,42.75,43,41.375,41.688,11.686,4614400,0,1,ABT
2000-05-25,42.8116,43.25,42.5,42.75,11.9838,6554300,0,1,ABT
2000-05-24,42.938,44,42.625,43.465,12.1853,11233400,0,1,ABT
2000-05-23,42.75,42.938,42.25,42.75,11.9838,7282400,0,1,ABT
2000-05-22,41.625,42.8144,41.563,42.75,11.9838,12208400,0,1,ABT
2000-05-19,40.313,41.875,40.125,41.563,11.6509,12146300,0,1,ABT
2000-05-18,39,40.688,38.875,40.563,11.3706,14290900,0,1,ABT
2000-05-17,38.375,39.188,38.25,38.563,10.8099,5120800,0,1,ABT
2000-05-16,38.938,39,38.25,38.625,10.8275,5328800,0,1,ABT
2000-05-15,37.4373,39.188,37.375,38.938,10.9151,10544600,0,1,ABT
2000-05-12,37.438,37.5,36.75,37,10.3719,6130800,0,1,ABT
2000-05-11,38.875,38.875,37.688,37.813,10.5997,6419100,0,1,ABT
2000-05-10,38.25,38.875,38,38.563,10.8099,6806700,0,1,ABT
2000-05-09,38.188,39,38.1884,39,10.9326,4383400,0,1,ABT
2000-05-08,38,38.813,37.563,38.813,10.88,4218600,0,1,ABT
2000-05-05,37,37.938,36.813,37.938,10.6347,6311700,0,1,ABT
2000-05-04,37.3761,37.688,36.813,37.25,10.442,5276500,0,1,ABT
2000-05-03,37.938,38.25,37.125,37.625,10.5471,7554800,0,1,ABT
2000-05-02,37.6261,38.375,36.75,38.188,10.7048,8389700,0,1,ABT
2000-05-01,38.125,38.188,37.313,38.063,10.6698,8625200,0,1,ABT
2000-04-28,38.75,38.75,37.688,38.438,10.7749,6870100,0,1,ABT
2000-04-27,38.5,39.063,38.313,39,10.9326,8515600,0,1,ABT
2000-04-26,38.563,39,38.438,39,10.9326,4376100,0,1,ABT
2000-04-25,40.0011,40.125,39,39.75,11.1428,5514700,0,1,ABT
2000-04-24,38.75,40.25,38.6291,40.063,11.2304,9178800,0,1,ABT
2000-04-20,38.563,39.3737,38.25,39.25,11.0027,6094800,0,1,ABT
2000-04-19,38.438,38.813,37.688,38.375,10.7574,6056800,0,1,ABT
2000-04-18,37.688,38.625,37.125,38.188,10.7048,6324500,0,1,ABT
2000-04-17,37,37.875,36.563,37.688,10.5647,7666900,0,1,ABT
2000-04-14,38.813,39,36.5,36.813,10.3194,11353400,0,1,ABT
2000-04-13,39.25,39.875,38.563,39.188,10.9851,8913900,0,1,ABT
2000-04-12,38.75,40.063,38.25,39.625,11.1078,15842200,0.0853,1,ABT
2000-04-11,36.938,38.5,36.938,38.063,10.6165,8703800,0,1,ABT
2000-04-10,36.25,38,35.563,37.063,10.3376,11166100,0,1,ABT
2000-04-07,37.813,38,36.438,36.625,10.2156,6845100,0,1,ABT
2000-04-06,37.125,38.5,37.125,37.813,10.5468,7079400,0,1,ABT
2000-04-05,38.625,38.6891,37,37.125,10.355,8360700,0,1,ABT
2000-04-04,37.188,39.75,36.938,39.438,11,15373200,0,1,ABT
2000-04-03,35.563,37.375,35.375,37,10.3202,9708000,0,1,ABT
2000-03-31,35.5021,35.938,34.438,35.188,9.8146,7390100,0,1,ABT
2000-03-30,35.375,36,34.75,35.5,9.9018,10572500,0,1,ABT
2000-03-29,34.1271,35.5,33.938,34.875,9.7275,11370100,0,1,ABT
2000-03-28,33.063,34,32.563,33.875,9.4485,10095200,0,1,ABT
2000-03-27,33.5,33.875,33.125,33.25,9.2742,7046800,0,1,ABT
2000-03-24,33.875,34.125,33.5,33.625,9.3788,6335300,0,1,ABT
2000-03-23,34.25,34.313,33.502,33.813,9.4311,6320300,0,1,ABT
2000-03-22,33.5,34.438,33.438,34.313,9.5706,5635600,0,1,ABT
2000-03-21,34.375,34.438,32.9399,33.688,9.3962,8819200,0,1,ABT
2000-03-20,34.25,34.438,33.5,33.875,9.4485,5535000,0,1,ABT
2000-03-17,34.5,34.875,33.3757,33.5,9.3439,8273400,0,1,ABT
2000-03-16,33.5,34.875,33.25,34.5,9.6229,12571200,0,1,ABT
2000-03-15,30.938,32.875,30.6225,32.5,9.065,9056800,0,1,ABT
2000-03-14,30.875,31.438,30.75,31.125,8.6815,8679000,0,1,ABT
2000-03-13,30,30.688,29.875,30.563,8.5246,7070400,0,1,ABT
2000-03-10,31.438,31.938,30.5,30.938,8.6292,8180200,0,1,ABT
2000-03-09,30.25,31.438,30.063,31.25,8.7164,11917600,0,1,ABT
2000-03-08,30.125,31.438,30.063,31,8.6466,16825900,0,1,ABT
2000-03-07,31.188,31.25,29.5,29.625,8.2631,15393700,0,1,ABT
2000-03-06,32.188,32.188,31,31.25,8.7164,9772800,0,1,ABT
2000-03-03,32.75,33.125,31.875,32.438,9.0476,11829500,0,1,ABT
2000-03-02,33.813,33.938,32.938,33.5,9.3439,7037700,0,1,ABT
2000-03-01,33.125,34,32.75,33.813,9.4311,8537000,0,1,ABT
2000-02-29,33.125,33.563,32.625,33,9.2045,8257800,0,1,ABT
2000-02-28,33.5,33.688,32.625,33.125,9.2393,9246300,0,1,ABT
2000-02-25,31.875,32.75,31.75,32.063,8.943,9544800,0,1,ABT
2000-02-24,32.25,32.563,31,31.75,8.8558,7740500,0,1,ABT
2000-02-23,32.375,33,31.813,32.125,8.9604,8071400,0,1,ABT
2000-02-22,33.438,33.5015,32.813,33.375,9.3091,8656100,0,1,ABT
2000-02-18,34,34.4366,32.375,32.625,9.0999,9892600,0,1,ABT
2000-02-17,34.938,35.25,34.125,34.25,9.5531,9944300,0,1,ABT
2000-02-16,34.75,35.125,34.563,34.688,9.6752,5104000,0,1,ABT
2000-02-15,35.188,35.375,34.563,35.125,9.7972,8322400,0,1,ABT
2000-02-14,34.75,35.188,34.375,35.063,9.7797,6156500,0,1,ABT
2000-02-11,35.188,35.188,34,34,9.4834,6960800,0,1,ABT
2000-02-10,36,36,34.688,35.125,9.7972,14272400,0,1,ABT
2000-02-09,34.688,36.5,34.563,36.063,10.0587,14133800,0,1,ABT
2000-02-08,34.188,34.5,33.5,34.125,9.5183,10834000,0,1,ABT
2000-02-07,34.5,34.563,33.375,33.813,9.4311,5931600,0,1,ABT
2000-02-04,33.813,35.063,33.813,34.438,9.6054,13315300,0,1,ABT
2000-02-03,33,33.438,32.938,33.25,9.2742,8176100,0,1,ABT
2000-02-02,32.75,33.25,32.7473,33.063,9.2219,10301700,0,1,ABT
2000-02-01,32.375,32.875,31.875,32.875,9.1696,8050600,0,1,ABT
2000-01-31,31.875,32.875,30.938,32.563,9.0824,11452000,0,1,ABT
2000-01-28,31.188,32.188,31.063,31.875,8.8907,13831100,0,1,ABT
2000-01-27,29.75,31.188,29.625,30.813,8.5943,16105600,0,1,ABT
2000-01-26,29.813,30,29.438,29.688,8.2805,14037300,0,1,ABT
2000-01-25,30,30.563,29.375,29.625,8.2631,22725300,0,1,ABT
2000-01-24,30.625,30.875,30,30,8.3677,20606500,0,1,ABT
2000-01-21,31.5,31.625,30.75,31.188,8.6989,18903500,0,1,ABT
2000-01-20,32.688,32.875,31.6869,32.055,8.943,15429100,0,1,ABT
2000-01-19,32.875,33.438,32.875,33.063,9.2219,16849700,0,1,ABT
2000-01-18,33.813,34.5,33.1232,33.75,9.4137,11348600,0,1,ABT
2000-01-14,34.5,34.625,34,34.5,9.6229,11217500,0,1,ABT
2000-01-13,34.063,34.375,33.6895,33.75,9.4137,10615800,0,1,ABT
2000-01-12,34.813,35,34,34.063,9.5008,8329900,0.0763,1,ABT
2000-01-11,34.375,35.188,34.375,34.75,9.6452,9533100,0,1,ABT
2000-01-10,36,36.063,34.8746,35.25,9.784,10442000,0,1,ABT
2000-01-07,34.5,36.25,34.5,35.5,9.8533,15755900,0,1,ABT
2000-01-06,34,35.25,33.813,35.125,9.7493,17479500,0,1,ABT
2000-01-05,33.563,34.313,33.5636,33.938,9.4197,11722500,0,1,ABT
2000-01-04,34.438,34.75,33.75,34,9.437,10734600,0,1,ABT
2000-01-03,35.25,36,34.7489,35,9.7146,10635000,0,1,ABT
1999-12-31,36.438,36.5,36.125,36.313,10.0789,3136500,0,1,ABT
1999-12-30,36.5,36.813,36.375,36.688,10.1829,5523900,0,1,ABT
1999-12-29,37.25,37.25,36.25,36.375,10.0962,6532300,0,1,ABT
1999-12-28,37.313,37.438,36.875,37.063,10.287,6123500,0,1,ABT
1999-12-27,37,37.188,36.688,37.188,10.3217,9950600,0,1,ABT
1999-12-23,37.125,37.5019,36.813,37.063,10.287,11832600,0,1,ABT
1999-12-22,37.438,37.75,37.063,37.5,10.4085,10555000,0,1,ABT
1999-12-21,37.438,38,37.375,37.688,10.4605,12308000,0,1,ABT
1999-12-20,37,37.75,36.875,37.453,10.3954,14983900,0,1,ABT
1999-12-17,39.875,40.061,37,37.25,10.3391,51505800,0,1,ABT
1999-12-16,35.375,41,34.75,39.5,10.9636,20261900,0,1,ABT
1999-12-15,33.375,35.188,33.375,35.188,9.7666,13586400,0,1,ABT
1999-12-14,33,34.25,33,33.313,9.2462,12154800,0,1,ABT
1999-12-13,34.625,35.063,33.438,33.934,9.4197,10005800,0,1,ABT
1999-12-10,35.375,35.75,34.875,34.875,9.6799,7879300,0,1,ABT
1999-12-09,35.125,35.5,34.125,35.188,9.7666,14603700,0,1,ABT
1999-12-08,36,36.1888,35.063,35.551,9.8664,8539500,0,1,ABT
1999-12-07,36.563,36.625,35.6875,35.813,9.9401,11989100,0,1,ABT
1999-12-06,37.125,37.313,36,36.375,10.0962,8812600,0,1,ABT
1999-12-03,37.938,38.375,37.25,37.438,10.3911,6611900,0,1,ABT
1999-12-02,37.688,37.875,37.25,37.574,10.4301,5763000,0,1,ABT
1999-12-01,38,38.188,37,37.438,10.3911,8490600,0,1,ABT
1999-11-30,38,38.875,37.625,38,10.5472,9266700,0,1,ABT
1999-11-29,37.688,38.875,37.563,38.875,10.7901,8969500,0,1,ABT
1999-11-26,38,38.313,37.813,38,10.5472,3066600,0,1,ABT
1999-11-24,38.188,39,37.938,38.5,10.686,6721500,0,1,ABT
1999-11-23,38.438,38.5598,37.375,37.934,10.5299,9020200,0,1,ABT
1999-11-22,38,38.938,37.875,38.875,10.7901,13446400,0,1,ABT
1999-11-19,37.938,38,37.5,37.5,10.4085,9158600,0,1,ABT
1999-11-18,38.5,38.563,37.313,38,10.5472,14108100,0,1,ABT
1999-11-17,37.813,38.063,36.875,37.313,10.3564,11573100,0,1,ABT
1999-11-16,37.375,38.125,37.25,37.938,10.5299,16435300,0,1,ABT
1999-11-15,36.438,37.188,36.375,36.625,10.1656,13534800,0,1,ABT
1999-11-12,36.5,36.875,36.125,36.438,10.1136,13167300,0,1,ABT
1999-11-11,38.125,38.25,36.5,36.5,10.1309,29938300,0,1,ABT
1999-11-10,36.688,37.188,36.563,37,10.2697,7764200,0,1,ABT
1999-11-09,39,39,36.75,37,10.2697,11980600,0,1,ABT
1999-11-08,38.563,38.875,38.438,38.875,10.7901,9546200,0,1,ABT
1999-11-05,37.875,38.875,37.875,38.438,10.6687,13604600,0,1,ABT
1999-11-04,37.438,38.25,37,37.875,10.5125,15124600,0,1,ABT
1999-11-03,37.75,38.25,36.813,36.813,10.2176,19538700,0,1,ABT
1999-11-02,39.063,39.625,37.5615,38,10.5472,22183400,0,1,ABT
1999-11-01,40.5,41.125,40,40.313,11.1891,8656500,0,1,ABT
